"Samples","c1_1","c1_1000","c1_10000","c1_10001","c1_10011","c1_10012","c1_10031","c1_10042","c1_10050","c1_10054","c1_10069","c1_10109","c1_10130","c1_10168","c1_10178","c1_10179","c1_10180","c1_10181","c1_1019","c1_10196","c1_1020","c1_10202","c1_1023","c1_10252","c1_10253","c1_10255","c1_10269","c1_10270","c1_1029","c1_10295","c1_10297","c1_10351","c1_10354","c1_10358","c1_10369","c1_10384","c1_10390","c1_10391","c1_10397","c1_10425","c1_10435","c1_10457","c1_10461","c1_10467","c1_10479","c1_10491","c1_10492","c1_10493","c1_10494","c1_10496","c1_10510","c1_10514","c1_10519","c1_1053","c1_10555","c1_10560","c1_10579","c1_1059","c1_10590","c1_10593","c1_10607","c1_10668","c1_10669","c1_10670","c1_10678","c1_10679","c1_10712","c1_10713","c1_10714","c1_10715","c1_10725","c1_10737","c1_10738","c1_1074","c1_10743","c1_10750","c1_10751","c1_10762","c1_108","c1_10825","c1_10836","c1_10855","c1_10873","c1_10879","c1_10900","c1_10901","c1_10915","c1_10924","c1_1093","c1_10930","c1_10932","c1_10934","c1_10935","c1_10938","c1_10939","c1_10941","c1_10958","c1_11008","c1_11013","c1_11025","c1_11030","c1_11066","c1_1107","c1_11076","c1_11078","c1_11092","c1_11100","c1_11117","c1_11122","c1_11124","c1_11137","c1_11144","c1_1116","c1_11196","c1_11202","c1_11211","c1_11237","c1_11242","c1_11247","c1_11259","c1_11265","c1_1127","c1_11275","c1_11276","c1_11288","c1_11290","c1_11308","c1_11319","c1_11339","c1_11344","c1_11350","c1_11356","c1_11363","c1_11365","c1_11391","c1_11418","c1_11442","c1_11458","c1_11459","c1_11475","c1_11479","c1_11485","c1_11491","c1_11494","c1_11495","c1_11498","c1_11499","c1_11502","c1_11509","c1_11525","c1_11534","c1_11535","c1_11544","c1_11552","c1_11554","c1_11556","c1_11559","c1_11562","c1_11581","c1_11596","c1_11613","c1_11626","c1_11639","c1_11644","c1_11667","c1_11668","c1_11670","c1_11707","c1_11709","c1_11710","c1_11719","c1_11722","c1_11725","c1_11730","c1_11769","c1_11777","c1_11802","c1_11804","c1_11806","c1_11815","c1_11840","c1_11853","c1_11866","c1_11868","c1_11870","c1_11898","c1_11900","c1_11907","c1_11920","c1_11935","c1_11948","c1_11953","c1_11955","c1_11979","c1_11985","c1_11991","c1_11996","c1_11997","c1_11998","c1_11999","c1_12003","c1_12008","c1_12014","c1_12015","c1_12027","c1_12051","c1_12078","c1_12106","c1_12108","c1_12114","c1_12118","c1_12131","c1_12152","c1_12159","c1_1216","c1_12160","c1_12162","c1_12166","c1_12169","c1_12178","c1_12179","c1_1219","c1_12220","c1_12234","c1_12236","c1_12251","c1_12257","c1_12264","c1_12305","c1_12320","c1_12329","c1_12339","c1_12345","c1_12354","c1_12373","c1_12377","c1_12381","c1_12386","c1_12406","c1_12409","c1_12414","c1_12419","c1_12420","c1_12424","c1_12440","c1_12444","c1_12445","c1_1249","c1_1250","c1_12508","c1_12509","c1_12564","c1_12584","c1_12588","c1_12597","c1_12691","c1_12702","c1_1271","c1_12745","c1_12751","c1_12771","c1_12786","c1_12797","c1_12798","c1_12802","c1_12821","c1_12825","c1_12835","c1_12858","c1_12877","c1_12895","c1_12896","c1_12899","c1_12912","c1_12922","c1_12926","c1_12938","c1_12945","c1_12966","c1_12976","c1_12981","c1_13006","c1_1304","c1_13043","c1_13052","c1_13066","c1_13068","c1_13077","c1_13085","c1_13116","c1_13124","c1_13125","c1_13135","c1_13172","c1_1318","c1_13186","c1_13189","c1_13229","c1_1323","c1_13230","c1_13233","c1_13236","c1_13240","c1_13243","c1_13246","c1_13268","c1_13289","c1_13293","c1_13304","c1_1331","c1_13349","c1_13378","c1_13385","c1_1341","c1_13422","c1_13429","c1_13430","c1_13459","c1_13465","c1_13481","c1_13482","c1_13483","c1_13506","c1_13515","c1_13524","c1_13526","c1_13586","c1_13612","c1_13626","c1_13638","c1_13641","c1_13651","c1_13652","c1_13658","c1_13663","c1_13683","c1_13686","c1_13697","c1_13754","c1_13762","c1_13767","c1_13769","c1_13785","c1_13805","c1_13809","c1_13843","c1_13847","c1_13859","c1_1386","c1_13860","c1_13863","c1_13871","c1_13883","c1_13886","c1_13887","c1_13910","c1_13911","c1_13920","c1_13923","c1_13929","c1_13941","c1_13951","c1_13962","c1_13996","c1_14038","c1_14044","c1_14048","c1_14053","c1_14083","c1_14084","c1_14086","c1_14089","c1_14108","c1_14174","c1_14197","c1_1420","c1_14211","c1_14213","c1_14249","c1_1425","c1_14259","c1_14271","c1_14280","c1_14281","c1_14293","c1_14314","c1_14316","c1_14370","c1_14371","c1_14392","c1_14394","c1_14396","c1_14397","c1_14402","c1_14419","c1_14423","c1_14442","c1_14476","c1_14531","c1_14542","c1_1455","c1_14569","c1_14588","c1_14613","c1_14614","c1_14633","c1_14641","c1_14643","c1_14644","c1_14645","c1_14663","c1_14664","c1_14668","c1_14669","c1_14674","c1_14676","c1_1468","c1_14683","c1_14684","c1_1470","c1_14700","c1_14763","c1_14767","c1_14770","c1_14800","c1_14801","c1_1481","c1_14813","c1_14839","c1_14840","c1_14841","c1_14870","c1_14880","c1_14959","c1_14973","c1_14975","c1_14992","c1_15006","c1_15012","c1_15031","c1_1504","c1_15041","c1_15043","c1_15044","c1_15045","c1_15046","c1_15048","c1_15061","c1_15062","c1_15085","c1_151","c1_15106","c1_1512","c1_15123","c1_15175","c1_15178","c1_15189","c1_15191","c1_15192","c1_15204","c1_15218","c1_15219","c1_15225","c1_15233","c1_15241","c1_15249","c1_15260","c1_15298","c1_15333","c1_15343","c1_1535","c1_1536","c1_15371","c1_15374","c1_1539","c1_15404","c1_15416","c1_15451","c1_15466","c1_15470","c1_15481","c1_15484","c1_15485","c1_1551","c1_15513","c1_15521","c1_15530","c1_15536","c1_15547","c1_15579","c1_15580","c1_15594","c1_156","c1_15612","c1_15614","c1_15638","c1_15641","c1_15642","c1_15655","c1_15657","c1_15658","c1_15684","c1_15689","c1_15692","c1_15694","c1_15700","c1_15717","c1_15726","c1_15739","c1_15755","c1_15760","c1_15782","c1_15783","c1_15811","c1_15829","c1_15839","c1_15843","c1_15853","c1_15855","c1_15858","c1_15864","c1_15872","c1_15873","c1_15909","c1_1591","c1_15911","c1_15914","c1_15925","c1_15926","c1_15962","c1_15965","c1_15973","c1_15975","c1_15982","c1_15983","c1_16021","c1_16071","c1_16079","c1_16080","c1_16094","c1_16106","c1_16111","c1_16127","c1_16129","c1_16141","c1_16148","c1_16171","c1_16172","c1_16178","c1_16191","c1_16193","c1_16194","c1_16195","c1_16212","c1_16221","c1_16222","c1_16223","c1_16224","c1_16225","c1_16227","c1_16234","c1_16250","c1_16258","c1_16261","c1_16286","c1_16299","c1_16301","c1_16325","c1_16351","c1_1638","c1_16381","c1_16382","c1_16406","c1_16413","c1_16414","c1_16425","c1_16435","c1_16450","c1_16459","c1_16470","c1_16472","c1_16495","c1_16496","c1_16513","c1_16514","c1_16515","c1_16526","c1_16534","c1_16535","c1_16540","c1_16542","c1_16555","c1_16585","c1_16621","c1_16643","c1_16651","c1_16653","c1_16656","c1_16679","c1_16690","c1_16695","c1_16696","c1_167","c1_16708","c1_16726","c1_16727","c1_1683","c1_1684","c1_171","c1_1737","c1_1770","c1_1774","c1_1778","c1_1779","c1_1780","c1_1781","c1_1784","c1_1802","c1_1847","c1_1874","c1_1875","c1_1881","c1_1908","c1_1914","c1_1923","c1_1959","c1_197","c1_1985","c1_200","c1_2009","c1_2038","c1_2060","c1_2065","c1_2071","c1_2082","c1_2086","c1_2090","c1_2091","c1_211","c1_2112","c1_2116","c1_2124","c1_2126","c1_2139","c1_216","c1_2162","c1_2180","c1_2181","c1_2203","c1_2212","c1_2228","c1_2280","c1_2314","c1_2319","c1_233","c1_2331","c1_2333","c1_2350","c1_2352","c1_2358","c1_2366","c1_239","c1_2398","c1_2404","c1_2405","c1_2417","c1_2458","c1_2459","c1_2484","c1_2519","c1_2520","c1_2531","c1_2574","c1_2587","c1_26","c1_2630","c1_2632","c1_2640","c1_2641","c1_2652","c1_2653","c1_2655","c1_2656","c1_2657","c1_2658","c1_2660","c1_2661","c1_2673","c1_2681","c1_2686","c1_2687","c1_2690","c1_2718","c1_2727","c1_274","c1_2778","c1_2780","c1_2786","c1_2790","c1_2793","c1_2796","c1_289","c1_2944","c1_2953","c1_2978","c1_2979","c1_3011","c1_3012","c1_3049","c1_305","c1_3051","c1_3052","c1_3060","c1_3063","c1_307","c1_3074","c1_3081","c1_3098","c1_3118","c1_3125","c1_3126","c1_3130","c1_3141","c1_3144","c1_3147","c1_3159","c1_3163","c1_3166","c1_3199","c1_3221","c1_3227","c1_3234","c1_3241","c1_3255","c1_3273","c1_3275","c1_329","c1_3310","c1_3316","c1_3319","c1_3346","c1_3347","c1_335","c1_3375","c1_3392","c1_3393","c1_3450","c1_3458","c1_3461","c1_3462","c1_3476","c1_3478","c1_3484","c1_3494","c1_3495","c1_3497","c1_3499","c1_3514","c1_3525","c1_3544","c1_3545","c1_3553","c1_357","c1_3596","c1_3597","c1_3598","c1_36","c1_3608","c1_3612","c1_3613","c1_3616","c1_3638","c1_3639","c1_3647","c1_3663","c1_3687","c1_3691","c1_3693","c1_3694","c1_3696","c1_3740","c1_3746","c1_3747","c1_3750","c1_378","c1_3793","c1_38","c1_3844","c1_3848","c1_3850","c1_3851","c1_3852","c1_3853","c1_3854","c1_3867","c1_3868","c1_3894","c1_3895","c1_398","c1_3992","c1_3996","c1_4000","c1_4029","c1_403","c1_4044","c1_4076","c1_4077","c1_4078","c1_4083","c1_4084","c1_4085","c1_4086","c1_4087","c1_4088","c1_4089","c1_4090","c1_4091","c1_4109","c1_4140","c1_4162","c1_4171","c1_4172","c1_4175","c1_4178","c1_4180","c1_4192","c1_4206","c1_4213","c1_4222","c1_4228","c1_4231","c1_4237","c1_4238","c1_4243","c1_4248","c1_4271","c1_4282","c1_4319","c1_432","c1_4347","c1_4359","c1_4371","c1_4376","c1_4378","c1_4415","c1_4444","c1_4454","c1_4455","c1_4464","c1_4486","c1_449","c1_450","c1_4502","c1_4509","c1_456","c1_4576","c1_4579","c1_4595","c1_4604","c1_4617","c1_4622","c1_465","c1_4666","c1_4680","c1_4695","c1_4706","c1_4744","c1_4745","c1_4748","c1_4757","c1_476","c1_4763","c1_4775","c1_4776","c1_4777","c1_4778","c1_4779","c1_4781","c1_4782","c1_4784","c1_4789","c1_4792","c1_4794","c1_4796","c1_4799","c1_4803","c1_4814","c1_482","c1_4822","c1_4823","c1_4824","c1_483","c1_4847","c1_4850","c1_4859","c1_4860","c1_4862","c1_4873","c1_4881","c1_4885","c1_4925","c1_4926","c1_4942","c1_4947","c1_4949","c1_4989","c1_500","c1_5010","c1_5029","c1_5058","c1_5088","c1_5091","c1_5100","c1_5112","c1_5113","c1_5115","c1_512","c1_5126","c1_513","c1_5137","c1_5145","c1_5150","c1_516","c1_5209","c1_5254","c1_526","c1_5267","c1_5281","c1_5286","c1_5287","c1_5295","c1_5346","c1_5365","c1_5388","c1_5400","c1_5410","c1_5411","c1_5412","c1_5458","c1_5468","c1_5477","c1_5483","c1_5499","c1_5546","c1_5560","c1_5566","c1_5567","c1_5578","c1_5580","c1_5587","c1_5598","c1_5653","c1_5656","c1_5707","c1_5710","c1_5713","c1_5716","c1_573","c1_5732","c1_5739","c1_5750","c1_5759","c1_5766","c1_5794","c1_5796","c1_58","c1_5812","c1_5836","c1_5837","c1_5871","c1_5881","c1_5895","c1_590","c1_5908","c1_5909","c1_5920","c1_5922","c1_5924","c1_5931","c1_5936","c1_594","c1_5940","c1_5951","c1_5955","c1_5959","c1_5965","c1_5968","c1_5995","c1_5996","c1_6004","c1_6006","c1_601","c1_6040","c1_6046","c1_6068","c1_607","c1_6077","c1_6083","c1_6087","c1_6108"
15061577,4,1,0,4,0,4,2,4,3,0,0,1,0,0,3,2,4,4,0,4,3,0,4,0,0,4,4,0,1,0,0,4,0,0,4,3,4,3,0,4,2,0,4,4,3,4,4,0,3,0,0,4,0,4,4,4,3,4,4,0,4,1,1,3,4,0,0,4,4,1,1,4,0,2,4,4,4,2,4,3,3,1,0,2,0,0,1,4,2,4,0,4,0,0,0,4,0,4,0,0,0,4,0,4,4,4,4,4,4,1,1,2,4,0,4,2,3,2,4,0,4,4,4,0,3,2,1,1,0,3,4,2,3,1,1,4,0,2,4,4,0,4,3,4,0,4,4,4,0,1,1,4,0,4,0,0,4,0,4,4,3,3,0,1,0,0,2,0,0,0,3,3,3,4,4,0,0,0,4,4,4,1,4,4,4,0,4,1,1,1,4,0,4,1,0,2,1,0,0,0,4,0,4,1,4,4,4,1,4,0,1,4,4,4,0,0,0,1,4,3,3,0,4,3,1,3,2,1,2,4,3,4,4,4,2,2,4,3,2,1,0,4,4,4,4,0,0,0,4,4,0,4,0,0,4,4,3,3,4,0,3,4,1,3,2,0,0,4,4,3,4,0,4,4,4,1,4,3,4,0,4,2,0,1,4,4,1,0,2,3,4,0,0,4,2,0,0,2,2,1,4,2,4,3,0,0,4,4,0,0,3,3,0,0,4,4,0,0,0,4,2,4,4,3,0,1,4,0,4,0,4,4,4,0,3,2,1,4,0,4,4,4,4,0,0,0,4,4,0,4,4,4,4,3,4,4,4,4,0,0,0,4,0,0,0,1,0,0,1,0,0,1,2,1,0,0,0,3,4,0,4,1,4,0,0,0,0,0,4,4,3,0,3,0,0,4,2,0,0,2,0,4,4,1,1,3,0,0,4,4,0,3,4,1,0,4,4,2,0,4,0,0,4,3,4,0,4,4,3,0,4,4,4,1,4,4,2,4,2,4,0,4,4,1,1,0,3,4,4,4,0,0,3,1,1,1,1,4,0,1,3,1,1,0,2,4,1,4,2,4,4,4,2,0,4,4,2,1,4,1,4,4,2,4,3,3,4,4,2,2,2,4,4,2,0,0,3,1,4,4,0,4,3,4,4,0,0,0,0,4,4,4,0,0,0,0,4,0,4,4,4,2,0,3,4,2,3,4,1,4,3,3,4,1,3,4,1,2,4,4,1,4,3,0,4,1,0,3,3,1,4,1,0,1,0,4,0,0,4,4,0,4,2,4,4,4,4,0,1,4,0,4,3,3,3,4,3,4,1,2,3,2,4,1,0,0,0,2,4,0,4,4,4,4,4,0,4,4,3,0,4,0,1,4,3,4,3,4,4,4,4,0,4,4,4,4,0,3,2,3,4,0,0,0,1,4,0,3,4,0,0,0,3,4,4,4,4,4,0,0,4,0,1,3,1,4,4,4,4,1,3,2,0,2,4,4,1,0,0,0,2,4,4,2,1,4,3,0,0,4,4,2,0,0,4,0,3,4,4,4,4,0,0,4,0,4,0,4,2,3,4,4,4,2,0,4,4,0,4,4,4,3,3,4,0,0,2,2,4,1,0,2,4,4,4,3,0,3,4,4,0,0,4,0,0,3,3,1,0,2,2,0,4,4,0,4,2,4,3,3,4,0,0,4,1,2,0,0,4,0,0,2,3,4,1,3,0,1,0,0,2,4,3,0,2,4,4,4,4,2,0,4,4,0,0,1,0,0,4,0,2,4,4,0,0,3,4,2,2,0,2,1,4,4,1,4,2,1,3,1,4,3,4,4,4,0,4,2,0,3,4,4,0,4,0,1,3,3,3,4,3,4,0,4,2,2,3,4,4,0,4,1,3,2,0,3,0,1,3,2,4,0,4,4,3,0,1,4,3,4,2,2,0,3,4,3,4,4,3,1,2,0,4,4,1,2,3,0,1,2,0,1,4,0,4,4,0,4,4,0,4,4,4,1,2,3,4,0,3,4,4,4,2,4,4,4,4,4,2,0,2,4,3,1,3,4,0,4,4,0,4,0,4,2,0,0,0,4,3,4,4,2,0,3,2,1,4,4,3,2,1,3,4,3,3,4,2,4,0,4,4,2,3,3,2,3,3,2,1,1,1,2,3,1,1,3,3,4,0,3,4,4,4,3,3,1,0,4,1,0,4,3,4,0,4,4,0,4,0,1,1,1,2,0,0,4,0,0,4,0,0,2,0,4,4,2,4,2,0,0
15061933,4,2,0,4,0,4,2,4,3,0,0,1,0,0,3,3,3,3,0,4,2,0,4,0,0,4,4,0,2,0,0,4,0,0,3,2,4,3,0,4,2,1,3,4,2,4,4,1,3,0,0,4,0,4,3,4,3,4,4,0,4,2,2,2,4,0,0,4,4,1,0,4,0,3,4,4,2,1,4,4,1,2,0,4,0,0,1,4,2,4,0,4,0,0,0,4,0,4,0,0,0,4,1,4,4,4,4,4,4,0,0,0,4,0,4,2,3,2,4,0,4,4,4,0,2,1,0,3,0,4,4,3,2,1,0,4,0,1,4,4,0,3,3,4,0,4,4,4,0,0,0,4,0,4,0,0,4,0,4,4,4,2,0,1,0,0,2,0,0,0,4,4,4,4,4,0,0,0,4,4,4,1,3,3,4,0,4,2,1,3,3,0,4,0,0,2,1,0,0,0,4,0,4,3,4,4,4,1,4,0,0,4,4,4,0,0,1,2,4,2,3,0,4,2,1,3,1,2,1,4,0,3,4,4,1,1,4,3,2,3,0,4,4,3,4,0,0,2,4,4,0,4,0,0,4,4,3,4,4,0,4,4,2,2,3,0,1,3,4,4,3,0,4,4,4,1,4,2,4,0,4,2,0,0,4,3,2,0,1,3,4,0,0,3,2,0,0,4,2,1,4,1,4,3,0,0,4,4,0,0,1,3,0,0,4,4,0,0,0,4,2,4,4,3,0,1,4,0,4,0,4,4,4,1,2,4,0,4,0,4,4,3,4,0,0,0,4,4,0,4,4,4,4,3,3,4,4,4,0,1,0,4,0,0,0,3,0,0,0,0,0,3,4,0,2,1,0,3,4,0,4,1,4,0,0,0,0,0,3,4,4,1,1,0,0,4,1,0,0,1,0,4,4,0,0,3,0,0,4,4,0,3,2,1,2,2,4,3,0,4,0,0,3,2,4,0,4,2,1,0,4,4,4,0,4,4,2,3,2,4,0,4,4,2,0,0,2,4,4,4,0,0,3,2,1,0,0,4,1,0,1,1,2,0,1,3,0,4,4,4,4,3,2,0,4,4,1,0,4,2,4,4,1,4,3,3,4,4,2,2,2,4,4,2,0,0,3,0,4,4,1,3,3,4,4,0,0,0,0,4,4,4,0,0,0,0,4,0,4,4,4,1,0,3,4,2,3,4,0,4,1,3,4,2,2,4,1,1,3,4,2,4,3,0,4,2,0,2,2,1,4,1,0,1,0,4,0,0,4,4,0,4,2,4,4,4,4,0,0,4,0,4,2,1,1,3,3,3,2,1,2,1,2,1,0,0,0,2,4,2,4,4,4,4,4,0,4,4,3,0,3,0,0,3,3,4,4,4,4,4,4,0,4,4,4,4,0,3,1,4,4,0,0,0,2,4,0,4,4,0,0,0,3,4,4,4,4,4,0,0,4,0,0,3,3,4,4,4,4,1,3,2,0,1,4,2,1,0,0,0,3,4,3,1,3,4,1,0,0,3,3,3,0,0,4,0,4,3,4,4,4,0,0,4,0,4,0,4,1,4,4,4,4,3,1,3,4,0,4,4,4,2,4,4,0,0,4,4,4,2,0,0,4,3,4,2,0,3,3,4,0,0,4,0,1,4,1,1,0,3,3,0,4,4,0,4,2,4,3,3,4,0,0,4,1,1,0,1,4,0,2,4,2,4,1,3,1,1,1,0,2,4,3,0,3,4,4,4,3,1,0,4,4,0,0,0,0,0,4,0,3,4,4,0,0,1,4,2,2,0,2,2,3,3,1,3,1,0,1,1,3,2,4,3,3,0,4,2,0,3,4,4,0,4,0,1,3,3,2,4,3,4,0,4,2,3,3,4,4,1,4,2,3,4,1,2,0,2,3,2,2,0,4,4,3,0,1,4,2,3,3,4,1,2,4,2,4,4,1,3,4,0,4,4,0,1,2,1,3,4,0,1,4,0,4,4,0,4,4,0,4,4,4,1,1,3,4,0,2,4,4,4,1,4,4,4,4,4,3,0,2,4,3,1,2,4,0,4,4,1,4,0,4,2,0,0,1,4,2,4,4,2,0,4,2,1,4,4,3,2,2,2,4,4,1,4,3,4,0,4,3,1,4,2,1,3,3,1,2,2,2,4,4,0,0,1,2,4,0,4,4,4,4,3,4,1,0,4,1,0,4,3,4,0,4,4,0,4,0,1,2,1,1,0,0,4,0,0,4,0,0,2,0,4,4,2,4,3,0,0
15061303,2,2,1,3,2,2,1,3,4,0,1,2,2,0,4,2,4,4,0,4,2,2,4,0,1,4,4,0,2,1,1,4,0,0,3,1,3,3,1,3,2,2,1,4,4,4,4,1,3,0,0,4,0,3,4,4,2,4,3,0,4,2,0,2,4,0,0,4,4,2,1,4,0,2,4,4,1,1,4,4,1,2,1,4,0,1,1,4,2,3,1,3,1,0,0,4,0,3,0,1,1,4,1,4,4,3,4,4,4,1,0,0,3,0,4,2,4,0,4,0,4,4,3,1,4,3,2,2,0,4,4,2,1,0,2,2,1,3,3,4,1,3,3,4,0,4,4,4,0,0,0,4,0,4,0,0,4,1,4,4,3,1,0,2,1,0,2,1,0,0,2,3,2,4,3,2,0,0,4,4,4,2,3,4,4,0,4,1,2,0,4,0,4,0,0,3,1,1,1,0,3,0,3,2,3,3,4,1,4,0,1,4,3,4,1,0,0,3,4,1,3,1,4,1,2,3,1,1,1,4,2,4,4,4,0,1,4,2,2,3,1,4,4,3,3,0,0,2,4,4,0,4,0,0,4,3,1,4,4,0,3,4,2,2,3,0,0,2,3,4,4,0,4,4,4,0,3,2,4,2,4,1,0,2,4,4,2,0,2,4,4,0,2,3,0,0,0,2,3,0,4,3,4,4,0,2,2,3,0,0,3,3,0,1,4,3,1,0,0,3,2,3,4,2,1,2,4,1,4,1,3,4,4,0,2,4,0,4,0,2,3,3,4,0,0,0,4,4,0,3,4,4,4,3,2,4,4,4,0,1,0,4,0,2,0,3,0,0,0,0,0,4,3,2,0,1,0,4,4,0,4,2,3,0,0,0,1,0,4,4,4,0,1,0,0,4,2,0,0,1,0,2,4,2,1,4,0,0,4,4,1,1,4,1,1,3,4,4,1,4,0,2,4,1,4,0,4,3,4,0,3,2,4,1,4,4,3,3,1,4,0,4,4,0,2,1,3,4,4,4,1,2,3,3,1,0,0,4,0,0,2,2,1,0,1,4,3,4,3,4,3,3,3,0,4,4,2,3,4,3,4,4,1,4,4,4,3,4,2,3,3,4,4,2,0,0,3,1,4,4,0,1,2,3,4,1,1,1,0,3,4,4,0,0,0,0,2,0,4,4,4,2,1,3,4,3,3,4,1,4,2,2,4,0,1,4,1,0,3,4,1,4,3,0,4,3,0,3,3,1,3,2,1,1,0,1,0,0,1,4,0,4,3,4,4,4,4,0,1,3,0,4,0,2,2,2,3,2,0,1,3,1,3,1,0,0,0,1,4,1,4,4,4,4,4,0,4,4,2,0,4,0,0,4,4,4,4,4,4,2,4,0,4,4,4,4,0,4,1,3,4,0,0,0,3,4,0,1,4,0,0,2,1,2,2,2,2,4,0,2,2,0,1,4,3,4,4,4,4,3,4,2,0,1,4,4,1,1,0,0,4,4,2,2,4,4,2,1,1,2,4,2,0,0,3,0,4,4,4,4,4,0,0,4,0,4,0,3,1,2,3,4,4,2,0,3,4,2,2,4,4,2,2,2,2,0,2,2,4,2,0,0,4,3,3,3,0,3,2,4,0,0,4,0,1,3,3,1,0,3,3,1,4,4,1,3,4,3,1,3,4,0,2,4,1,2,0,2,4,0,2,4,2,4,0,2,0,0,2,1,1,4,1,1,2,4,3,3,4,1,1,4,4,0,0,0,1,1,4,0,4,4,4,0,0,1,3,3,1,0,3,1,4,4,2,2,1,0,0,2,2,3,4,4,3,0,4,0,0,4,4,4,2,4,0,0,4,4,3,4,3,4,0,4,3,3,3,4,4,0,4,1,3,4,0,1,0,2,4,4,1,0,3,4,3,0,1,4,3,4,3,4,1,3,4,1,4,4,2,2,4,0,4,4,0,2,4,1,3,4,0,2,4,0,4,4,0,4,4,0,3,3,4,0,2,1,4,1,2,4,4,3,3,4,4,3,4,4,4,0,0,4,4,2,3,4,0,2,4,1,3,0,4,2,1,1,2,3,2,3,3,3,1,4,1,1,3,3,1,1,2,2,4,2,3,4,3,4,0,4,3,1,3,3,1,2,2,1,0,2,0,4,4,2,2,3,2,4,0,3,4,2,3,4,4,2,0,4,2,0,4,4,4,1,3,4,0,3,1,0,3,0,3,0,0,4,1,0,4,0,0,3,0,3,4,3,4,1,0,0
15062145,4,1,0,4,0,4,3,4,3,0,0,2,0,0,3,2,4,4,0,4,3,0,4,0,0,4,4,0,1,1,0,4,0,0,2,3,4,3,0,4,3,1,3,4,4,4,4,0,4,0,0,4,0,4,3,4,3,4,4,0,4,1,1,3,4,0,0,4,4,0,0,4,0,4,4,4,3,3,4,4,3,2,0,3,0,0,0,4,4,4,0,4,0,0,0,4,0,4,0,0,0,4,1,4,4,4,4,4,4,1,1,1,4,0,4,2,3,2,4,0,4,4,4,0,2,2,2,3,0,3,4,2,2,1,1,4,0,2,4,3,0,3,4,4,0,4,4,4,0,1,1,4,0,4,0,0,4,0,4,4,4,2,0,2,0,0,3,0,0,0,4,3,3,4,4,0,0,0,4,4,4,0,4,3,4,0,4,2,1,1,4,0,4,1,0,2,0,0,0,0,4,0,3,2,4,4,4,1,4,0,1,4,4,4,0,0,1,2,4,4,1,0,4,1,3,3,0,2,3,4,2,3,4,4,1,2,4,3,2,3,1,4,4,3,3,0,1,1,4,4,0,4,0,0,4,3,4,3,4,0,3,4,3,2,3,0,1,4,4,4,4,0,4,4,4,0,4,2,4,0,4,3,0,0,4,4,2,0,0,2,4,0,0,3,3,0,0,2,3,1,4,2,4,4,0,2,3,4,0,0,2,4,0,0,4,4,0,0,0,4,4,4,4,4,0,3,2,1,4,0,4,4,4,0,2,4,1,4,0,4,4,4,4,0,0,0,4,4,0,4,4,4,4,3,3,4,4,4,0,0,0,4,0,0,0,4,0,0,0,0,0,3,4,0,1,0,0,4,4,0,4,2,4,0,0,0,0,0,3,4,4,0,1,0,0,4,2,0,0,2,0,3,4,1,1,4,0,0,4,4,0,2,2,0,2,2,4,3,0,4,0,0,4,2,4,0,4,2,3,0,4,4,4,0,4,4,3,3,3,4,0,4,4,2,0,0,2,4,4,4,0,0,3,3,1,1,0,4,1,0,1,1,2,0,1,3,0,4,3,4,4,4,0,0,4,4,2,1,4,2,4,4,2,4,3,4,3,4,1,1,1,4,3,3,0,0,3,0,4,4,0,3,3,4,4,0,3,0,0,4,4,4,0,0,0,0,4,0,4,4,4,2,1,4,4,0,4,4,1,4,2,3,4,1,1,4,0,0,3,4,0,4,4,0,4,1,0,3,2,0,4,0,0,1,0,4,0,0,4,4,0,4,1,4,4,4,4,0,0,4,0,4,3,3,3,4,2,4,2,1,3,2,2,0,0,0,0,1,3,1,4,4,4,3,4,0,4,4,2,0,4,0,1,4,3,4,3,4,4,4,4,0,4,4,4,4,0,3,2,3,4,0,0,0,1,4,0,3,4,0,0,0,4,4,4,4,4,4,0,0,4,0,0,2,3,4,4,4,4,0,3,3,0,1,4,4,2,0,0,0,3,4,4,1,2,4,2,0,0,4,3,2,0,0,4,0,3,4,4,4,4,0,0,4,0,4,0,4,0,4,4,4,4,2,1,4,4,0,4,4,4,3,4,4,0,1,3,3,4,1,0,0,4,4,3,3,0,2,4,3,1,1,4,1,0,4,2,1,0,2,2,0,3,3,0,4,2,3,3,2,4,0,0,4,0,1,0,0,4,0,0,4,1,4,1,2,0,1,0,0,1,4,3,0,3,4,4,4,3,1,1,4,4,0,0,3,0,0,4,0,4,4,4,0,0,1,4,3,3,0,1,2,3,3,1,3,1,0,1,1,3,1,4,4,4,0,4,3,0,3,4,4,1,4,0,1,3,3,1,4,4,4,0,4,2,2,2,4,4,1,4,1,3,3,1,2,0,0,2,3,4,0,4,4,3,0,1,4,3,4,3,2,1,3,4,1,4,4,2,2,4,0,4,4,0,3,3,0,3,3,0,0,4,0,4,4,0,4,4,0,3,3,4,2,2,3,4,0,2,4,4,4,2,4,4,3,4,4,4,0,3,4,3,0,3,4,0,3,4,1,4,0,4,1,0,0,0,3,4,4,4,1,0,4,1,1,4,4,1,1,3,2,4,4,1,4,2,4,0,4,4,1,3,3,1,3,3,1,2,2,2,3,3,0,0,2,3,4,0,3,4,4,4,4,3,3,0,4,1,0,4,3,4,0,4,4,0,4,0,1,1,1,3,0,0,4,0,0,4,0,0,2,0,4,4,2,4,2,0,0
15061918,4,3,1,3,1,3,3,2,4,1,2,2,1,0,3,1,4,4,0,4,1,2,4,0,0,4,3,1,0,1,1,4,0,0,3,1,4,3,0,4,4,1,3,4,2,3,3,0,2,0,0,4,0,1,3,4,2,4,3,0,4,1,1,3,4,0,0,4,4,3,0,4,0,4,4,3,4,3,4,4,3,0,1,2,1,0,0,3,4,4,1,3,1,1,1,4,0,4,0,0,0,4,3,3,4,3,4,4,4,0,3,0,4,0,4,2,3,3,4,1,3,4,3,2,3,2,2,2,1,2,3,2,0,0,2,3,0,3,3,3,0,4,4,4,0,4,4,4,0,0,0,3,0,4,0,0,4,1,3,4,3,3,0,2,0,0,3,1,0,0,2,4,0,4,2,1,0,0,4,4,4,1,3,4,4,1,3,1,1,1,4,0,3,0,0,1,3,0,0,0,4,0,4,2,3,2,3,1,4,1,1,4,3,4,2,1,3,2,3,3,3,2,4,2,1,3,1,2,2,3,4,3,3,3,3,2,4,2,2,2,1,3,4,3,3,0,0,3,4,4,0,4,0,0,4,3,3,3,4,0,4,4,2,4,3,0,0,3,3,4,4,0,4,4,3,0,3,1,4,0,3,3,2,1,2,2,2,0,2,3,4,0,1,4,4,0,0,3,0,1,4,1,4,4,0,0,3,4,0,0,2,3,1,2,4,4,1,0,0,4,1,4,3,3,1,1,3,0,4,1,3,3,3,1,2,3,1,4,0,3,4,4,4,0,0,1,3,4,0,4,4,3,4,4,4,4,3,4,0,2,0,4,0,1,0,4,0,0,0,0,0,4,4,0,2,2,1,3,4,0,4,3,4,0,0,0,1,0,4,4,4,2,2,0,0,4,2,0,1,2,0,3,4,3,3,4,1,1,3,4,2,3,4,2,0,4,3,4,0,3,0,1,2,0,3,1,3,2,2,0,4,3,4,0,3,3,2,2,2,4,1,4,4,3,1,1,1,4,4,4,0,0,3,1,0,0,0,4,1,0,1,1,2,0,1,3,1,4,2,3,1,4,2,0,3,4,0,2,3,1,4,4,3,4,4,4,4,4,2,1,1,4,3,1,0,1,2,0,4,4,1,1,4,4,4,0,0,1,0,2,4,4,0,1,0,0,3,0,4,4,4,2,0,4,4,3,4,3,3,4,1,4,4,0,3,4,0,2,4,3,1,4,1,0,2,2,1,1,4,0,4,1,0,1,1,4,0,0,4,3,1,4,2,4,4,4,3,1,1,4,0,4,0,3,3,3,3,4,0,2,3,1,3,1,0,0,0,1,4,2,2,3,3,2,3,0,4,4,3,0,2,1,1,0,4,4,4,4,4,4,4,1,3,3,4,3,1,2,0,4,4,0,0,0,1,4,0,2,4,1,0,1,3,3,3,3,3,4,0,1,3,1,0,4,3,4,4,4,4,2,3,1,0,1,4,3,1,0,0,0,4,4,2,1,2,3,1,1,2,3,3,3,1,0,4,0,4,3,3,4,3,0,0,4,0,4,0,4,2,4,4,4,4,1,0,4,4,1,4,4,4,3,4,4,0,0,3,3,4,4,0,1,4,4,3,2,0,3,4,3,1,0,3,0,0,2,3,0,0,4,4,0,4,4,0,4,2,2,1,3,4,0,1,3,1,0,0,3,4,0,4,4,4,4,1,1,0,1,3,2,1,4,4,0,4,3,4,3,4,1,1,4,4,0,0,1,0,1,4,1,3,3,3,1,0,2,4,3,2,0,2,2,3,3,1,3,1,0,3,0,3,3,3,2,3,0,4,0,0,4,4,4,1,4,0,0,4,3,3,4,2,4,0,4,2,3,3,4,4,1,4,2,3,4,1,2,0,2,3,4,4,1,4,3,4,0,1,4,3,2,4,3,1,2,4,3,4,4,1,2,4,0,4,4,1,2,4,0,4,4,0,3,4,0,4,4,0,4,4,0,4,4,4,0,2,1,3,1,3,3,3,3,1,3,4,3,4,3,3,0,1,4,4,1,2,4,0,4,4,1,2,0,4,1,0,0,0,2,3,4,3,3,0,4,3,0,4,4,2,2,2,3,4,4,2,3,2,4,0,4,4,3,4,3,3,4,4,4,0,1,0,4,2,0,0,2,2,4,0,3,4,2,1,4,4,2,0,3,0,0,3,4,4,1,3,4,0,3,1,2,2,2,1,1,1,3,3,1,3,0,0,1,0,4,3,2,4,4,0,0
15061966,3,1,1,3,1,3,2,4,3,0,0,3,2,0,3,2,4,4,0,4,2,1,4,0,0,4,3,1,0,0,1,4,0,0,4,1,4,4,0,4,3,3,0,4,4,2,2,0,4,0,0,4,0,3,4,4,2,4,4,0,4,0,1,4,4,0,0,4,4,0,0,4,0,2,3,2,4,3,4,4,1,0,1,2,0,0,0,4,2,4,0,4,0,0,0,3,0,4,0,0,0,4,1,4,4,4,3,3,4,0,4,1,3,1,4,3,3,1,4,0,4,3,4,2,3,3,1,3,0,3,4,1,1,0,2,4,0,3,3,4,0,3,3,3,0,4,4,4,0,0,0,4,0,4,1,0,4,0,3,4,4,3,0,3,0,0,2,0,0,0,3,3,4,4,3,0,4,1,3,4,4,0,3,3,4,0,4,1,1,4,3,0,4,1,0,0,1,0,0,0,4,0,4,1,4,3,4,1,4,0,0,4,4,4,0,0,2,2,2,3,3,0,3,3,0,4,1,2,3,4,2,3,4,4,2,3,4,3,3,1,0,4,4,3,4,0,0,2,4,4,0,2,0,0,4,3,3,4,4,0,4,4,2,3,3,0,1,4,4,3,4,0,4,4,3,0,4,2,4,1,3,2,0,1,1,3,1,0,3,3,4,0,0,4,2,0,0,3,4,2,4,4,4,1,1,0,2,4,0,0,1,4,1,0,3,4,0,1,0,4,2,4,4,4,0,1,4,0,4,0,4,4,4,NA,2,2,0,4,0,3,1,3,4,0,0,0,4,3,0,3,4,4,4,3,3,2,4,4,0,1,0,4,1,0,0,2,1,1,0,0,0,1,4,0,1,1,1,4,4,0,4,3,3,0,0,0,0,0,4,4,2,1,2,0,0,3,3,0,0,2,0,3,3,0,0,3,0,0,4,4,0,4,2,1,2,2,4,4,0,4,0,0,3,1,4,0,4,2,0,0,4,3,4,0,4,4,4,3,2,4,1,4,4,2,0,0,2,4,4,4,0,0,4,1,1,1,1,4,1,1,2,1,0,0,0,4,0,4,4,4,4,4,2,0,3,4,3,1,4,1,4,3,1,4,3,4,3,4,3,3,3,4,4,0,0,0,3,1,4,4,1,3,4,4,4,0,1,0,0,4,3,4,0,0,0,0,4,0,4,4,4,0,0,4,4,3,4,4,3,4,3,1,4,1,2,3,0,3,4,4,1,4,4,0,4,0,1,1,2,0,4,1,0,0,0,4,0,0,4,4,0,4,2,4,4,4,4,0,0,4,1,3,1,2,2,4,3,4,3,3,2,2,3,1,0,2,0,1,4,3,2,4,4,3,4,1,4,4,3,0,3,0,2,4,3,4,2,4,4,4,3,0,4,4,4,4,0,3,0,3,4,0,0,0,0,4,0,2,4,0,0,2,3,4,4,4,4,4,0,0,4,0,0,3,2,4,4,4,4,1,3,2,0,2,4,2,1,0,0,0,3,4,3,0,2,4,4,0,0,1,3,4,0,0,4,0,4,4,4,4,4,0,0,4,0,4,0,4,1,4,4,4,4,2,1,4,4,0,4,4,4,3,3,4,0,0,2,2,3,1,1,2,3,2,3,3,0,4,2,4,0,0,3,0,1,3,4,0,0,4,4,0,4,4,0,4,2,2,3,3,3,1,0,4,1,1,0,1,4,0,2,3,3,4,1,2,0,1,0,0,2,4,4,0,3,4,4,2,4,1,1,4,4,0,0,0,0,0,4,0,3,2,4,0,1,2,4,2,1,0,3,1,4,4,2,2,3,0,0,0,4,2,4,3,3,0,4,1,0,4,4,4,1,4,0,0,4,3,1,4,4,4,0,4,1,3,3,4,4,1,4,2,3,3,1,1,0,3,4,1,2,0,4,4,1,0,3,4,3,3,2,2,0,3,4,2,4,4,2,1,1,0,4,4,1,3,3,1,3,4,0,2,4,0,4,4,0,4,4,0,3,4,4,1,1,2,4,0,1,4,4,4,4,4,4,3,4,4,4,0,1,4,3,1,2,4,0,3,4,0,1,0,4,1,0,0,0,4,2,3,4,2,0,4,3,0,4,4,3,2,3,3,4,2,3,4,3,4,0,4,2,1,2,4,4,3,3,1,0,1,1,2,2,0,0,0,3,3,0,4,4,3,2,3,3,2,1,4,0,0,4,4,3,0,4,4,0,4,0,1,3,1,3,0,0,4,1,1,3,0,0,0,0,4,3,0,4,3,0,0
15061542,3,2,0,4,0,4,3,4,4,0,1,2,0,0,2,3,4,4,0,4,2,2,4,0,1,4,4,0,0,0,0,4,0,0,3,1,4,3,0,4,3,3,1,4,2,4,4,2,2,0,0,NA,0,3,2,4,3,4,4,0,4,1,0,3,4,0,0,4,4,0,NA,4,0,3,4,4,2,1,4,3,1,1,0,4,1,0,0,4,3,4,0,4,0,0,0,4,0,4,0,0,0,4,1,4,4,3,4,4,4,0,3,2,4,2,4,1,4,2,4,0,4,4,4,0,3,1,0,3,0,2,4,3,2,0,1,4,0,3,4,4,0,4,4,4,0,4,4,4,0,0,1,3,0,4,0,0,4,0,4,4,4,3,0,3,0,0,3,0,0,0,4,2,3,4,4,0,0,0,4,4,4,0,3,4,4,0,4,1,0,0,4,0,4,2,0,4,2,0,0,0,4,0,3,1,4,4,3,1,4,1,1,4,4,4,1,1,3,2,4,2,3,1,3,2,0,4,1,4,4,4,3,2,4,1,3,1,4,3,4,1,0,4,4,3,3,0,0,2,4,4,0,4,0,0,4,4,2,4,4,0,4,4,4,1,4,1,1,2,4,4,4,0,4,4,4,0,4,0,4,0,4,2,0,1,4,3,0,0,0,3,4,0,0,4,2,0,0,3,0,2,4,3,4,2,1,0,3,3,0,0,2,3,1,0,4,4,1,0,0,4,4,4,4,4,0,1,4,0,4,0,4,4,4,0,3,2,1,4,0,4,4,3,4,0,0,0,4,4,0,4,4,4,4,3,4,4,4,4,0,4,0,4,0,1,0,4,0,0,0,0,0,2,3,0,1,2,0,4,4,0,4,1,3,0,0,1,0,0,4,4,4,1,0,0,0,4,2,0,0,NA,0,3,4,1,1,4,0,0,4,4,0,1,4,1,0,4,3,4,0,3,0,2,2,2,4,0,3,3,3,0,4,3,4,0,4,1,4,3,1,4,0,4,4,1,0,0,2,4,4,4,0,0,3,0,0,0,0,4,0,1,1,3,0,0,1,4,1,4,4,4,2,4,2,0,4,4,2,3,4,0,3,4,4,4,4,4,4,4,3,1,1,4,2,3,0,0,1,0,3,3,2,0,4,4,3,0,0,0,0,4,4,4,0,0,2,0,3,0,4,4,4,0,0,3,4,3,2,4,2,4,3,2,4,1,2,4,2,2,4,4,1,4,1,2,3,2,0,2,1,0,4,1,0,1,1,4,0,0,4,3,0,4,0,4,4,4,4,1,1,4,2,4,1,2,2,3,3,4,1,0,3,0,2,0,0,1,0,1,4,1,4,3,3,2,4,0,4,4,3,0,2,0,3,2,4,4,4,4,4,4,4,1,3,3,4,3,1,4,1,3,4,0,0,0,1,2,0,3,4,0,0,0,4,4,4,4,4,4,0,0,4,0,0,3,1,3,4,4,4,2,4,2,0,1,4,1,1,0,0,0,4,4,2,1,1,4,3,0,0,4,3,4,0,0,4,0,4,3,4,4,4,0,0,4,0,4,0,4,0,4,4,4,4,4,0,4,4,0,4,4,4,1,3,4,1,0,3,3,3,1,1,2,3,4,4,3,0,4,4,4,0,0,3,0,0,2,4,3,0,3,3,0,4,4,0,3,3,4,3,3,2,2,0,4,2,0,0,1,4,0,1,4,2,4,0,2,1,0,1,0,0,4,2,0,4,4,2,2,4,0,0,4,4,1,0,2,0,0,4,0,3,4,4,0,0,1,1,2,3,0,1,2,3,3,2,2,2,0,2,2,3,2,4,3,4,1,4,0,0,4,4,4,0,4,0,0,4,4,3,4,4,4,0,4,2,2,4,4,4,0,4,0,4,1,0,2,0,2,1,2,3,1,4,3,4,0,2,4,3,2,4,1,0,3,4,2,4,4,2,1,2,0,4,4,0,3,2,0,2,4,0,0,NA,0,4,4,0,4,4,0,4,4,4,0,0,2,4,0,1,4,3,4,3,4,4,4,4,4,4,0,2,4,4,2,3,4,0,4,4,0,2,0,3,0,0,0,0,3,3,2,4,2,0,4,3,0,4,4,2,2,1,2,4,3,1,3,3,4,0,4,3,2,4,4,4,4,4,2,0,0,0,2,3,0,0,2,2,4,0,3,4,4,4,2,4,3,0,4,0,0,4,3,4,0,4,4,0,4,0,1,3,1,1,0,0,3,0,0,4,0,0,1,0,4,4,1,4,1,0,0
15061937,4,2,0,4,0,4,2,4,4,0,0,1,0,0,2,3,3,3,0,3,2,0,4,0,0,4,4,0,2,0,0,4,1,0,4,2,4,3,0,4,2,1,3,4,3,4,4,0,3,0,0,4,0,4,4,4,4,4,4,0,4,0,2,4,4,1,0,4,4,0,0,4,0,3,4,4,2,1,4,4,3,2,0,4,0,0,1,4,3,4,0,4,0,0,0,4,0,4,0,0,0,4,1,4,4,4,4,4,4,0,1,1,4,1,4,3,3,1,4,0,4,4,4,0,3,0,0,3,0,4,4,2,2,1,1,4,0,1,4,3,0,3,3,4,0,4,4,4,0,1,1,4,0,4,0,0,4,0,4,4,4,2,0,2,0,0,1,0,0,0,4,3,2,4,4,0,1,1,3,4,4,0,4,4,4,0,4,3,2,1,4,0,4,1,0,3,1,0,0,0,4,0,3,1,4,4,4,1,4,0,1,4,4,4,0,0,3,2,4,4,3,0,4,1,1,3,3,2,2,3,0,2,3,3,3,3,4,2,4,1,0,4,4,4,4,0,0,1,4,4,0,4,0,0,4,4,4,4,4,0,3,4,2,4,3,0,1,3,4,4,4,0,4,4,4,0,4,2,4,0,3,1,0,0,4,3,1,0,1,3,4,0,0,4,2,0,0,2,2,0,4,2,4,3,0,1,3,4,0,0,0,3,0,0,4,4,0,0,0,4,2,4,4,3,0,1,4,0,4,0,4,4,4,0,3,3,0,4,0,4,4,4,4,0,0,0,4,4,0,4,4,4,4,4,4,4,4,4,0,0,0,4,0,1,0,3,1,1,0,0,0,3,2,0,3,1,0,4,4,0,4,3,4,0,0,0,0,0,3,4,4,1,2,0,0,4,3,0,0,1,0,4,4,3,2,4,0,0,4,4,0,3,2,1,2,2,4,3,0,4,0,1,3,2,4,0,4,3,3,0,4,4,4,0,4,2,3,4,1,4,0,4,4,1,0,0,3,4,4,4,0,0,4,2,1,0,0,4,0,0,1,1,2,0,1,4,1,4,4,4,4,4,3,0,4,4,1,2,4,2,4,4,2,4,3,4,4,4,3,1,1,4,2,2,0,0,4,0,4,4,0,2,3,4,4,0,0,0,0,4,4,4,0,0,1,0,4,0,4,4,4,1,0,4,4,1,4,4,1,4,2,3,4,1,3,4,0,0,3,4,0,4,4,0,3,2,0,3,2,0,4,0,0,1,0,3,0,0,3,4,0,4,3,4,4,4,4,0,1,4,1,4,2,2,2,4,2,4,1,0,3,1,2,1,0,0,0,2,3,2,4,4,4,4,4,1,4,4,3,0,3,0,2,4,3,4,4,4,4,4,4,0,4,4,4,4,0,2,1,3,4,0,0,0,2,4,0,4,4,0,0,0,3,4,4,4,4,4,0,0,4,0,0,4,3,4,4,4,4,1,3,2,0,1,4,2,1,0,0,0,4,4,4,1,2,4,2,0,0,3,4,3,0,0,4,0,4,4,4,4,4,0,0,4,0,4,0,4,0,4,4,4,3,4,1,4,4,0,4,4,4,3,3,4,1,0,1,2,4,1,0,1,4,3,4,3,0,4,3,4,0,0,4,1,0,4,1,1,0,3,2,0,4,4,0,4,3,3,4,4,3,1,0,4,0,0,0,0,4,0,0,4,2,4,1,3,1,1,0,0,2,4,3,0,4,4,3,3,3,0,1,4,4,1,0,0,0,0,4,0,4,4,4,0,0,2,3,2,1,0,3,0,4,4,1,3,1,1,2,0,3,1,4,3,3,1,4,2,0,3,4,4,0,4,0,1,3,2,1,4,3,4,0,4,2,1,4,4,4,1,4,2,4,2,1,0,0,2,3,3,2,0,4,4,2,0,3,4,4,2,3,2,1,3,4,3,4,4,3,1,3,0,4,4,1,2,3,1,2,3,0,1,3,0,4,4,0,4,4,0,4,4,4,1,0,2,4,0,4,4,4,4,2,4,4,3,4,4,3,0,3,4,4,1,3,4,0,4,4,0,3,0,4,3,0,0,0,2,4,4,3,3,0,4,3,0,4,4,3,2,1,2,4,3,1,4,3,4,0,4,4,1,4,2,0,2,2,1,2,2,1,3,4,0,0,1,2,4,0,4,4,3,4,2,4,1,0,4,1,0,4,3,3,0,4,4,0,4,0,1,2,1,1,0,0,4,0,0,4,0,0,2,0,4,3,2,4,1,0,0
15062361,4,2,0,4,0,4,4,4,3,0,0,2,1,0,4,1,4,4,0,4,2,0,4,0,0,4,4,0,2,0,0,4,0,0,3,0,4,4,0,4,2,1,3,4,2,4,4,1,3,0,0,4,0,4,4,4,3,4,4,0,4,1,1,3,4,0,0,4,4,0,1,4,0,3,4,4,1,1,4,4,1,1,0,3,0,0,1,4,2,4,0,4,0,0,0,4,0,4,0,0,0,4,1,4,4,4,4,4,4,0,2,1,4,0,4,1,4,2,4,0,4,4,4,0,3,2,0,4,0,3,4,3,2,0,1,4,0,2,4,4,0,4,4,4,0,4,4,4,0,0,0,4,0,4,0,0,4,0,4,4,4,3,0,3,0,0,3,0,0,0,3,2,4,4,4,0,0,0,4,4,4,1,3,4,4,0,4,1,0,2,3,0,4,0,0,3,1,0,0,0,4,0,2,1,4,4,4,1,4,1,0,4,4,4,0,0,0,3,4,2,3,0,4,1,2,4,1,3,3,3,2,2,3,2,2,1,4,3,4,3,1,4,4,4,3,0,1,2,4,4,0,3,0,0,4,4,4,4,4,0,3,4,3,2,3,0,1,3,4,4,4,0,4,4,4,0,4,1,4,0,3,3,0,0,4,3,1,0,2,3,4,0,0,3,1,0,0,3,0,1,4,2,4,4,0,2,4,4,0,0,2,4,0,0,4,4,0,0,0,4,2,4,4,4,0,1,3,0,4,0,4,4,4,0,4,3,1,4,0,4,4,4,4,0,0,0,4,4,0,4,4,4,4,3,3,4,4,4,0,1,0,4,0,1,0,3,0,0,1,0,0,2,4,0,1,2,0,3,4,0,4,2,4,0,0,0,0,0,4,4,4,1,1,0,0,4,1,0,0,1,0,2,4,0,0,4,0,0,4,4,0,1,2,0,2,2,4,1,0,4,0,0,3,1,4,0,4,3,3,0,4,4,4,0,4,4,3,3,1,4,0,4,4,3,0,0,1,4,4,4,0,0,4,2,0,0,1,4,0,1,0,1,3,0,1,4,0,4,3,4,4,3,2,0,4,4,3,0,4,1,4,4,1,4,4,4,3,4,2,1,1,4,4,3,0,0,2,1,4,4,1,2,4,4,4,0,0,0,0,4,4,4,0,0,0,0,4,0,4,4,4,1,0,2,4,3,2,4,1,4,2,3,4,1,1,4,0,1,4,4,2,4,2,0,4,1,0,1,3,2,4,2,0,2,0,4,0,0,4,4,0,4,1,4,4,4,4,0,0,4,0,4,3,1,1,3,2,3,2,1,4,0,3,0,0,0,0,1,4,1,4,4,4,3,4,0,4,4,3,0,3,0,1,3,4,4,4,4,4,4,4,0,4,4,4,4,0,2,1,4,4,0,0,0,1,4,0,4,4,0,0,0,3,4,4,4,4,4,0,0,4,0,0,3,2,4,4,4,4,0,3,3,0,1,4,3,1,0,0,0,3,4,3,1,4,4,2,0,0,3,3,3,0,0,4,0,4,3,4,4,4,0,0,4,0,4,0,4,1,4,4,4,4,4,0,3,4,0,4,4,4,3,4,4,0,0,4,4,4,1,0,1,4,4,4,3,0,3,4,4,0,0,4,1,1,4,2,1,0,3,3,0,4,3,0,4,3,4,3,1,4,0,0,4,1,0,0,0,4,0,0,4,0,4,0,2,1,0,0,0,1,4,4,0,4,4,3,3,3,0,0,4,4,0,0,1,0,0,4,0,3,4,4,0,0,1,3,1,1,0,3,1,3,3,2,3,1,0,1,1,4,3,4,3,4,1,4,1,0,3,4,4,0,4,0,1,3,4,2,4,4,4,0,4,3,3,4,4,4,1,4,1,4,2,1,3,0,3,2,1,2,0,4,4,3,0,2,4,4,3,3,3,0,3,4,2,4,4,2,2,3,0,4,4,1,2,3,1,3,3,0,0,4,0,4,4,0,4,4,0,4,4,4,1,1,3,4,0,4,4,4,4,2,4,4,3,4,4,2,0,3,4,4,1,2,4,0,4,4,0,2,0,4,2,0,0,1,4,2,4,4,1,0,4,2,2,4,4,2,2,1,2,4,3,1,4,4,4,0,4,3,0,4,2,2,4,4,0,2,2,1,2,3,0,0,2,0,4,0,4,4,3,4,3,4,2,0,4,0,0,4,3,4,0,4,4,0,4,0,0,1,0,1,0,0,4,0,0,4,0,0,2,0,4,4,3,4,1,0,0
15061665,4,2,0,4,0,4,2,4,3,0,1,3,1,1,3,2,3,4,0,3,3,1,4,1,1,3,4,0,1,4,0,4,0,0,0,0,4,4,1,3,1,3,1,4,4,2,2,0,2,0,0,4,0,3,4,3,2,4,4,0,4,3,1,1,3,1,0,3,4,1,2,4,0,3,4,2,4,4,3,4,1,2,1,3,1,1,2,4,3,2,1,4,1,0,0,4,0,3,1,1,1,4,1,4,3,3,4,4,4,0,3,1,3,0,4,1,4,1,4,0,3,4,3,2,2,3,1,2,0,3,4,2,0,0,2,3,0,2,4,4,0,3,4,4,0,3,3,4,0,1,0,4,0,4,0,0,4,1,2,4,4,3,0,2,1,1,2,1,0,0,3,3,3,4,2,3,0,0,4,3,4,1,3,3,3,0,4,1,1,3,2,0,2,0,0,3,1,1,1,0,3,0,3,3,4,3,3,0,4,0,1,3,3,4,0,1,1,2,4,0,2,0,4,2,2,3,2,1,4,4,4,3,4,3,4,4,4,2,4,1,0,4,4,3,4,0,0,2,4,4,1,4,0,0,4,4,3,4,3,0,2,4,2,2,2,0,0,3,3,4,4,1,3,4,4,0,3,0,3,0,4,2,0,2,4,4,2,1,3,4,4,0,1,3,0,0,0,3,4,1,4,3,4,2,0,2,2,3,0,0,2,3,0,0,4,3,1,1,1,4,2,4,2,3,0,1,4,1,3,0,4,3,3,0,4,2,0,3,0,3,4,4,3,0,0,0,4,4,0,4,4,4,3,4,3,4,4,4,0,3,0,4,0,2,0,3,0,0,0,0,1,3,3,2,1,0,0,4,3,0,4,2,4,0,0,0,0,0,4,4,4,1,1,1,0,4,2,0,0,2,0,3,3,0,0,4,0,0,4,2,1,2,2,0,0,2,3,2,0,3,1,1,4,2,4,0,4,4,2,0,4,3,3,1,3,3,4,3,1,4,1,4,4,1,2,1,3,4,4,4,1,0,2,3,0,1,0,4,1,1,1,4,0,0,1,3,1,4,4,4,3,3,3,0,4,4,3,2,3,1,4,3,2,4,4,4,3,3,3,3,3,4,4,2,0,0,2,1,2,2,2,2,2,3,4,0,1,1,0,3,2,3,0,0,0,0,1,0,4,4,3,2,0,2,4,3,1,2,2,4,2,4,2,0,3,3,1,1,3,4,1,4,3,1,3,2,1,2,2,1,4,2,0,2,0,4,0,0,4,4,0,3,2,4,4,4,4,1,0,3,1,3,2,2,2,3,3,3,1,1,3,0,2,0,0,0,0,1,4,2,4,3,3,4,3,0,4,3,3,0,4,0,1,2,4,4,3,4,4,3,4,1,3,3,4,3,1,4,2,3,3,0,0,0,2,3,0,2,4,0,0,1,2,3,3,3,3,3,0,1,3,0,2,3,2,3,3,3,4,3,4,2,0,1,3,3,1,0,0,0,3,3,1,2,1,3,2,0,0,2,4,3,0,1,3,0,4,2,4,4,4,0,1,4,0,4,0,4,0,2,4,4,4,2,0,3,4,1,4,3,4,2,3,3,0,0,3,3,2,0,2,2,2,3,3,4,0,4,1,4,0,0,4,0,1,2,3,1,0,2,2,1,3,3,1,3,3,3,2,2,4,0,0,4,3,1,1,1,3,1,1,4,2,3,1,3,1,1,1,0,1,4,1,0,1,4,3,4,4,1,0,2,3,0,0,0,1,1,4,0,3,3,3,1,1,2,3,3,2,2,2,2,4,4,3,1,2,2,2,NA,3,3,4,4,3,0,4,3,1,2,4,4,1,4,0,2,2,3,2,3,4,3,1,3,3,4,2,3,3,1,4,1,2,3,1,2,1,1,2,3,2,1,3,3,4,2,2,4,2,4,3,3,1,2,4,2,3,4,1,3,4,0,3,4,0,1,4,1,2,3,0,1,4,0,4,4,0,4,4,0,4,4,4,0,2,1,4,0,4,4,4,4,3,4,4,3,4,4,4,0,1,3,4,0,1,4,1,2,4,1,1,0,4,3,1,1,1,4,2,3,4,2,0,3,3,1,4,4,2,2,2,1,4,3,3,3,2,4,0,4,3,2,4,4,4,4,4,2,0,0,0,3,3,1,1,4,2,4,2,4,4,2,3,3,3,2,1,4,0,0,3,4,4,0,4,4,0,4,1,1,2,1,2,0,0,3,2,0,4,0,0,3,1,3,4,3,4,1,0,0
15061790,4,0,0,4,0,4,3,4,3,0,0,1,1,0,4,1,3,3,0,4,4,1,4,0,0,4,4,0,0,1,0,4,0,0,4,1,4,4,0,4,4,0,4,4,3,4,4,0,3,0,0,4,0,4,3,4,2,4,4,0,4,1,1,3,4,0,0,4,4,1,2,4,0,3,4,4,1,1,4,4,1,0,0,3,0,0,0,4,3,4,0,4,0,0,0,4,0,4,0,0,0,4,1,4,4,4,4,4,4,0,2,1,4,0,4,3,3,1,4,0,4,4,4,0,4,3,1,3,0,3,4,1,3,1,2,4,0,2,4,3,0,4,3,4,0,4,4,4,0,1,1,4,0,4,0,0,4,0,4,4,3,3,0,1,0,0,2,0,0,0,3,2,4,4,4,0,1,1,3,4,4,0,3,2,4,0,4,1,1,2,4,0,4,0,0,1,2,0,0,0,4,0,4,2,4,4,4,2,4,0,0,4,4,4,0,0,2,1,4,3,2,0,4,2,1,4,1,3,2,3,3,3,3,2,2,1,4,3,2,2,0,4,4,4,4,0,0,1,4,4,0,4,0,0,4,4,2,4,4,0,3,4,3,3,4,0,1,4,3,4,4,0,4,4,4,1,4,3,4,0,4,1,0,1,4,4,2,0,3,4,4,0,0,3,2,0,0,3,3,1,4,2,4,3,1,0,4,4,0,0,1,3,0,0,4,4,1,0,0,4,1,4,4,3,0,2,4,0,4,0,4,4,4,1,2,2,1,4,0,4,4,4,4,0,0,0,4,4,0,4,4,4,4,2,3,4,4,4,0,1,0,4,0,0,0,3,1,1,0,0,0,2,2,1,1,1,1,3,4,0,4,2,3,0,0,0,0,0,4,4,3,0,2,0,0,4,3,0,0,0,0,4,4,1,1,2,0,0,4,4,0,3,2,1,2,2,4,4,0,4,0,0,2,3,4,0,4,3,3,0,4,4,4,1,4,4,3,4,2,4,0,4,4,1,1,0,3,4,4,4,0,0,4,3,0,0,0,4,2,2,1,0,3,0,2,3,1,4,2,4,4,4,1,0,4,4,2,1,4,0,4,4,1,4,3,NA,2,4,1,2,2,4,4,1,0,0,4,2,4,4,0,3,2,4,4,0,0,0,0,4,4,4,0,0,0,0,4,0,4,4,4,1,0,4,4,1,4,4,0,4,1,4,4,2,3,4,1,0,3,4,1,4,2,0,3,2,0,1,3,1,4,2,0,0,0,4,0,0,4,4,0,4,2,4,4,4,4,0,1,4,0,4,0,2,2,4,2,4,2,0,3,1,2,0,0,0,0,1,4,1,4,4,4,4,4,1,4,4,3,0,3,0,2,4,3,4,4,4,4,4,4,0,4,4,4,4,0,3,1,3,4,0,0,0,0,4,0,3,4,0,0,0,3,4,4,4,4,4,0,0,4,0,1,3,3,4,4,4,4,2,4,2,0,1,4,4,2,0,0,0,3,4,4,1,2,4,2,0,0,4,3,3,0,0,4,0,3,4,4,4,4,0,0,4,0,4,0,4,1,3,4,4,4,2,1,4,4,0,4,4,4,4,4,4,0,1,4,4,4,1,0,2,4,4,3,2,0,3,4,3,1,1,4,0,0,3,3,0,0,3,3,0,4,4,0,4,3,1,4,4,4,0,0,4,1,0,0,2,4,0,2,4,2,4,0,1,1,0,2,1,1,4,3,0,2,4,4,3,3,2,0,4,4,0,0,0,0,0,4,0,4,4,4,0,0,2,4,1,3,0,1,3,3,3,2,3,3,0,1,2,3,1,4,4,4,0,4,1,0,4,4,4,1,4,0,0,4,4,1,4,3,4,0,4,2,3,3,4,4,0,4,1,4,2,0,2,0,1,2,3,2,0,4,4,2,0,1,4,3,2,3,2,0,3,4,1,4,4,3,1,3,0,4,4,0,1,3,0,1,4,0,1,4,0,4,4,0,4,4,0,4,4,4,1,1,3,4,0,2,4,4,4,2,4,4,3,4,4,2,0,1,4,4,2,3,4,0,3,4,2,3,0,4,4,0,0,0,3,3,4,3,2,0,4,2,1,4,4,3,2,2,3,4,2,2,4,3,4,0,4,4,1,4,3,2,3,3,1,1,1,1,2,2,1,1,2,2,4,0,4,4,3,4,4,3,2,0,4,0,0,4,3,3,0,4,4,0,4,0,1,2,1,3,0,0,4,0,0,4,0,0,1,0,4,3,1,4,1,0,0
15061906,4,1,0,4,0,4,1,4,3,0,0,1,0,0,4,2,3,3,0,4,3,1,4,0,0,4,4,0,1,1,0,4,0,0,3,3,4,3,0,4,2,2,2,4,3,4,4,2,3,0,0,4,0,4,4,4,3,4,4,0,4,1,1,3,4,0,0,4,4,0,0,4,0,3,4,4,4,3,4,4,2,0,0,3,0,0,0,4,2,4,0,4,0,0,0,4,0,4,0,0,0,3,0,4,4,4,4,4,4,0,2,1,4,0,4,0,3,0,4,0,4,4,4,0,3,2,1,4,0,3,4,2,1,0,2,4,0,3,4,4,0,3,4,4,0,4,4,4,0,0,1,4,0,4,0,0,4,0,4,4,4,2,0,1,0,0,3,0,0,0,3,3,4,4,4,0,0,0,4,4,4,1,4,3,4,0,4,1,1,2,4,0,4,1,0,2,1,0,0,0,4,0,4,1,4,4,4,1,4,1,1,4,4,4,0,0,0,1,4,3,2,0,4,2,1,3,1,3,4,4,1,3,4,3,2,2,4,3,2,3,0,4,4,4,4,0,0,1,4,4,0,4,0,0,4,3,1,4,4,0,3,4,3,2,3,0,1,3,4,4,4,0,4,4,4,0,4,3,4,0,4,3,0,1,4,4,1,0,1,2,4,0,0,4,3,0,0,2,1,0,4,2,4,2,0,1,4,4,0,0,3,3,0,0,4,4,0,0,0,4,2,4,4,4,0,2,3,0,4,0,4,4,4,1,3,3,0,4,0,4,4,3,4,0,0,0,4,4,0,4,4,4,4,4,4,4,4,4,0,1,0,4,0,0,0,3,0,0,1,0,0,2,3,1,0,1,2,4,4,0,4,0,3,0,0,0,0,0,3,4,4,0,3,0,0,4,2,0,0,0,0,4,4,3,2,4,0,0,4,4,0,4,1,0,3,1,4,4,0,4,0,0,2,2,4,0,4,3,2,0,4,4,4,1,4,4,2,3,3,4,0,4,4,1,1,0,3,4,4,4,0,0,4,2,1,0,1,4,1,0,0,1,2,0,0,4,1,4,3,4,4,4,1,0,4,4,2,2,4,1,3,4,1,4,4,4,3,4,1,1,1,4,3,1,0,0,3,1,4,4,0,2,3,4,4,0,3,0,0,4,4,4,0,0,0,0,4,0,4,4,4,1,1,4,4,2,4,4,1,4,2,4,4,0,1,4,1,1,3,4,1,4,3,0,4,0,0,3,2,0,4,1,0,0,0,3,0,0,3,4,0,4,3,4,4,4,4,0,0,4,0,4,1,3,3,4,3,4,2,1,3,2,3,0,0,0,0,1,4,1,4,4,4,3,4,0,4,4,3,0,3,0,1,3,4,4,3,4,4,4,4,0,4,4,4,4,0,3,1,3,4,0,0,0,1,4,0,4,4,0,0,0,3,4,4,4,4,4,0,0,4,0,1,4,3,4,4,4,4,1,3,2,0,0,4,4,2,0,0,0,3,4,4,0,4,4,3,0,0,4,3,3,0,0,4,0,4,3,4,4,4,0,0,4,0,4,0,4,1,3,4,4,4,1,0,4,4,0,4,4,4,3,4,4,0,1,3,3,4,1,0,1,4,3,4,1,0,4,3,2,2,2,4,0,0,3,2,2,0,3,3,0,4,4,0,4,2,3,3,3,4,0,0,4,1,0,0,1,4,0,1,4,1,4,0,2,1,0,1,1,1,4,3,0,4,4,4,2,3,0,0,4,4,0,0,1,0,0,4,0,3,4,4,0,0,0,4,3,3,0,1,3,2,2,1,4,2,1,0,1,3,2,4,4,3,0,4,2,0,3,4,4,0,4,0,1,3,4,1,4,3,4,0,4,3,3,4,4,4,0,4,1,4,2,1,1,0,1,3,3,3,0,4,4,3,0,1,4,2,2,4,2,0,2,4,1,4,4,2,2,3,0,4,4,1,3,2,0,2,3,0,0,4,0,4,4,0,4,4,0,3,3,4,0,0,3,4,0,2,4,4,4,3,4,4,4,4,4,4,0,3,4,3,0,2,4,0,3,4,1,3,0,4,2,0,0,0,4,3,4,4,2,0,4,2,1,4,4,3,2,2,3,4,4,1,4,2,4,0,4,3,1,4,2,0,2,2,1,2,2,1,2,2,1,1,3,2,4,0,4,4,3,4,4,4,2,0,4,1,0,4,4,4,0,4,4,0,4,0,1,3,1,2,0,0,4,0,0,4,0,0,1,1,4,4,1,4,2,0,0
15060570,4,1,0,4,0,4,3,4,4,0,0,3,1,0,2,2,4,4,0,3,0,1,4,0,0,4,3,1,0,0,1,4,1,1,4,1,4,3,0,4,2,2,2,4,2,3,3,0,2,0,0,4,0,2,3,4,4,4,4,0,4,0,1,4,4,2,0,4,4,0,1,4,0,3,4,4,2,1,4,4,3,0,1,3,0,0,1,4,NA,4,0,4,0,0,0,4,0,4,0,1,2,4,0,4,4,4,3,3,4,0,3,2,4,0,4,4,3,3,4,0,4,4,4,1,2,3,0,1,0,1,4,1,1,0,2,4,0,3,4,4,0,3,4,4,0,4,4,4,0,0,0,4,1,4,0,0,4,0,3,4,4,2,0,1,0,0,2,0,0,0,4,4,4,4,4,0,0,0,4,4,4,0,3,2,4,0,4,0,0,2,4,0,4,0,0,1,1,0,0,0,4,0,4,2,4,3,3,0,4,0,3,4,4,4,0,0,4,4,4,4,2,0,4,2,1,4,2,4,1,4,1,3,4,4,2,2,4,2,3,1,0,4,4,2,2,0,0,2,4,4,0,4,0,0,4,3,2,3,4,0,4,4,2,4,3,0,0,4,4,2,4,0,4,4,3,0,4,1,4,0,4,2,1,1,3,4,3,0,4,1,4,0,0,4,4,0,0,2,2,1,4,3,4,2,0,1,2,4,0,2,1,3,2,0,4,4,0,0,0,4,1,4,4,4,0,3,3,1,4,0,4,4,4,0,3,2,0,4,0,3,3,4,3,1,0,0,4,4,0,4,2,3,4,2,3,4,4,4,0,0,0,4,0,1,0,4,0,1,0,0,0,2,3,0,2,0,0,3,3,0,4,2,4,0,0,1,1,0,4,4,4,0,3,0,0,4,2,0,0,1,0,3,4,1,1,3,0,0,4,4,0,3,4,0,0,4,4,2,0,4,0,1,3,1,4,0,4,2,2,0,4,3,4,0,4,4,2,4,0,4,3,4,4,1,0,0,3,4,4,4,0,0,3,1,0,1,0,4,3,2,2,0,1,0,0,2,0,4,3,4,4,4,2,0,2,4,2,4,4,0,4,4,2,4,4,4,2,2,1,2,2,4,3,0,0,0,3,1,4,4,0,2,4,4,4,0,0,0,0,4,4,4,0,0,0,0,4,0,4,4,4,1,0,4,4,3,4,4,1,4,1,3,4,1,1,4,0,1,3,4,2,4,3,0,2,0,0,2,2,1,4,0,0,0,0,4,0,0,4,4,0,4,3,4,4,4,4,0,0,4,0,3,2,2,2,4,4,4,1,3,2,NA,3,1,0,0,0,2,4,1,3,4,4,4,3,1,4,3,2,0,3,0,2,2,4,4,4,4,4,3,3,0,4,4,4,4,0,4,2,3,4,0,0,0,2,4,0,4,4,0,0,1,2,4,4,4,4,4,0,0,4,0,0,1,2,4,4,4,4,0,3,3,0,1,4,2,2,0,0,0,4,4,2,0,2,4,4,0,0,2,4,3,0,0,4,0,4,2,4,4,1,0,0,4,0,4,0,4,1,4,4,4,4,3,1,4,4,0,4,4,4,3,4,4,0,0,2,2,4,2,0,2,4,4,4,2,0,4,4,4,0,0,3,0,0,3,4,0,0,3,2,0,3,3,0,4,2,3,3,2,4,0,0,4,1,0,0,0,4,0,0,3,4,4,1,4,2,1,0,0,1,4,4,0,4,4,4,2,4,0,1,4,4,0,0,2,0,0,4,0,4,2,4,0,1,3,4,3,2,0,2,2,3,3,2,2,2,0,2,1,3,0,4,4,3,0,4,3,0,3,4,4,0,4,0,1,3,2,3,4,4,4,0,4,0,2,4,3,4,4,3,2,3,4,1,1,0,2,3,0,2,1,4,4,0,0,0,4,1,2,3,2,0,4,4,2,4,4,3,0,1,0,4,4,1,2,4,0,1,3,0,1,4,0,4,4,0,4,4,0,2,4,4,1,3,2,4,0,4,4,3,4,2,4,4,4,4,3,1,0,0,4,4,3,3,4,0,3,4,3,4,0,4,1,0,0,0,3,4,4,3,2,0,3,2,0,4,4,3,2,4,4,4,3,3,4,3,4,0,4,2,1,2,3,3,3,3,1,1,1,0,2,1,0,0,2,3,4,0,4,4,3,3,3,3,3,1,4,0,0,4,4,3,0,4,4,0,4,0,1,2,1,4,0,0,4,1,2,2,0,0,0,0,4,3,0,4,4,0,0
15061676,4,2,0,4,0,4,2,4,3,0,0,1,0,0,3,3,3,3,0,4,2,0,4,0,0,4,4,0,2,0,0,4,0,0,3,2,4,3,0,4,2,1,3,4,2,4,4,1,3,0,0,4,0,4,3,4,3,4,4,0,4,2,2,2,4,0,0,4,4,1,0,4,0,3,4,4,2,1,4,4,1,2,0,4,0,0,1,4,2,4,0,4,0,0,0,4,0,4,0,0,0,4,1,4,4,4,4,4,4,0,0,0,4,0,4,2,3,2,4,0,4,4,4,0,2,1,0,3,0,4,4,3,2,1,0,4,0,1,4,4,0,3,3,4,0,4,4,4,0,0,0,4,0,4,0,0,4,0,4,4,4,2,0,1,0,0,2,0,0,0,4,4,4,4,4,0,0,0,4,4,4,1,3,3,4,0,4,2,1,3,3,0,4,0,0,2,1,0,0,0,4,0,4,3,4,4,4,1,4,0,0,4,4,4,0,0,1,2,4,2,3,0,4,2,1,3,1,2,1,4,0,3,4,4,1,1,4,3,2,3,0,4,4,3,4,0,0,2,4,4,0,4,0,0,4,4,3,4,4,0,4,4,2,2,3,0,1,3,4,4,3,0,4,4,4,1,4,2,4,0,4,2,0,0,4,3,2,0,1,3,4,0,0,3,2,0,0,4,2,1,4,1,4,3,0,0,4,4,0,0,1,3,0,0,4,4,0,0,0,4,2,4,4,3,0,1,4,0,4,0,4,4,4,1,2,4,0,4,0,4,4,3,4,0,0,0,4,4,0,4,4,4,4,3,3,4,4,4,0,1,0,4,0,0,0,3,0,0,0,0,0,3,4,0,2,1,0,3,4,0,4,1,4,0,0,0,0,0,3,4,4,1,1,0,0,4,1,0,0,1,0,4,4,0,0,3,0,0,4,4,0,3,2,1,2,2,4,3,0,4,0,0,3,2,4,0,4,2,1,0,4,4,4,0,4,4,2,3,2,4,0,4,4,2,0,0,2,4,4,4,0,0,3,2,1,0,0,4,1,0,1,1,2,0,1,3,0,4,4,4,4,3,2,0,4,4,1,0,4,2,4,4,1,4,3,3,4,4,2,2,2,4,4,2,0,0,3,0,4,4,1,3,3,4,4,0,0,0,0,4,4,4,0,0,0,0,4,0,4,4,4,1,0,3,4,2,3,4,0,4,1,3,4,2,2,4,1,1,3,4,2,4,3,0,4,2,0,2,2,1,4,1,0,1,0,4,0,0,4,4,0,4,2,4,4,4,4,0,0,4,0,4,2,1,1,3,3,3,2,1,2,1,2,1,0,0,0,2,4,2,4,4,4,4,4,0,4,4,3,0,3,0,0,3,3,4,4,4,4,4,4,0,4,4,4,4,0,3,1,4,4,0,0,0,2,4,0,4,4,0,0,0,3,4,4,4,4,4,0,0,4,0,0,3,3,4,4,4,4,1,3,2,0,1,4,2,1,0,0,0,3,4,3,2,3,4,1,0,0,3,3,3,0,0,4,0,4,3,4,4,4,0,0,4,0,4,0,4,1,4,4,4,4,3,1,3,4,0,4,4,4,2,4,4,0,0,4,4,4,2,0,0,4,3,4,2,0,3,3,4,0,0,4,0,1,4,1,1,0,3,3,0,4,4,0,4,2,4,3,3,4,0,0,4,1,1,0,1,4,0,2,4,2,4,1,3,1,1,1,0,2,4,3,0,3,4,4,4,3,1,0,4,4,0,0,0,0,0,4,0,3,4,4,0,0,1,4,2,2,0,2,2,3,3,1,3,1,0,1,1,3,2,4,3,3,0,4,2,0,3,4,4,0,4,0,1,3,3,2,4,3,4,0,4,2,3,3,4,4,1,4,2,3,4,1,2,0,2,3,2,2,0,4,4,3,0,1,4,2,3,3,4,1,2,4,2,4,4,1,3,4,0,4,4,0,1,2,1,3,4,0,1,4,0,4,4,0,4,4,0,4,4,4,1,1,3,4,0,2,4,4,4,1,4,4,4,4,4,3,0,2,4,3,1,2,4,0,4,4,1,4,0,4,2,0,0,1,4,2,4,4,2,0,4,2,1,4,4,3,2,2,2,4,4,1,4,3,4,0,4,3,1,4,2,1,3,3,1,2,2,2,4,4,0,0,1,2,4,0,4,4,4,4,3,4,1,0,4,1,0,4,3,4,0,4,4,0,4,0,1,2,1,1,0,0,4,0,0,4,0,0,2,0,4,4,2,4,3,0,0
15061490,4,0,0,4,0,4,2,4,3,0,0,0,0,0,4,2,3,3,0,4,4,2,4,0,0,4,3,1,0,0,0,4,0,0,4,2,4,3,0,4,2,2,2,4,2,4,4,1,3,0,0,4,0,4,3,4,2,4,4,0,4,1,1,3,4,0,0,4,4,0,1,4,0,2,4,4,4,3,4,3,1,1,0,4,0,0,0,4,2,4,0,4,0,0,0,4,0,4,0,0,0,4,1,4,4,4,4,4,4,1,2,0,4,0,4,0,4,1,4,0,4,4,4,0,3,2,1,3,0,4,4,3,2,0,1,4,0,2,4,4,0,4,3,4,0,4,4,4,0,1,1,4,0,4,0,0,4,0,4,4,4,3,0,1,0,0,3,0,0,0,3,3,4,4,4,0,0,0,4,4,4,0,3,2,4,0,4,2,1,2,3,0,4,0,0,2,0,0,0,0,4,0,4,4,4,4,4,2,4,0,0,4,4,4,0,0,0,1,4,3,2,0,4,1,2,3,2,2,3,4,1,3,4,4,2,2,4,3,4,1,0,4,4,4,4,0,0,1,4,4,0,4,0,0,4,4,3,3,4,0,3,4,4,1,4,0,0,4,4,4,4,0,4,4,4,0,4,2,4,0,4,1,0,1,4,4,3,0,2,2,4,0,0,4,1,0,0,2,2,0,4,2,4,3,0,1,4,4,0,0,3,3,0,0,4,4,0,0,0,4,1,4,4,4,0,3,3,2,4,0,4,4,4,0,3,3,2,4,0,4,4,4,4,0,0,0,4,4,0,4,4,4,4,3,4,4,4,4,0,0,0,4,0,1,0,3,0,0,0,0,0,2,3,1,1,1,1,3,4,0,4,0,4,0,0,0,0,0,4,4,4,0,1,0,0,4,2,0,0,1,0,3,4,3,2,4,0,0,4,4,0,3,3,0,1,3,4,3,0,4,0,0,3,1,4,0,4,3,3,0,4,3,4,1,4,4,4,3,2,4,0,4,4,2,1,0,2,4,4,4,0,0,3,1,1,0,0,4,2,1,1,1,1,0,1,4,1,4,3,4,4,3,2,0,4,4,2,2,4,1,4,4,0,4,4,4,3,4,2,2,2,4,3,2,0,0,3,1,4,4,1,3,2,4,4,0,2,0,0,4,4,4,0,0,0,0,4,0,4,4,4,1,1,3,4,2,2,4,2,4,1,3,4,1,2,4,1,1,4,4,1,4,3,0,4,2,0,2,2,1,4,2,0,0,0,4,0,0,4,4,0,4,2,4,4,4,4,0,0,4,0,4,2,1,1,4,3,3,1,2,3,1,2,1,0,0,0,1,4,1,4,4,4,4,4,0,4,4,1,0,3,0,2,4,4,4,3,4,4,4,4,0,4,4,4,4,0,3,1,2,4,0,0,0,1,4,0,3,4,0,0,0,3,4,4,4,4,4,0,0,4,0,1,4,3,4,4,4,4,2,4,2,0,1,4,3,2,0,0,0,3,4,3,2,3,4,2,0,0,4,3,3,0,0,4,0,4,4,4,4,4,0,0,4,0,4,0,4,1,3,4,4,4,3,1,3,4,0,4,4,4,2,4,4,0,2,4,4,4,2,0,1,4,3,4,1,0,4,3,2,2,2,4,0,1,3,2,1,0,3,3,0,4,4,0,4,4,3,3,3,4,0,0,4,1,1,0,2,4,0,2,4,2,4,0,2,1,0,2,2,1,4,1,0,3,4,4,3,2,1,0,4,4,0,0,2,0,0,4,0,4,4,4,0,0,2,4,3,3,0,1,2,3,3,2,3,2,1,2,1,3,2,4,4,4,0,4,1,0,4,4,4,2,4,0,0,4,4,1,4,3,4,0,4,2,3,3,4,4,0,4,0,3,2,0,2,0,1,3,3,3,0,4,4,3,0,0,4,1,3,3,2,1,3,4,2,4,4,2,2,3,0,4,4,1,3,3,0,2,3,0,0,4,0,4,4,0,4,4,0,3,3,4,1,1,3,4,0,3,4,4,4,2,4,4,4,4,4,2,0,3,4,3,0,0,4,0,4,4,2,3,0,4,3,0,0,1,4,3,4,4,2,0,4,2,0,4,4,3,2,2,3,4,2,2,4,4,4,0,4,4,1,4,2,1,3,3,1,2,2,1,2,2,1,1,2,1,4,0,3,4,4,4,3,3,2,0,4,1,0,4,3,4,0,4,4,0,4,0,0,2,0,2,0,0,4,0,0,4,0,0,1,0,4,4,1,4,2,0,0
15060025,4,2,0,4,0,4,4,4,4,0,0,2,1,0,4,1,4,4,0,4,2,0,4,0,0,4,4,0,2,1,0,4,0,0,3,2,4,2,0,4,3,1,3,4,2,4,4,2,3,0,0,4,0,4,4,4,4,4,4,0,4,1,1,3,4,0,0,4,4,0,1,4,0,3,4,4,0,0,4,4,2,2,0,4,0,0,0,4,2,4,0,4,0,0,0,4,0,4,0,0,0,4,0,4,4,4,4,4,4,0,2,2,4,1,4,3,4,1,4,0,4,4,4,0,3,1,0,3,0,3,4,3,4,1,0,4,0,3,4,4,0,4,4,4,0,4,4,4,0,0,0,4,0,4,0,0,4,0,4,4,4,3,0,3,0,0,3,0,0,0,4,2,4,4,4,0,0,0,4,4,4,0,4,4,4,0,4,3,2,1,3,0,4,2,0,3,1,0,0,0,4,0,4,0,4,4,4,2,4,0,1,4,4,4,0,0,3,2,4,3,2,0,4,2,1,2,1,3,4,4,2,2,4,2,2,2,4,3,4,3,0,4,4,4,4,0,0,1,4,4,0,4,0,0,4,4,3,4,4,0,3,4,3,2,4,1,1,3,4,4,4,0,4,4,4,0,4,1,4,0,4,3,0,0,4,3,0,0,2,3,4,0,0,3,3,0,0,3,1,2,4,2,4,2,0,1,3,4,0,0,2,4,0,0,4,4,0,0,0,4,3,4,4,3,0,0,4,0,4,0,4,4,4,0,4,3,1,4,0,4,4,3,4,0,0,0,4,4,0,4,4,4,4,4,4,4,4,4,0,3,0,4,0,1,0,3,0,0,0,0,0,1,2,0,2,2,0,4,4,0,4,3,3,0,0,0,0,0,4,4,4,1,1,0,0,4,3,0,0,2,0,3,4,1,1,4,0,0,4,4,0,2,4,1,0,4,4,4,0,4,0,1,3,3,4,0,4,3,2,0,4,4,4,0,4,2,3,4,1,4,0,4,4,1,0,0,3,4,4,4,0,0,3,0,1,0,0,4,0,1,1,2,1,0,0,4,0,4,3,4,4,3,2,0,4,4,1,2,4,0,3,4,3,4,3,4,3,4,1,1,1,4,3,2,0,0,3,0,4,4,1,1,3,4,4,0,0,0,0,4,4,4,0,0,1,0,3,0,4,4,4,0,0,3,4,3,3,4,1,4,3,3,4,2,3,4,1,2,3,4,0,4,2,0,3,1,0,3,2,1,4,1,0,1,0,4,0,0,4,4,0,4,1,4,4,4,4,0,2,4,1,4,2,2,2,3,4,3,0,2,2,1,1,0,0,1,0,1,4,1,4,4,4,3,4,0,4,4,4,0,3,0,2,3,3,4,4,4,4,4,4,0,4,4,4,4,0,4,0,3,4,0,0,0,2,4,0,2,4,0,0,0,4,4,4,4,4,4,0,0,4,0,0,2,1,4,4,4,4,0,4,4,0,2,4,2,1,0,0,0,4,4,2,2,3,4,2,0,0,3,3,4,0,0,4,0,4,3,4,4,4,0,0,4,0,4,0,4,0,4,4,4,4,3,0,3,4,0,4,4,4,1,3,4,1,0,3,3,4,2,0,1,4,4,3,2,0,4,4,4,0,0,4,0,1,4,3,1,0,4,4,0,4,3,0,4,3,3,4,4,3,1,0,4,1,1,0,0,4,0,0,4,0,4,0,2,1,0,0,0,1,4,1,0,4,4,3,3,3,0,0,4,4,1,0,1,0,0,4,0,3,4,4,0,1,1,3,2,3,0,1,3,3,3,1,3,1,0,1,1,2,2,4,3,4,1,4,1,0,4,4,4,0,4,0,0,4,4,2,4,4,4,0,4,3,2,4,4,4,0,4,1,4,2,0,2,0,1,3,3,3,0,4,4,3,0,2,4,3,3,2,2,1,3,4,3,4,4,2,2,2,0,4,4,1,3,3,0,2,3,0,0,3,0,4,4,0,4,4,0,4,4,4,0,1,1,4,0,3,4,4,4,3,4,4,4,4,4,4,0,3,4,4,1,3,4,0,3,4,0,3,0,4,1,0,0,1,3,2,4,4,2,0,4,3,1,4,4,4,2,1,3,4,3,1,4,4,4,0,4,3,2,3,3,3,4,4,2,1,1,1,2,3,0,0,1,2,4,0,3,4,4,4,2,4,3,0,4,1,0,4,3,4,0,4,4,0,4,0,0,2,0,2,0,0,4,0,0,4,0,0,1,0,4,4,1,4,1,0,0
15061720,4,1,1,3,1,3,2,4,4,0,0,3,2,0,2,1,4,4,0,4,2,1,4,0,0,4,3,1,1,0,0,4,0,0,4,0,4,4,0,4,3,3,1,4,2,2,2,1,3,0,0,4,0,4,4,4,4,4,4,0,4,0,0,4,4,0,0,4,3,0,0,4,0,4,4,3,2,1,4,4,2,1,0,4,0,0,0,4,4,4,0,4,0,0,0,4,0,4,0,1,0,4,1,4,4,4,4,4,4,0,2,0,3,1,4,3,4,0,4,0,4,4,4,1,3,3,0,3,0,4,4,1,1,1,1,3,0,2,3,4,0,3,3,4,0,4,4,4,0,0,0,4,0,4,0,0,4,0,3,4,4,2,0,2,0,0,3,0,0,0,2,2,2,4,4,1,0,0,4,4,4,0,4,4,4,0,4,2,1,3,3,0,4,1,0,0,3,0,0,0,4,0,4,1,4,4,4,1,4,0,1,4,3,4,0,0,1,4,2,3,2,0,4,4,0,4,2,1,4,4,2,4,4,4,3,2,4,4,2,2,0,4,4,4,4,0,0,2,4,4,0,4,0,0,4,3,4,4,4,0,4,4,1,3,2,0,1,3,4,2,4,0,4,4,4,1,4,2,4,1,4,1,0,1,3,2,0,0,3,3,4,0,0,4,3,0,0,4,1,2,4,2,4,2,0,0,2,4,0,0,2,3,1,1,4,4,1,0,0,4,2,4,4,3,0,1,2,0,4,0,4,4,4,1,3,1,0,4,0,4,2,3,4,0,0,0,4,4,0,4,4,4,4,3,4,2,4,4,0,1,0,4,1,1,0,3,0,0,1,0,0,1,4,0,2,2,2,4,4,0,4,3,4,0,0,0,0,0,4,4,3,2,2,0,0,NA,2,0,0,0,0,4,4,1,1,3,0,0,4,4,2,3,2,1,2,2,4,4,0,4,0,1,2,2,4,0,4,3,1,0,4,4,4,0,4,2,3,4,2,4,0,4,4,2,0,0,2,4,4,4,0,0,3,1,1,1,1,4,0,0,2,0,1,0,1,4,0,4,4,4,4,3,2,0,4,4,2,1,4,1,4,4,1,4,2,4,2,4,2,1,1,4,2,0,0,0,3,1,4,4,0,1,4,4,4,0,0,0,0,4,3,4,0,0,1,0,3,0,4,4,4,0,0,4,4,1,4,4,1,4,2,2,4,1,1,4,1,2,3,4,1,4,3,0,3,1,1,0,4,2,4,1,0,1,0,3,0,0,4,4,0,4,3,4,4,4,4,0,0,4,1,NA,0,2,2,4,4,3,2,2,3,1,4,0,0,1,0,1,4,2,3,4,4,3,4,0,4,3,4,1,2,0,1,3,2,4,3,4,4,4,4,0,4,4,4,4,0,4,0,4,4,0,0,0,3,4,0,3,4,0,0,1,4,4,4,4,4,4,0,0,4,0,0,4,1,4,4,4,4,0,3,2,0,3,4,1,1,0,0,0,4,4,3,1,3,4,2,0,0,1,4,4,0,0,4,0,4,3,4,4,4,0,0,4,0,4,0,4,0,4,4,4,4,1,0,3,4,0,4,4,4,2,4,4,0,0,1,2,3,3,1,3,3,4,4,0,0,4,4,3,1,0,4,1,1,4,3,0,0,4,4,0,3,3,0,4,2,3,3,2,3,1,0,4,1,0,0,0,4,0,0,NA,4,4,0,3,1,0,0,0,1,4,4,0,4,4,4,3,3,2,0,4,4,1,0,0,0,1,4,0,4,2,4,0,2,2,4,1,4,0,0,4,2,NA,1,4,4,0,1,1,4,0,4,2,3,2,4,2,0,2,2,4,2,2,2,0,3,NA,1,4,4,4,0,4,0,3,4,4,4,1,4,1,4,3,0,1,0,1,3,1,2,0,4,4,3,0,2,4,3,2,2,3,1,3,4,1,4,4,0,2,3,0,4,4,0,2,3,0,4,2,0,2,3,0,4,4,0,4,4,0,4,4,4,0,2,4,4,0,4,4,4,4,3,4,4,3,4,3,4,0,0,4,4,1,1,4,0,2,4,0,2,0,4,1,0,0,1,4,2,3,2,1,0,4,3,0,4,4,4,2,2,3,4,3,1,4,4,4,0,4,3,0,3,3,3,3,3,0,1,1,1,3,3,0,0,1,1,4,0,4,4,3,4,3,4,0,0,4,0,0,4,4,4,0,4,4,0,4,0,0,1,0,2,0,0,4,1,1,3,0,0,0,0,4,4,0,4,3,0,0
15060039,3,1,1,3,2,2,1,4,4,0,1,1,1,0,2,2,4,4,0,3,3,1,4,0,0,4,3,1,1,1,0,4,0,0,1,0,4,4,0,3,2,2,1,4,2,4,4,1,1,0,0,4,0,4,4,4,2,4,4,0,4,1,0,2,4,0,0,4,2,1,1,4,0,2,3,3,2,1,4,4,1,2,1,2,0,1,1,4,2,3,1,3,1,0,0,4,0,4,0,0,0,4,0,4,4,2,4,4,4,1,1,0,3,1,4,2,3,2,4,0,4,4,4,0,3,1,2,2,0,2,4,3,2,0,1,3,0,2,3,4,1,4,3,4,0,4,4,4,0,0,0,4,0,4,0,0,4,1,4,4,4,3,0,4,0,0,1,0,0,0,3,3,3,4,3,2,0,0,4,4,4,1,3,3,4,0,4,1,1,1,4,0,4,1,0,2,2,0,0,0,4,0,3,2,3,4,4,1,4,0,1,4,3,4,0,0,2,3,4,3,2,0,4,1,2,4,2,2,3,4,4,4,4,4,2,1,4,2,4,1,0,4,4,3,4,0,0,1,3,4,0,4,0,0,4,3,3,4,4,0,4,4,2,3,4,0,0,3,2,4,4,0,4,4,4,0,3,2,4,2,4,3,0,1,3,3,1,0,4,4,4,0,1,2,0,0,0,1,4,0,4,2,4,4,0,2,2,3,0,0,2,2,1,0,3,3,2,0,0,3,1,3,4,2,1,2,3,1,4,NA,3,4,4,0,4,3,0,4,0,3,3,4,4,0,0,0,4,4,0,3,4,4,4,4,2,4,4,4,0,1,0,4,1,1,0,2,0,0,0,0,0,2,2,2,1,0,0,4,4,0,3,3,4,0,0,0,1,0,4,4,3,1,1,0,0,3,0,0,0,1,0,3,4,1,1,3,0,0,4,4,1,2,3,2,1,3,4,3,0,4,0,2,3,1,4,0,4,2,2,0,4,2,4,2,4,4,3,4,0,4,0,4,4,1,1,0,2,4,4,4,0,0,3,3,1,0,1,4,1,1,3,1,1,0,1,3,3,4,3,4,3,3,2,0,4,4,2,4,4,1,4,4,2,4,4,4,3,4,1,4,4,4,4,1,0,0,2,0,4,4,0,1,2,4,4,1,1,1,0,4,4,4,0,0,0,0,3,0,4,4,4,2,1,2,4,3,2,4,3,4,3,4,4,0,2,4,1,2,3,4,1,4,4,0,3,1,0,1,4,1,3,3,1,1,0,3,0,0,3,4,2,4,2,4,4,4,4,0,1,3,1,3,1,2,2,2,4,2,0,1,4,1,3,1,0,1,0,3,4,2,3,4,4,4,3,0,4,4,2,1,3,0,1,4,4,4,4,4,4,2,4,0,4,4,4,4,0,4,1,3,4,0,0,0,3,4,0,2,4,0,0,1,2,3,3,3,3,4,0,1,3,0,2,4,3,4,4,4,4,2,3,1,0,1,4,3,1,0,0,0,4,4,2,3,3,4,2,1,1,2,4,2,0,0,4,0,4,4,4,4,4,0,0,4,0,4,0,4,3,2,4,4,4,4,0,2,4,2,2,4,4,3,3,3,1,0,3,3,4,0,0,1,4,3,3,3,0,3,2,4,0,0,4,0,1,3,3,0,0,3,3,1,4,4,1,3,2,1,0,2,3,1,0,4,2,1,0,1,4,0,2,4,2,4,0,2,0,0,2,1,1,4,3,0,2,4,4,4,4,2,NA,4,4,0,0,1,1,2,4,0,3,4,4,0,0,1,4,3,2,0,2,1,4,4,2,2,1,0,1,1,4,2,4,3,3,0,4,1,0,3,4,4,1,4,0,1,4,3,2,4,3,4,0,4,1,3,2,4,4,0,4,2,2,4,0,2,0,2,3,3,2,0,4,4,1,0,2,4,4,3,3,3,0,1,4,3,4,4,1,3,4,0,4,4,0,4,4,1,4,4,0,3,4,0,4,4,0,4,4,0,3,3,4,1,3,2,4,1,1,4,4,3,1,4,4,4,4,4,3,0,0,4,4,2,4,4,0,3,4,2,2,0,4,3,1,1,2,4,0,3,3,4,0,4,1,1,3,3,1,1,2,3,4,2,2,4,3,4,0,4,4,2,4,3,1,3,3,2,1,2,1,4,4,2,2,2,2,4,0,3,4,2,2,4,4,3,0,4,0,0,4,4,4,1,3,4,0,3,1,1,3,1,4,2,2,4,1,0,4,0,0,2,0,3,4,2,4,2,0,0
15061965,3,2,0,4,0,4,3,4,4,0,1,2,1,0,3,2,4,4,0,4,2,3,4,0,1,4,4,0,1,0,0,4,1,0,2,2,4,3,0,4,3,2,1,4,2,3,3,2,1,0,0,4,0,3,3,4,3,4,4,0,4,1,0,3,4,0,0,4,4,0,1,4,0,3,4,4,2,1,4,3,3,1,0,3,1,0,0,3,3,4,0,4,0,0,0,4,0,4,0,0,0,4,1,4,4,3,4,4,4,0,2,NA,4,1,4,1,4,1,4,0,4,4,4,0,3,2,0,4,0,3,4,2,1,NA,1,4,0,3,4,4,0,4,NA,4,1,4,4,4,0,0,0,3,0,4,0,0,4,0,3,4,NA,2,0,1,0,0,3,0,0,0,3,2,3,3,4,1,0,0,4,4,4,0,3,4,4,0,4,1,1,1,3,0,3,1,0,3,2,0,0,0,4,0,NA,2,4,4,3,1,4,NA,1,4,3,4,1,1,2,1,4,2,2,1,3,3,0,3,1,3,4,3,3,2,NA,1,3,1,4,4,3,2,0,4,4,2,3,0,0,1,4,4,0,4,0,0,4,4,3,4,4,0,4,4,3,1,4,0,1,2,4,4,3,1,4,4,4,NA,3,1,4,0,4,2,0,1,4,4,1,0,1,4,4,0,0,4,2,0,0,4,2,2,4,3,4,1,1,0,2,3,0,0,2,3,1,0,4,4,0,0,0,4,3,4,4,3,0,1,3,0,4,0,4,4,4,1,1,3,NA,4,0,4,4,2,NA,0,0,0,4,3,0,4,4,4,4,3,4,4,4,4,0,3,0,4,0,0,0,3,0,0,0,0,0,2,3,0,1,1,0,3,4,0,4,1,2,0,0,1,0,NA,4,4,4,0,2,0,0,4,1,0,0,1,0,4,4,2,2,3,0,0,4,4,0,2,NA,1,0,NA,3,3,0,3,0,1,2,2,4,0,3,3,3,0,4,3,4,0,4,3,2,NA,1,4,1,4,4,1,NA,0,2,4,4,4,0,0,2,1,0,0,1,4,0,1,0,2,2,0,2,4,1,4,3,4,3,3,0,0,4,4,2,2,3,1,3,4,1,4,NA,3,4,4,1,1,1,4,3,2,0,0,3,1,3,3,0,1,4,4,3,0,0,0,0,4,3,4,0,0,1,0,3,0,4,4,4,0,0,3,4,2,3,4,1,4,2,1,4,NA,2,4,NA,1,3,4,1,4,2,1,2,2,1,1,2,1,4,2,0,NA,1,3,0,0,3,3,0,4,1,4,4,4,4,1,0,4,1,4,1,2,3,3,3,3,1,1,2,1,2,1,0,1,0,2,4,1,4,3,3,2,4,0,4,4,2,0,3,0,1,3,4,4,4,4,4,4,4,1,3,3,4,NA,1,3,1,3,4,0,0,0,1,3,0,2,4,0,0,0,4,4,4,4,4,4,0,0,4,0,0,3,1,3,4,4,4,2,4,2,0,1,3,2,2,0,0,0,4,3,3,1,2,NA,2,0,0,4,2,4,0,0,4,0,4,3,4,4,4,0,0,NA,0,4,0,4,2,4,4,4,4,2,0,3,4,0,4,4,4,2,4,4,0,NA,4,4,3,1,1,1,3,3,4,2,0,4,3,3,NA,NA,3,0,2,2,2,1,0,3,3,0,4,3,0,3,3,3,3,3,4,1,0,4,1,NA,0,1,4,0,2,4,2,4,0,2,1,0,1,1,0,4,2,0,3,4,4,3,4,NA,1,4,4,1,0,2,0,0,4,0,3,NA,3,1,1,2,4,2,2,0,1,3,2,2,1,3,1,0,1,1,3,2,4,4,4,0,4,1,1,3,4,4,0,4,0,NA,4,4,2,4,4,4,0,4,1,2,3,4,4,1,4,1,3,2,NA,3,0,1,3,3,2,1,3,3,3,1,2,4,4,2,3,2,1,NA,4,1,4,4,2,1,3,0,4,4,1,2,2,0,2,3,0,0,3,0,4,4,0,4,4,0,4,4,4,1,1,2,4,0,3,4,3,4,3,NA,4,3,4,3,3,0,3,4,4,1,3,4,0,4,4,0,2,0,3,2,0,0,1,4,2,3,4,1,0,4,3,NA,4,4,3,2,2,3,4,2,2,NA,3,4,0,4,3,1,4,3,2,3,3,1,1,1,0,2,3,0,0,2,1,4,0,3,4,3,3,4,4,3,0,4,NA,0,3,4,NA,0,4,4,0,4,1,0,2,0,3,0,0,3,1,0,4,0,0,1,1,4,4,0,4,1,0,0
15061271,4,0,0,4,0,4,3,4,4,0,0,3,2,0,4,0,4,4,0,4,3,1,4,0,0,4,4,0,0,1,0,4,0,0,3,0,4,4,0,4,3,1,3,4,3,4,4,0,3,0,0,4,0,4,4,4,3,4,4,0,4,0,0,4,4,0,0,4,4,0,1,4,0,4,4,4,3,3,4,3,1,0,0,2,0,0,0,4,3,4,0,4,0,0,0,4,0,4,0,1,0,4,0,4,4,4,3,3,4,0,3,1,4,1,4,2,4,1,4,0,4,4,4,0,4,4,1,3,0,4,4,0,1,0,4,4,0,4,3,4,0,4,4,4,0,4,4,4,0,1,0,4,0,4,0,0,4,0,4,4,4,2,0,2,0,0,2,0,0,0,2,3,4,4,4,2,2,1,3,4,4,0,4,3,4,0,4,2,1,0,4,0,4,1,0,2,1,0,0,0,4,0,2,0,4,4,4,2,4,0,1,4,3,4,0,0,0,3,4,2,1,0,4,2,2,4,2,3,4,3,3,3,3,3,3,3,4,3,4,2,1,4,4,4,3,0,1,0,4,4,0,3,0,0,4,3,4,3,4,0,2,4,3,3,3,0,0,3,4,4,4,0,4,4,4,1,4,2,4,0,4,2,0,0,4,3,0,0,2,3,4,0,0,4,2,0,0,2,2,1,4,2,4,3,1,2,4,4,0,0,3,4,0,0,4,4,1,0,0,4,2,4,4,4,0,2,NA,0,4,0,4,4,4,1,3,1,2,4,0,4,4,3,4,0,0,0,4,4,0,4,4,4,4,3,4,4,4,4,0,1,0,4,0,2,0,2,2,1,2,0,0,1,4,0,3,1,0,4,4,0,4,3,4,0,0,0,0,0,4,4,4,1,4,0,0,4,1,0,0,1,0,3,4,3,2,4,0,0,4,4,1,3,3,0,1,3,4,2,0,4,0,1,2,1,4,0,4,4,3,0,4,4,4,0,4,2,4,4,1,4,0,4,4,3,0,0,1,4,4,4,0,0,4,0,0,0,1,4,1,1,1,1,1,0,2,3,0,4,2,4,4,4,3,0,4,4,2,2,4,0,4,4,3,4,4,4,3,4,2,1,1,4,2,1,0,0,4,2,4,4,0,1,4,4,4,0,0,0,0,4,4,4,0,0,1,0,3,0,4,4,4,1,0,4,4,3,3,4,2,4,3,2,4,1,3,4,1,2,4,4,1,4,4,0,3,2,0,1,3,0,4,1,0,1,0,4,0,0,4,4,0,4,1,4,4,4,4,0,0,4,1,4,2,0,0,4,2,4,1,2,4,0,3,0,0,0,0,2,4,0,4,4,4,3,4,1,4,3,3,1,2,0,3,3,4,4,4,4,4,4,4,0,4,4,4,4,0,3,1,3,4,0,0,0,3,4,0,3,4,0,0,2,3,4,4,4,4,4,0,0,4,0,0,3,1,4,4,4,4,0,4,4,0,3,4,3,2,0,0,0,4,4,3,0,3,4,4,0,0,4,2,3,0,0,3,0,4,4,4,4,4,0,0,4,0,4,0,4,1,4,4,4,3,4,1,4,4,0,4,4,4,3,4,4,0,0,1,1,3,0,1,3,3,4,4,2,0,4,4,2,2,1,4,1,0,4,3,1,0,3,3,0,3,2,0,4,3,4,3,2,3,1,0,4,0,0,0,1,4,0,1,4,1,4,0,1,1,0,1,1,0,4,3,0,3,4,3,3,4,2,0,4,4,1,0,1,0,1,4,0,4,3,4,0,0,0,3,2,1,0,3,0,4,4,1,4,1,1,2,0,4,1,4,3,4,0,4,2,0,3,4,4,1,4,0,1,3,4,1,4,4,4,0,4,2,3,4,4,4,1,4,0,4,2,0,2,0,1,3,3,3,0,4,4,3,0,2,4,3,2,1,1,1,4,4,2,4,4,4,0,1,0,4,4,1,2,4,0,1,2,0,0,3,0,4,4,0,4,4,0,4,4,4,1,2,3,4,0,4,4,4,4,2,4,4,4,4,2,4,0,3,4,4,0,1,4,0,2,4,1,2,0,4,2,0,0,0,4,4,4,4,2,0,3,3,1,4,4,3,2,0,2,4,3,1,4,3,4,0,4,4,1,4,2,2,4,4,1,2,2,1,1,3,0,0,3,3,4,0,3,4,4,4,3,3,2,0,4,0,0,4,4,4,0,4,4,0,4,0,0,0,0,3,0,0,4,0,0,4,0,0,1,0,4,3,1,4,2,0,0
15061944,4,0,0,4,0,4,2,4,4,0,0,3,1,0,4,0,4,4,0,4,4,1,4,0,1,4,3,1,0,2,0,4,0,0,4,2,4,4,0,4,3,3,1,4,3,4,4,1,3,0,0,4,0,4,4,4,4,4,4,0,4,0,0,4,4,0,0,4,3,1,1,4,0,2,3,4,2,2,4,4,2,0,0,1,0,0,0,4,2,4,0,4,0,0,0,4,0,4,0,0,0,4,0,4,4,4,3,4,4,0,2,2,4,1,4,3,4,1,4,0,4,4,4,1,4,4,2,2,1,3,4,2,2,0,2,4,0,2,4,3,0,3,4,4,0,4,4,4,0,1,1,4,0,4,0,0,4,0,4,4,4,2,0,3,0,0,4,0,0,0,3,3,4,4,4,0,2,1,3,4,4,0,4,4,4,0,4,0,1,0,4,0,4,1,0,2,1,0,0,0,4,0,2,0,4,4,4,2,4,0,1,4,4,4,0,0,1,1,4,4,1,0,4,3,1,4,1,3,4,3,3,1,3,1,3,3,4,2,3,1,1,4,4,4,3,0,1,0,4,4,0,4,0,0,4,3,3,3,4,0,2,4,4,4,4,0,0,4,4,3,4,0,4,4,4,0,4,1,4,0,3,2,0,1,4,4,0,0,2,3,4,0,0,3,0,0,0,1,3,1,4,3,4,1,1,1,2,4,0,0,3,3,0,0,4,4,0,0,0,4,1,4,4,4,0,2,2,0,4,0,4,4,4,0,4,2,NA,4,0,4,4,4,4,0,0,0,4,4,0,3,4,4,4,2,3,4,4,4,0,2,0,4,0,0,0,2,1,1,0,0,0,0,2,1,1,1,0,4,4,0,4,2,3,0,0,0,0,0,4,4,3,0,4,0,0,4,2,0,0,1,0,3,4,3,2,4,0,0,4,4,0,3,2,0,2,2,4,1,0,4,0,0,3,1,4,0,4,4,4,0,4,3,4,1,4,4,4,4,1,4,0,4,4,1,1,0,3,4,4,4,0,0,4,1,0,0,1,4,0,2,2,2,0,0,1,4,1,4,3,4,4,4,1,0,4,4,3,3,4,0,4,4,3,4,4,4,2,4,0,3,3,4,4,1,0,0,4,2,4,4,0,3,3,4,4,0,2,0,0,4,4,4,0,0,0,0,3,0,4,4,4,2,1,3,4,2,3,4,3,4,4,3,4,0,1,4,0,0,4,4,0,4,3,0,3,0,0,2,4,1,4,2,0,0,0,3,0,0,3,4,0,4,3,4,4,4,4,0,2,4,1,3,3,3,2,4,1,4,2,1,4,NA,2,0,0,2,0,1,4,1,4,4,4,2,4,1,4,4,4,0,3,0,2,4,4,4,3,4,4,4,4,0,4,4,4,4,0,3,2,2,4,0,0,0,1,4,0,3,4,0,0,1,3,4,4,4,4,4,1,0,4,0,1,3,4,4,4,4,4,1,4,3,0,0,4,4,1,0,0,0,3,4,3,1,2,4,3,0,0,4,4,2,0,0,4,0,4,2,4,4,4,0,0,4,0,4,0,4,1,3,4,4,4,3,0,4,4,0,4,4,4,3,4,4,0,0,1,1,4,1,0,2,4,4,3,4,0,4,4,4,0,0,4,2,0,3,2,1,0,2,2,0,4,4,0,4,3,3,4,3,3,1,0,4,2,0,0,1,4,0,1,3,3,4,0,1,0,0,1,1,1,4,2,0,4,4,4,1,3,0,0,4,4,0,0,2,0,0,4,0,4,4,4,0,0,1,4,2,4,0,0,4,4,4,4,1,3,1,2,1,3,2,4,4,4,1,4,3,0,4,4,4,1,4,0,1,4,4,1,4,4,4,0,4,2,3,2,4,4,2,4,0,4,3,0,2,0,1,3,4,3,0,4,4,3,0,3,4,4,3,4,2,0,4,4,2,4,4,1,3,3,0,4,4,1,3,4,0,1,3,0,0,4,0,4,4,0,4,4,0,3,3,4,0,3,2,4,0,3,4,4,4,4,4,4,1,4,4,4,0,2,4,3,0,2,4,0,3,4,0,1,0,4,3,0,0,0,2,4,4,3,3,0,4,2,0,4,4,1,1,3,2,4,2,4,4,3,4,0,4,4,0,2,4,2,2,2,0,1,1,1,1,1,1,1,4,1,4,0,4,4,3,4,4,2,4,0,4,0,0,4,4,4,0,4,4,0,4,0,0,1,0,4,0,0,4,0,0,4,0,0,2,1,3,3,3,4,0,0,0
15061586,4,3,1,3,1,3,3,2,4,1,1,2,1,0,3,1,4,4,0,4,1,2,4,0,0,4,3,1,0,1,1,4,0,0,3,1,4,3,0,4,4,1,3,4,2,3,3,0,2,0,0,4,0,1,3,4,2,4,3,0,4,1,1,3,4,0,0,4,4,3,0,4,0,4,4,3,4,3,4,4,3,0,1,2,1,0,0,2,4,4,1,3,1,1,1,4,0,4,0,0,0,4,3,3,4,3,4,4,4,0,3,0,4,0,4,2,3,3,4,1,3,4,3,2,3,2,2,2,1,2,3,2,0,0,2,3,0,3,3,3,0,4,4,4,0,4,4,4,0,0,0,3,0,4,0,0,4,1,3,4,3,3,0,2,0,0,3,1,0,0,2,4,0,4,2,1,0,0,4,4,4,1,3,4,4,1,3,1,1,1,4,0,3,0,0,1,3,0,0,0,4,0,4,2,3,2,3,1,4,1,1,4,3,4,2,1,3,2,3,3,3,2,4,2,1,3,1,2,2,3,4,3,3,3,3,2,4,2,2,2,1,3,4,3,2,0,0,3,4,4,0,4,0,0,4,3,2,3,4,0,4,4,2,4,3,0,0,3,3,4,4,0,4,4,3,0,3,1,4,0,3,3,2,1,2,2,2,0,2,3,4,0,1,4,4,0,0,3,0,1,4,1,4,4,0,0,3,4,0,0,2,3,1,2,4,4,1,0,0,4,1,4,3,3,1,1,3,0,4,1,3,3,3,1,2,3,1,4,0,3,4,4,4,0,0,1,3,4,0,4,4,3,4,4,4,4,3,4,0,2,0,4,0,1,0,4,0,0,0,0,0,4,4,0,2,2,1,3,4,0,4,3,4,0,0,1,1,0,4,4,4,2,2,0,0,4,2,0,1,2,0,3,4,3,3,4,1,1,3,4,1,3,4,2,0,4,3,4,0,3,0,1,2,0,3,1,3,2,2,0,4,3,4,0,3,3,2,2,2,4,1,4,4,3,1,1,1,4,4,4,0,0,3,1,0,0,0,4,1,0,1,1,2,0,1,2,1,4,2,3,1,4,2,0,3,4,0,2,3,1,4,4,3,4,4,4,4,4,2,1,1,4,3,1,0,1,2,0,4,4,1,1,4,4,4,0,0,1,0,2,4,4,0,1,0,0,3,0,4,4,4,2,0,4,4,2,4,3,3,4,1,4,4,0,2,4,0,2,4,3,1,4,1,0,2,2,1,1,4,0,4,1,0,1,1,4,0,0,4,3,1,4,2,4,4,3,3,1,1,4,0,4,0,3,3,3,3,4,0,2,3,1,3,1,0,0,0,1,4,2,2,3,3,2,3,0,4,4,3,0,2,1,1,0,4,4,4,4,4,4,4,1,3,3,4,3,1,2,0,4,4,0,0,0,1,4,0,2,4,1,0,1,3,3,3,3,3,4,0,1,3,1,0,4,3,4,4,4,4,2,3,1,0,1,4,3,1,0,0,0,4,4,2,1,2,3,1,1,2,3,3,3,1,0,4,0,4,3,3,4,3,0,0,4,0,4,0,4,2,4,4,4,4,1,0,4,4,1,4,4,4,3,4,4,0,0,2,2,4,4,0,1,4,4,3,2,0,3,4,3,1,0,3,0,0,2,3,0,0,4,4,0,4,4,0,4,2,2,1,3,4,0,1,3,1,0,0,3,4,0,4,4,4,4,1,1,0,1,3,2,1,4,4,0,4,3,4,3,4,1,1,4,4,0,0,1,0,1,4,1,3,3,3,1,0,2,4,3,2,0,2,2,3,3,1,3,1,0,3,0,3,3,3,2,3,0,4,0,0,4,4,4,1,4,0,0,4,3,3,4,2,4,0,4,2,3,3,4,4,1,4,2,3,4,1,2,0,2,3,4,4,1,4,3,4,0,1,4,3,2,4,3,1,2,4,3,4,4,1,2,4,0,4,4,1,2,4,0,4,4,0,3,4,0,4,4,0,4,4,0,4,4,4,0,2,1,3,1,3,3,3,3,1,3,4,3,4,3,3,0,1,4,4,1,2,4,0,4,4,1,2,0,4,1,0,0,0,2,3,4,3,3,0,4,3,0,4,4,2,2,2,3,4,4,2,3,2,4,0,4,4,3,4,3,3,4,4,4,0,1,0,4,2,0,0,2,2,4,0,3,4,2,1,4,4,2,0,3,0,0,3,4,4,1,3,4,0,3,1,2,2,2,1,1,1,3,3,1,3,0,0,1,0,4,3,2,4,4,0,0
15061917,4,1,0,4,0,4,3,4,3,0,0,2,1,0,4,2,3,3,0,4,3,0,4,0,1,4,4,0,1,1,0,4,0,0,3,2,4,3,0,4,1,0,4,4,2,4,4,1,3,0,0,4,0,4,3,4,3,4,4,0,4,1,1,3,4,0,0,4,3,1,1,4,0,3,4,4,3,2,4,4,1,1,0,4,0,0,1,4,2,4,0,4,0,0,0,4,0,4,0,0,0,4,0,4,4,4,3,4,4,0,1,0,4,1,4,1,4,1,4,0,4,4,4,1,4,3,0,3,0,3,4,3,1,0,1,4,0,2,4,4,0,4,2,4,0,4,4,4,0,0,0,4,0,4,0,0,4,0,4,4,4,3,0,3,0,0,3,0,0,0,3,3,4,4,4,0,0,0,4,4,4,0,4,4,4,0,4,2,0,1,4,0,4,1,0,2,1,0,0,0,4,0,3,0,4,4,4,1,4,1,0,4,4,4,0,0,0,2,4,3,1,0,4,4,0,3,2,2,3,4,1,2,4,3,2,2,4,3,4,3,1,4,4,4,3,0,1,1,4,4,0,4,0,0,4,4,3,4,4,0,3,4,3,2,4,1,1,3,4,4,3,0,4,4,4,0,4,1,4,0,4,3,0,1,4,3,0,0,1,3,4,0,0,3,0,0,0,2,1,1,4,1,4,1,0,0,2,4,0,0,2,3,0,0,4,4,0,0,0,4,2,4,4,3,0,1,3,0,4,0,4,4,4,0,3,4,1,4,0,4,4,4,4,0,0,0,4,4,0,3,4,4,4,3,4,4,4,4,0,1,0,4,0,0,0,3,0,0,0,0,0,3,3,1,1,1,0,3,4,0,4,1,3,0,0,0,0,0,4,4,4,1,1,0,0,4,1,0,0,2,0,3,4,3,2,4,0,0,4,4,0,4,3,1,1,3,4,2,0,4,0,0,3,1,4,0,4,3,3,0,4,4,4,1,4,2,2,3,2,4,0,4,4,2,1,0,2,4,4,4,0,0,3,3,1,0,1,4,0,1,1,1,2,0,0,4,1,4,4,4,4,4,1,0,4,4,3,1,4,1,4,4,3,4,4,4,4,4,2,0,0,4,3,1,0,0,3,2,4,4,0,3,3,4,4,0,0,0,0,4,4,4,0,0,1,0,3,0,4,4,4,1,0,2,4,3,2,4,1,4,3,2,4,1,2,4,1,1,4,4,0,4,4,0,4,0,0,2,2,0,4,2,0,2,0,3,0,0,3,4,0,4,2,4,4,4,4,0,1,4,1,4,2,2,2,4,1,4,2,1,3,1,3,1,0,1,0,2,4,2,4,4,4,3,4,0,4,4,3,0,3,0,2,4,4,4,4,4,4,4,4,0,4,4,4,4,0,3,1,4,4,0,0,0,2,4,0,4,4,0,0,0,3,4,4,4,4,4,0,0,4,0,1,3,3,4,4,4,4,1,3,2,0,1,4,2,0,0,0,0,3,4,4,2,2,4,2,0,0,4,2,3,0,0,4,0,4,2,4,4,4,0,0,4,0,4,0,4,2,3,4,4,4,4,0,4,4,0,4,4,4,3,4,4,0,1,2,2,4,2,0,0,4,3,4,3,0,3,3,3,1,1,3,1,0,3,1,1,0,3,3,0,4,3,0,4,3,4,2,1,3,1,0,4,1,0,0,0,4,0,0,3,2,4,0,3,1,0,0,0,2,4,4,0,3,4,4,2,4,1,0,4,4,1,0,2,0,0,4,0,4,4,4,0,0,1,4,3,3,0,1,3,2,2,2,3,1,0,2,1,3,2,4,3,4,0,4,2,0,4,4,4,0,4,0,0,4,4,2,4,3,4,0,4,3,3,2,4,4,1,4,1,3,4,0,2,0,2,3,3,1,0,4,4,2,0,2,4,3,3,3,2,0,3,4,2,4,4,2,2,4,0,4,4,1,3,2,0,2,4,0,0,3,0,4,4,0,4,4,0,4,4,4,0,2,2,4,0,4,4,4,4,3,4,4,3,4,4,4,0,3,4,4,1,2,4,0,4,4,0,3,0,4,3,0,0,0,4,4,4,3,2,0,3,2,0,4,4,1,1,3,3,4,4,1,4,3,4,0,4,4,1,3,3,3,3,3,1,1,1,1,3,3,1,1,3,1,4,0,4,4,2,4,3,3,2,0,4,1,0,4,4,4,0,4,4,0,4,0,0,1,0,2,0,0,4,0,0,4,0,0,1,0,3,4,2,4,2,0,0
15061704,4,2,0,4,0,4,4,4,4,0,0,2,1,0,4,1,4,4,0,4,2,0,4,0,0,4,4,0,2,1,0,4,0,0,3,2,4,2,0,4,3,1,3,4,3,4,4,2,3,0,0,4,0,4,4,4,4,4,4,0,4,1,1,3,4,0,0,4,4,0,1,4,0,3,4,4,0,0,4,4,2,2,0,4,0,0,0,4,2,4,0,4,0,0,0,4,0,4,0,0,0,4,0,4,4,4,4,4,4,0,2,2,4,1,4,3,4,1,4,0,4,4,4,0,3,1,0,3,0,3,4,3,4,1,0,4,0,3,4,4,0,4,4,4,0,4,4,4,0,0,0,4,0,4,0,0,4,0,4,4,4,3,0,3,0,0,3,0,0,0,4,2,4,4,4,0,0,0,4,4,4,0,4,4,4,0,4,3,2,1,3,0,4,2,0,3,1,0,0,0,4,0,4,0,4,4,4,2,4,0,1,4,4,4,0,0,3,2,4,3,2,0,4,2,1,3,1,3,4,4,2,2,4,2,2,2,4,3,4,3,0,4,4,4,4,0,0,1,4,4,0,4,0,0,4,4,3,4,4,0,3,4,3,2,4,1,1,3,4,4,4,0,4,4,4,0,4,1,4,0,4,3,0,0,4,3,0,0,2,3,4,0,0,3,3,0,0,3,1,2,4,2,4,2,0,1,3,4,0,0,2,4,0,0,4,4,0,0,0,4,3,4,4,3,0,0,4,0,4,0,4,4,4,0,4,3,1,4,0,4,4,3,4,0,0,0,4,4,0,4,4,4,4,4,4,4,4,4,0,3,0,4,0,1,0,3,0,0,0,0,0,1,2,0,2,2,0,4,4,0,4,3,3,0,0,0,0,0,4,4,4,1,1,0,0,4,3,0,0,2,0,3,4,1,1,4,0,0,4,4,0,2,4,1,0,4,4,4,0,4,0,1,3,3,4,0,4,3,2,0,4,4,4,0,4,2,3,4,1,4,0,4,4,1,0,0,3,4,4,4,0,0,3,0,1,0,0,4,0,1,1,2,1,0,0,4,0,4,3,4,4,3,2,0,4,4,1,2,4,0,3,4,3,4,3,4,3,4,1,1,1,4,3,2,0,0,3,0,4,4,1,1,3,4,4,0,0,0,0,4,4,4,0,0,1,0,3,0,4,4,4,0,0,3,4,3,3,4,1,4,3,3,4,2,3,4,1,2,3,4,0,4,2,0,3,1,0,3,2,1,4,1,0,1,0,4,0,0,4,4,0,4,1,4,4,4,4,0,2,4,1,4,2,2,2,3,4,3,0,2,2,1,1,0,0,1,0,1,4,1,4,4,4,3,4,0,4,4,4,0,3,0,2,3,3,4,4,4,4,4,4,0,4,4,4,4,0,4,0,3,4,0,0,0,2,4,0,2,4,0,0,0,4,4,4,4,4,4,0,0,4,0,0,2,1,4,4,4,4,0,4,4,0,2,4,2,1,0,0,0,4,4,2,2,3,4,2,0,0,3,3,4,0,0,4,0,4,3,4,4,4,0,0,4,0,4,0,4,0,4,4,4,4,3,0,3,4,0,4,4,4,1,3,4,1,0,3,3,4,2,0,1,4,4,3,2,0,4,4,4,0,0,4,0,1,4,3,1,0,4,4,0,4,3,0,4,3,2,4,4,3,1,0,4,1,1,0,0,4,0,0,4,0,4,0,2,1,0,0,0,1,4,1,0,4,4,3,3,3,0,0,4,4,1,0,1,0,0,4,0,3,4,4,0,1,1,3,2,3,0,1,3,3,3,1,3,1,0,1,1,2,2,4,3,4,1,4,1,0,4,4,4,0,4,0,0,4,4,2,4,4,4,0,4,3,2,4,4,4,0,4,1,4,2,0,2,0,1,3,3,3,0,4,4,3,0,2,4,3,3,2,2,1,3,4,3,4,4,2,2,2,0,4,4,1,3,3,0,2,3,0,0,3,0,4,4,0,4,4,0,4,4,4,0,1,1,4,0,3,4,4,4,3,4,4,4,4,4,4,0,3,4,4,1,3,4,0,3,4,0,3,0,4,1,0,0,1,3,2,4,4,2,0,4,3,1,4,4,4,2,1,3,4,3,1,4,4,4,0,4,3,2,3,3,3,4,4,2,1,1,1,2,3,0,0,1,2,4,0,3,4,4,4,2,4,3,0,4,1,0,4,3,4,0,4,4,0,4,0,0,2,0,2,0,0,4,0,0,4,0,0,1,0,4,4,1,4,1,0,0
15061679,4,0,0,4,0,4,3,4,3,0,0,1,1,0,4,1,3,3,0,4,4,1,4,0,0,4,4,0,0,1,0,4,0,0,4,1,4,4,0,4,4,0,4,4,3,4,4,0,3,0,0,4,0,4,3,4,2,4,4,0,4,1,1,3,4,0,0,4,4,1,2,4,0,3,4,4,1,1,4,4,1,0,0,3,0,0,0,4,3,4,0,4,0,0,0,4,0,4,0,0,0,4,1,4,4,4,4,4,4,0,2,1,4,0,4,3,3,1,4,0,4,4,4,0,4,3,1,3,0,3,4,1,3,1,2,4,0,2,4,3,0,4,3,4,0,4,4,4,0,1,1,4,0,4,0,0,4,0,4,4,3,3,0,1,0,0,2,0,0,0,3,2,4,4,4,0,1,1,3,4,4,0,3,2,4,0,4,1,1,2,4,0,4,0,0,1,2,0,0,0,4,0,4,2,4,4,4,2,4,0,0,4,4,4,0,0,2,1,4,3,2,0,4,2,1,4,1,3,2,3,3,3,3,2,2,1,4,3,2,2,0,4,4,4,4,0,0,1,4,4,0,4,0,0,4,4,2,4,4,0,3,4,3,3,4,0,1,4,3,4,4,0,4,4,4,1,4,3,4,0,4,1,0,1,4,4,2,0,3,4,4,0,0,3,2,0,0,3,3,1,4,2,4,3,1,0,4,4,0,0,1,3,0,0,4,4,1,0,0,4,1,4,4,3,0,2,4,0,4,0,4,4,4,1,2,2,1,4,0,4,4,4,4,0,0,0,4,4,0,4,4,4,4,2,3,4,4,4,0,1,0,4,0,0,0,3,1,1,0,0,0,2,2,1,1,1,1,3,4,0,4,2,3,0,0,0,0,0,4,4,3,0,2,0,0,4,3,0,0,0,0,4,4,1,1,2,0,0,4,4,0,3,2,1,2,2,4,4,0,4,0,0,2,3,4,0,4,3,3,0,4,4,4,1,4,4,3,4,2,4,0,4,4,1,1,0,3,4,4,4,0,0,4,3,0,0,0,4,2,2,1,0,3,0,2,3,1,4,2,4,4,4,1,0,4,4,2,1,4,0,4,4,1,4,3,NA,2,4,1,2,2,4,4,1,0,0,4,2,4,4,0,3,2,4,4,0,0,0,0,4,4,4,0,0,0,0,4,0,4,4,4,1,0,4,4,1,4,4,0,4,1,4,4,2,3,4,1,0,3,4,1,4,2,0,3,2,0,1,3,1,4,2,0,0,0,4,0,0,4,4,0,4,2,4,4,4,4,0,1,4,0,4,0,2,2,4,2,4,2,0,3,1,2,0,0,0,0,1,4,1,4,4,4,4,4,1,4,4,3,0,3,0,2,4,3,4,4,4,4,4,4,0,4,4,4,4,0,3,1,3,4,0,0,0,0,4,0,3,4,0,0,0,3,4,4,4,4,4,0,0,4,0,1,3,3,4,4,4,4,2,4,2,0,1,4,4,2,0,0,0,3,4,4,1,2,4,2,0,0,4,3,3,0,0,4,0,3,4,4,4,4,0,0,4,0,4,0,4,1,3,4,4,4,2,1,4,4,0,4,4,4,4,4,4,0,1,4,4,4,1,0,2,4,4,3,2,0,3,4,3,1,1,4,0,0,3,3,0,0,3,3,0,4,4,0,4,3,1,4,4,4,0,0,4,1,0,0,2,4,0,2,4,2,4,0,1,1,0,2,1,1,4,3,0,2,4,4,3,3,2,0,4,4,0,0,0,0,0,4,0,4,4,4,0,0,1,4,1,3,0,1,3,3,3,2,3,3,0,1,2,3,1,4,4,4,0,4,1,0,4,4,4,1,4,0,0,4,4,1,4,3,4,0,4,2,3,3,4,4,0,4,1,4,2,0,2,0,1,2,3,2,0,4,4,2,0,1,4,3,2,3,2,0,3,4,1,4,4,3,1,3,0,4,4,0,1,3,0,1,4,0,1,4,0,4,4,0,4,4,0,4,4,4,1,1,3,4,0,2,4,4,4,2,4,4,3,4,4,2,0,1,4,4,2,3,4,0,3,4,2,3,0,4,4,0,0,0,3,3,4,3,2,0,4,2,1,4,4,3,2,2,3,4,2,2,4,3,4,0,4,4,1,4,3,2,3,3,1,1,1,1,2,2,1,1,2,2,4,0,4,4,3,4,4,3,2,0,4,0,0,4,3,3,0,4,4,0,4,0,1,2,1,3,0,0,4,0,0,4,0,0,1,0,4,3,1,4,1,0,0
15061560,2,4,0,4,0,4,3,4,3,0,0,3,2,1,3,1,4,4,0,4,0,2,4,0,0,4,4,0,2,0,0,4,2,0,2,1,4,3,0,3,3,1,3,4,3,3,3,NA,2,0,0,4,0,4,4,4,3,4,3,0,4,1,0,3,4,0,0,4,4,0,2,4,0,3,4,4,1,1,4,4,2,2,0,4,0,0,0,3,3,4,0,4,0,0,0,4,0,4,0,0,0,4,1,4,4,4,4,4,4,1,0,0,4,1,4,2,4,0,4,0,4,4,4,0,4,3,2,3,0,4,4,4,3,0,0,4,0,4,4,4,0,4,4,4,1,4,4,4,0,0,0,4,0,4,0,0,4,0,3,4,4,1,0,2,2,1,1,0,0,0,3,2,3,4,4,1,0,0,4,4,4,0,3,3,4,0,4,2,2,1,3,0,3,1,0,2,1,0,0,0,4,0,3,1,3,4,4,2,4,0,2,4,3,4,1,0,3,2,4,2,2,1,3,1,1,3,1,3,4,3,3,3,3,2,2,1,4,4,4,2,0,4,4,2,3,0,0,2,4,4,0,4,0,0,4,4,2,4,4,0,4,4,4,2,4,1,0,3,4,4,4,1,4,4,4,0,3,2,4,0,4,1,1,1,4,2,0,0,2,4,4,0,0,4,2,0,0,2,1,2,4,1,4,2,1,1,2,3,0,0,2,3,1,0,4,4,0,0,0,4,3,4,4,3,0,0,3,1,4,0,4,4,4,0,3,4,0,4,0,4,4,3,3,0,0,0,4,4,0,4,4,4,4,4,4,4,4,4,0,4,0,4,0,1,0,3,0,0,0,0,0,3,2,0,3,2,0,4,4,0,4,3,3,0,0,0,0,0,4,4,4,3,2,0,0,4,3,0,0,2,0,3,4,0,0,4,0,0,4,4,0,3,3,0,1,2,4,4,0,4,0,2,2,3,4,0,3,4,3,0,4,3,4,0,4,2,3,3,1,4,1,4,4,1,0,0,2,4,4,4,0,0,3,1,0,0,0,4,1,1,1,2,1,0,1,3,0,4,3,4,1,3,1,0,4,4,1,3,3,0,2,4,3,4,4,4,2,4,1,0,0,4,3,1,0,0,1,0,4,4,1,2,4,4,3,0,0,0,0,4,3,4,0,0,1,0,2,0,4,3,4,1,1,3,4,1,3,4,3,4,4,3,4,0,1,4,2,0,3,4,1,4,1,0,4,1,1,1,2,0,4,2,0,1,1,3,0,0,3,3,0,4,0,4,4,4,4,0,0,3,1,4,2,2,2,4,4,3,1,2,3,0,3,1,0,2,0,1,4,2,4,4,4,1,4,0,4,4,2,0,2,0,2,3,4,4,4,4,4,3,4,0,4,4,4,4,0,4,1,3,4,0,0,0,3,4,0,2,4,1,0,0,3,4,4,4,4,4,1,0,4,0,0,3,1,4,4,4,4,0,4,4,0,1,3,3,1,2,0,0,4,3,2,2,1,3,3,0,0,2,2,4,0,0,4,0,4,2,4,4,4,0,0,3,0,4,0,3,1,4,4,3,3,3,0,3,4,0,4,4,4,1,3,4,2,0,2,2,4,3,0,0,4,4,3,0,0,4,4,4,0,0,3,0,1,2,3,2,0,3,3,0,4,3,0,3,3,2,3,4,3,1,1,4,1,0,0,0,4,0,0,4,1,4,0,2,1,0,0,0,0,4,1,0,3,4,3,3,4,0,0,4,4,1,0,3,0,0,4,0,4,3,3,1,1,2,3,3,1,0,3,1,3,3,0,4,0,0,3,1,4,2,4,2,4,1,4,1,1,3,4,4,1,4,0,1,4,4,1,4,4,4,0,4,3,3,3,4,4,1,4,1,3,2,1,3,0,2,3,1,2,0,3,4,4,0,2,4,3,2,3,2,0,4,4,4,4,4,1,2,3,0,4,4,2,4,1,1,2,3,0,0,3,0,4,4,0,4,4,0,3,3,4,1,3,1,4,0,3,4,4,4,3,3,4,3,4,3,3,0,1,4,4,2,3,4,0,4,4,1,4,0,3,2,0,0,1,4,2,3,3,4,0,4,3,0,4,4,2,1,1,3,4,1,3,4,4,4,0,4,4,3,4,3,3,4,4,3,1,1,1,3,4,0,0,2,1,3,0,3,4,2,3,1,4,4,0,4,1,0,3,3,4,0,4,4,0,4,1,0,2,0,3,1,1,4,0,0,4,0,0,2,2,3,4,2,4,0,0,0
15062151,3,2,1,3,1,3,3,4,3,0,0,2,1,0,3,3,3,3,0,4,2,0,4,0,0,4,3,1,1,0,1,4,0,0,4,2,4,3,0,4,2,2,1,4,4,2,2,0,4,0,0,4,0,3,3,4,3,4,4,0,4,1,2,3,4,0,0,4,4,0,0,4,0,4,4,3,4,3,4,4,1,0,1,4,0,0,0,4,3,4,0,4,0,0,0,4,0,4,0,0,0,4,2,4,4,4,4,4,4,0,2,1,3,0,4,1,2,1,4,0,4,3,4,1,3,3,0,3,0,4,4,2,0,0,2,4,0,2,3,4,0,3,3,4,0,4,4,4,0,0,0,4,0,4,0,0,4,0,3,4,4,2,0,2,0,0,2,0,0,0,3,3,4,4,4,0,1,1,3,4,4,0,3,4,4,0,4,1,0,4,4,0,4,0,0,1,0,0,0,0,4,0,4,1,4,4,4,0,4,0,0,4,4,4,0,0,2,1,2,2,4,0,3,1,1,3,1,1,3,4,1,3,4,4,2,3,4,3,2,3,0,4,4,4,4,0,0,4,4,4,0,3,0,0,4,3,2,4,4,0,4,4,3,2,4,0,2,4,4,4,4,0,4,4,3,1,4,2,4,1,3,1,0,1,1,4,1,0,1,2,4,0,0,4,3,0,0,3,3,2,4,3,4,3,1,0,3,4,0,0,2,4,1,0,4,4,0,0,0,4,3,4,4,3,0,1,4,0,4,0,4,4,4,NA,2,4,0,4,0,3,2,4,4,0,0,0,4,4,0,3,4,4,4,2,3,2,4,4,0,0,0,4,1,0,0,2,1,1,0,0,0,1,4,0,1,1,1,4,4,0,4,2,4,0,0,0,0,0,4,4,3,0,3,0,0,3,1,0,0,1,0,4,4,0,0,2,0,0,4,4,0,3,3,2,1,3,4,4,0,4,0,0,4,3,4,0,4,1,1,0,4,3,4,0,4,4,4,2,3,4,0,4,4,3,0,0,1,4,4,4,0,0,4,1,NA,1,0,4,0,0,1,2,0,0,1,4,0,4,4,4,4,4,2,0,4,4,2,1,4,1,4,4,0,4,4,3,3,4,2,2,2,4,4,1,0,0,3,1,4,4,1,3,4,4,4,0,0,0,0,4,3,4,0,0,0,0,4,0,4,4,4,0,0,4,4,3,4,4,1,4,3,3,4,0,0,4,1,2,4,4,2,4,3,0,4,2,1,2,3,0,4,1,0,1,0,4,0,0,4,4,0,4,1,4,4,4,4,0,0,4,0,4,1,2,2,3,3,4,2,2,2,2,3,0,0,1,0,2,4,2,3,4,4,3,4,1,4,4,2,0,4,0,0,4,3,4,4,4,4,4,4,0,4,4,4,4,0,2,0,3,4,0,0,0,1,4,0,2,4,0,0,1,3,4,4,4,4,4,0,0,4,0,0,4,4,4,4,4,4,1,2,1,0,0,4,1,0,0,0,0,4,4,4,0,4,4,2,0,0,3,2,4,0,0,4,0,4,4,4,4,4,0,0,4,0,4,0,4,1,4,4,4,4,3,1,4,4,0,4,4,4,3,4,4,0,0,2,2,4,2,0,0,4,3,4,1,0,4,3,4,0,0,4,0,0,4,3,1,0,4,4,0,4,4,0,4,3,2,2,3,4,0,0,4,1,0,0,0,4,0,0,3,2,4,1,4,1,1,0,0,2,4,3,0,4,4,4,3,3,0,1,4,4,0,0,0,0,0,4,0,3,3,4,0,0,1,4,3,2,0,2,2,3,3,1,3,2,0,0,0,4,1,4,4,2,0,4,0,0,4,4,4,1,4,0,0,4,3,1,4,3,4,0,4,2,2,4,4,4,0,4,2,4,3,0,1,0,3,3,0,3,0,4,4,3,0,2,4,3,4,4,4,1,2,4,2,4,4,1,3,3,0,4,4,0,2,1,0,4,4,0,3,4,0,4,4,0,4,4,0,4,4,4,1,1,2,4,0,0,4,4,4,2,4,4,4,4,4,4,0,1,4,2,1,2,4,0,4,4,0,2,0,4,1,0,0,0,4,2,3,4,2,0,4,2,1,4,4,3,2,4,4,4,3,2,4,2,4,0,4,2,1,2,2,2,3,3,1,2,3,3,3,3,0,0,0,4,3,0,4,4,4,3,4,3,1,1,4,1,0,4,4,4,0,4,4,0,4,0,2,2,2,2,0,0,4,1,1,2,0,0,0,0,4,3,0,4,3,0,0
15061349,4,1,0,4,0,4,3,4,4,0,0,1,0,0,3,2,3,3,0,4,3,1,4,0,0,4,3,1,1,2,0,4,0,0,3,2,4,2,0,4,3,2,2,4,3,4,4,0,2,0,0,4,0,4,4,4,4,4,4,0,4,0,2,4,4,0,0,4,4,0,0,4,0,2,4,4,3,3,4,4,1,1,0,4,0,0,0,4,3,4,0,4,0,0,0,4,0,4,0,0,0,4,0,4,4,4,4,4,4,0,2,1,4,2,4,3,3,2,4,0,4,4,4,0,3,0,0,3,0,2,4,1,1,1,2,4,0,2,4,3,0,3,3,4,0,4,4,4,0,0,0,4,0,4,0,0,4,0,4,4,4,3,0,3,0,0,1,0,0,0,4,3,4,3,4,0,1,1,3,4,4,1,4,2,4,0,4,1,1,2,4,0,4,2,0,3,1,0,0,0,4,0,4,2,4,4,4,2,4,0,1,4,4,4,0,0,2,2,4,1,2,0,4,2,1,3,1,0,2,4,3,3,4,2,2,2,4,3,2,2,0,4,4,3,4,0,0,0,4,4,0,4,0,0,4,3,2,3,4,0,3,4,2,3,3,0,1,3,4,4,2,0,4,4,4,0,4,1,4,0,4,2,0,0,4,3,2,0,1,3,4,0,0,3,3,0,0,3,2,2,4,2,4,1,1,0,2,3,0,0,2,2,0,0,4,4,0,0,0,4,3,4,4,3,0,0,4,0,4,0,4,4,4,1,2,2,0,4,0,4,4,4,4,0,0,0,4,4,0,3,3,4,4,4,3,4,4,4,0,1,0,4,0,0,0,3,1,1,0,0,0,2,2,0,1,1,0,4,4,0,4,2,4,0,0,0,0,0,3,4,4,1,2,0,0,4,3,0,0,2,0,3,4,2,2,3,0,0,4,4,0,3,2,0,2,2,4,3,0,4,0,1,2,1,4,0,4,3,3,0,4,4,4,0,4,2,3,3,2,4,0,4,4,1,0,0,3,4,4,4,0,0,4,2,1,1,1,4,2,0,1,2,1,0,0,4,0,4,4,4,4,4,2,0,4,4,2,2,4,1,4,4,2,4,3,4,4,4,2,1,1,4,2,1,0,0,4,0,4,4,1,1,4,4,4,0,0,0,0,4,4,4,0,0,2,0,4,0,4,4,4,1,0,4,4,1,4,4,1,4,1,3,4,1,3,4,0,2,4,4,0,4,3,0,4,2,0,3,2,0,4,0,0,1,0,4,0,0,4,4,0,4,2,4,4,4,4,0,0,4,2,4,2,2,2,3,2,4,1,2,1,1,3,0,0,1,0,0,4,1,4,4,4,3,4,1,4,4,2,0,2,0,2,4,3,4,4,4,4,4,4,0,4,4,4,4,0,3,1,3,4,0,0,0,1,4,0,4,4,0,0,0,4,4,4,4,4,4,0,0,4,0,0,3,3,4,4,4,4,1,3,2,0,0,4,3,3,0,0,0,4,4,3,1,3,4,3,0,0,4,3,3,0,0,4,0,4,3,4,4,4,0,0,4,0,4,0,4,0,4,4,4,4,3,0,4,4,0,4,4,4,2,3,4,1,1,3,3,4,3,0,2,4,4,3,2,0,3,4,3,1,1,4,1,0,4,2,1,0,3,3,0,4,4,0,4,3,3,3,3,2,2,0,4,1,1,0,1,4,0,2,4,2,4,1,2,1,1,1,1,2,4,2,0,4,4,4,3,2,0,1,4,4,1,0,3,0,0,4,0,3,4,4,0,0,0,4,2,2,0,2,2,4,4,1,4,2,1,1,1,3,3,4,3,4,0,4,1,0,3,4,4,1,4,0,1,3,3,0,4,3,4,0,4,2,2,3,4,4,2,4,1,4,3,1,2,0,1,2,3,3,0,4,4,3,0,1,4,2,2,4,2,0,2,4,2,4,4,2,2,2,0,4,4,1,2,3,0,1,3,0,0,3,0,4,4,0,4,4,0,4,4,4,2,2,3,4,0,2,4,4,4,2,4,4,2,4,4,3,0,2,4,2,0,2,4,0,2,4,1,3,0,4,2,0,0,0,2,3,4,4,2,0,4,1,1,4,4,3,2,2,2,4,3,2,4,2,4,0,4,2,2,3,2,2,4,4,2,2,2,2,2,3,0,0,3,3,4,0,4,4,4,4,4,4,2,0,4,1,0,4,3,4,0,4,4,0,4,0,1,1,1,2,0,0,4,0,0,4,0,0,1,0,4,3,1,4,1,0,0
15061430,4,1,0,4,0,4,3,4,3,0,0,2,1,0,4,2,3,3,0,4,3,0,4,0,1,4,4,0,1,1,0,4,0,0,3,2,4,3,0,4,2,0,4,4,2,4,4,1,3,0,0,4,0,4,3,4,3,4,4,0,4,1,1,3,4,0,0,4,3,1,1,4,0,3,4,4,3,2,4,4,1,1,0,4,0,0,1,4,2,4,0,4,0,0,0,4,0,4,0,0,0,4,0,4,4,4,3,4,4,0,1,0,4,1,4,1,4,1,4,0,4,4,4,1,4,3,0,3,0,3,4,3,1,0,1,4,0,2,4,4,0,4,2,4,0,4,4,4,0,0,0,4,0,4,0,0,4,0,4,4,4,3,0,3,0,0,3,0,0,0,3,3,4,4,4,0,0,0,4,4,4,0,4,4,4,0,4,2,0,1,4,0,4,1,0,2,1,0,0,0,4,0,3,0,4,4,4,1,4,1,0,4,4,4,0,0,0,2,4,3,1,0,4,4,0,3,2,2,3,4,1,2,4,3,2,2,4,3,4,3,1,4,4,4,3,0,1,1,4,4,0,4,0,0,4,4,3,4,4,0,3,4,3,2,4,1,1,3,4,4,3,0,4,4,4,0,4,1,4,0,4,3,0,1,4,3,0,0,1,3,4,0,0,3,0,0,0,2,1,1,4,1,4,1,0,0,2,4,0,0,2,3,0,0,4,4,0,0,0,4,2,4,4,3,0,1,3,0,4,0,4,4,4,0,3,4,1,4,0,4,4,4,4,0,0,0,4,4,0,3,4,4,4,3,4,4,4,4,0,1,0,4,0,0,0,3,0,0,0,0,0,3,3,1,1,1,0,3,4,0,4,1,3,0,0,0,0,0,4,4,4,1,1,0,0,4,1,0,0,2,0,3,4,3,2,4,0,0,4,4,0,4,3,1,1,3,4,2,0,4,0,0,3,1,4,0,4,3,3,0,4,4,4,1,4,2,2,3,2,4,0,4,4,2,1,0,2,4,4,4,0,0,3,3,1,0,1,4,0,1,1,1,2,0,0,4,1,4,4,4,4,4,1,0,4,4,3,1,4,1,4,4,3,4,4,4,4,4,2,0,0,4,3,1,0,0,3,2,4,4,0,3,3,4,4,0,0,0,0,4,4,4,0,0,1,0,3,0,4,4,4,1,0,2,4,3,2,4,1,4,3,2,4,1,2,4,1,1,4,4,0,4,4,0,4,0,0,2,2,0,4,2,0,2,0,3,0,0,3,4,0,4,2,4,4,4,4,0,1,4,1,4,2,2,2,4,1,4,2,1,3,1,3,1,0,1,0,2,4,2,4,4,4,3,4,0,4,4,3,0,3,0,2,4,4,4,4,4,4,4,4,0,4,4,4,4,0,3,1,4,4,0,0,0,2,4,0,4,4,0,0,0,3,4,4,4,4,4,0,0,4,0,1,3,3,4,4,4,4,1,3,2,0,1,4,2,0,0,0,0,3,4,4,2,2,4,2,0,0,4,2,3,0,0,4,0,4,2,4,4,4,0,0,4,0,4,0,4,2,3,4,4,4,4,0,4,4,0,4,4,4,3,4,4,0,1,2,2,4,2,0,0,4,3,4,3,0,3,3,3,1,1,3,1,0,3,1,1,0,3,3,0,4,3,0,4,3,4,2,2,3,1,0,4,1,0,0,0,4,0,0,3,2,4,0,3,1,0,0,0,2,4,4,0,3,4,4,2,4,1,0,4,4,1,0,2,0,0,4,0,4,4,4,0,0,1,4,3,3,0,1,3,2,2,2,3,1,0,2,NA,3,2,4,3,4,0,4,2,0,4,4,4,0,4,0,0,4,4,2,4,3,4,0,4,3,3,2,4,4,1,4,1,3,4,0,2,0,2,3,3,1,0,4,4,2,0,2,4,3,3,3,2,0,3,4,2,4,4,2,2,4,0,4,4,1,3,2,0,2,4,0,0,3,0,4,4,0,4,4,0,4,4,4,0,2,2,4,0,4,4,4,4,3,4,4,3,4,4,4,0,3,4,4,1,2,4,0,4,4,0,3,0,4,3,0,0,0,4,4,4,3,2,0,3,2,0,4,4,1,1,3,3,4,4,1,4,3,4,0,4,4,1,3,3,3,3,3,1,1,1,1,3,3,1,1,3,1,4,0,4,4,2,4,3,3,2,0,4,1,0,4,4,4,0,4,4,0,4,0,0,1,0,2,0,0,4,0,0,4,0,0,1,0,3,4,2,4,2,0,0
15062331,4,3,1,3,1,3,3,2,4,1,2,2,1,0,3,1,4,4,0,4,1,2,4,0,0,4,3,1,0,1,1,4,0,0,3,1,4,3,0,4,4,1,3,4,2,3,3,0,2,0,0,4,0,1,3,4,2,4,3,0,4,1,1,NA,4,0,0,4,4,3,0,4,0,4,4,3,4,3,4,4,3,0,1,2,1,0,0,3,4,4,1,3,1,1,1,4,0,4,0,0,0,4,3,3,4,3,4,4,4,0,3,0,4,0,4,3,3,3,4,1,3,4,3,3,3,2,2,2,1,2,3,2,0,0,2,3,0,3,3,3,0,4,4,4,0,4,4,4,0,0,0,3,0,4,0,0,4,1,3,4,3,3,0,2,0,0,3,1,0,0,2,4,0,4,2,1,0,0,4,4,4,1,3,4,4,1,3,1,1,1,4,0,3,0,0,1,3,0,0,0,4,0,4,2,3,2,3,1,4,1,1,4,3,4,2,1,3,3,3,3,3,2,4,2,1,3,1,2,2,3,4,3,3,3,3,2,4,2,2,2,1,3,4,3,3,0,0,3,4,4,0,4,0,0,4,3,3,NA,4,0,4,4,2,4,3,0,0,3,4,4,4,0,4,4,3,0,3,1,4,0,3,3,2,1,2,2,2,0,2,3,4,0,1,4,4,0,0,3,0,1,4,1,4,4,0,0,3,4,0,0,2,3,1,2,4,4,1,0,0,4,1,4,3,3,1,1,3,0,4,1,3,3,3,1,2,3,1,4,0,3,4,4,4,0,0,1,3,4,0,4,4,3,4,4,4,4,3,4,0,2,0,4,0,1,0,4,0,0,0,0,0,4,4,0,2,2,NA,3,4,0,4,3,4,0,0,1,1,0,4,4,4,2,1,0,0,4,2,0,1,2,0,3,4,3,3,4,1,1,3,4,1,3,4,2,0,4,3,4,0,3,0,1,2,0,NA,1,3,2,2,0,4,3,4,0,3,3,2,2,2,4,1,4,4,3,1,1,1,4,4,4,0,0,3,1,0,0,0,4,1,0,1,1,2,0,1,2,1,4,2,3,1,4,2,0,3,4,0,2,3,1,4,4,3,4,4,4,4,4,2,1,1,4,3,1,0,1,2,0,4,4,1,1,4,4,4,0,0,1,0,2,4,4,0,1,0,0,3,0,4,4,4,2,0,4,4,2,4,3,3,4,1,4,4,0,3,4,0,2,4,3,2,4,1,0,2,2,1,1,4,0,4,1,0,1,1,4,0,0,4,3,1,4,2,4,4,3,3,1,1,4,0,4,0,3,3,3,3,4,0,2,3,1,3,1,0,0,0,1,4,2,2,3,3,2,3,0,4,4,3,0,2,1,1,0,4,4,4,4,4,4,4,1,3,3,4,3,1,2,0,4,4,0,0,0,1,4,0,2,4,1,0,1,3,3,3,3,3,4,0,1,3,1,0,4,3,4,4,4,4,2,3,1,0,1,4,3,2,0,0,0,4,4,2,1,2,3,1,1,2,3,3,3,1,0,4,0,4,3,3,4,3,0,0,4,0,4,0,4,2,4,4,4,4,1,0,4,4,1,4,4,4,3,4,4,0,0,3,2,4,4,0,1,4,4,3,2,0,NA,4,3,1,0,3,0,0,2,3,0,0,4,4,0,4,4,0,4,2,2,1,3,4,0,1,3,1,0,0,3,4,0,4,4,4,4,1,1,0,1,3,2,1,4,4,0,4,3,4,3,4,1,1,4,4,0,0,1,0,1,4,1,3,3,3,1,0,2,4,3,2,0,2,2,3,3,1,3,1,0,3,0,4,3,NA,2,3,0,4,0,0,4,4,4,2,4,0,0,4,3,3,4,2,4,0,4,2,3,3,4,4,1,4,2,3,4,1,2,0,2,3,4,4,1,4,3,4,0,1,4,3,2,4,3,1,2,4,3,4,4,1,2,4,0,4,4,1,2,4,0,4,4,0,3,4,0,4,4,0,4,4,0,4,4,4,0,2,1,3,1,3,3,3,3,1,3,4,3,4,3,3,0,1,4,4,1,2,4,0,4,4,1,2,0,4,1,0,0,0,2,3,4,3,3,0,4,3,0,4,4,3,2,2,3,4,4,1,3,2,4,0,4,4,4,4,3,3,4,4,4,0,1,0,4,2,0,0,2,2,4,0,3,4,2,1,4,4,3,0,3,0,0,3,4,4,1,3,4,0,3,1,2,2,2,1,1,1,3,3,1,3,0,0,1,0,4,3,2,4,4,0,0
15062046,4,2,0,4,0,4,2,4,4,0,0,1,2,0,4,1,3,4,0,3,1,1,4,0,0,2,3,1,0,0,0,4,0,0,4,2,4,3,0,4,3,3,1,4,2,4,4,1,2,0,0,4,0,3,NA,4,4,4,4,0,4,2,0,2,4,0,0,4,4,0,1,4,0,2,4,2,3,2,4,4,3,0,0,4,0,0,0,4,2,4,0,4,1,0,0,3,0,4,0,0,1,4,0,4,4,4,4,4,4,0,2,0,2,0,4,4,3,1,4,0,4,4,4,0,3,3,1,2,0,4,NA,1,1,0,1,4,0,3,4,4,0,3,4,3,0,4,4,4,0,0,0,4,2,4,0,0,4,0,4,4,3,1,0,4,0,0,2,0,0,0,4,2,4,4,4,2,0,0,4,3,4,0,4,3,4,0,4,1,0,2,4,0,4,0,0,3,1,0,0,0,4,0,3,1,2,4,4,1,3,0,1,4,4,4,0,0,1,2,4,1,2,0,4,3,1,3,0,2,1,4,2,2,4,3,2,0,4,4,4,4,0,4,4,3,4,0,0,0,4,4,0,3,0,0,4,3,2,2,4,0,4,4,2,4,2,0,0,2,4,3,3,0,4,4,4,0,4,2,4,0,4,0,2,1,2,4,1,0,1,2,4,0,0,4,3,0,0,1,2,1,4,1,4,2,1,0,3,4,0,0,1,3,0,1,4,4,0,0,0,4,3,4,4,3,0,4,4,0,4,0,4,4,4,0,2,3,0,4,0,4,4,4,4,0,0,0,4,4,0,4,3,4,4,3,3,4,4,4,0,1,0,4,0,2,0,4,0,0,1,0,0,4,4,1,1,2,0,3,4,0,4,3,4,0,0,0,0,0,4,4,2,0,2,0,0,4,2,0,1,2,0,3,4,3,3,4,0,0,4,4,0,3,3,0,1,3,4,3,0,4,0,1,3,2,4,0,4,3,3,0,4,1,4,1,4,4,3,4,0,4,0,4,4,2,0,0,1,4,4,4,1,0,1,3,1,0,0,4,1,0,3,1,0,0,0,4,0,4,4,4,4,3,0,0,4,2,3,2,4,2,4,4,1,4,4,4,2,4,1,2,2,4,3,2,0,0,3,0,4,4,1,2,3,4,4,1,0,0,0,4,4,4,0,0,0,0,3,0,4,4,4,0,0,4,4,4,3,4,0,4,2,2,4,0,0,3,1,3,4,4,2,4,4,0,4,1,1,1,3,0,4,1,0,0,0,4,0,0,4,4,0,4,2,4,4,4,4,0,1,4,1,3,2,3,3,4,2,4,1,2,2,2,4,0,0,0,0,2,4,0,4,4,4,4,4,0,4,4,2,0,3,0,2,3,4,4,4,4,4,3,3,0,4,4,4,4,0,4,0,3,4,0,0,0,3,4,0,3,4,0,0,1,2,4,4,4,4,4,0,0,4,0,1,4,1,4,4,4,3,1,3,2,0,3,4,4,2,0,0,0,4,4,4,2,1,4,4,0,0,3,3,4,0,0,4,0,4,4,4,4,4,0,0,4,0,4,0,3,0,3,4,4,4,2,1,4,4,0,4,4,4,2,3,4,0,0,3,3,3,2,1,3,3,4,3,1,0,4,4,2,2,1,4,0,2,4,2,1,0,4,4,0,2,3,0,4,2,3,4,2,4,0,0,4,1,1,0,2,4,0,2,4,2,4,0,2,2,0,1,1,0,4,4,0,3,4,4,2,4,1,0,4,4,0,0,1,0,0,4,0,3,4,4,0,1,2,4,4,1,0,3,1,4,4,1,3,0,0,1,1,3,0,4,4,4,0,4,4,0,2,4,4,0,4,0,2,3,3,2,4,4,4,0,4,0,3,4,4,4,2,3,3,4,3,1,1,0,1,2,1,1,0,4,4,0,0,1,4,3,2,2,2,0,4,4,3,4,4,3,2,3,0,4,4,1,2,4,1,2,4,0,1,4,0,4,4,0,4,4,0,4,4,4,1,3,2,4,0,3,4,3,4,2,4,4,3,4,4,4,0,1,4,3,1,2,4,0,4,4,1,3,0,4,1,0,0,0,4,2,4,2,2,0,3,1,0,4,4,3,2,4,1,4,4,2,4,4,4,0,4,4,1,4,4,3,3,3,2,0,0,0,2,2,1,1,3,2,4,0,4,4,2,4,4,2,3,1,4,1,0,4,4,4,0,4,4,0,4,0,0,1,0,4,0,0,4,0,1,3,0,0,0,1,4,4,0,4,2,0,0
15061706,3,3,2,3,2,2,2,3,4,0,0,3,1,0,2,2,4,4,0,4,0,2,4,1,1,4,2,2,1,1,1,3,0,0,3,1,4,4,1,4,4,4,0,4,3,4,4,1,1,0,0,4,0,2,4,2,3,4,4,0,4,0,0,4,4,0,0,4,3,1,0,4,0,4,4,3,3,2,4,3,2,1,2,3,0,0,0,2,4,4,1,4,1,0,0,4,0,4,0,1,0,4,0,4,4,4,4,4,4,0,3,1,2,0,4,3,4,3,4,0,4,4,3,3,3,3,2,3,0,3,4,3,2,0,1,4,0,4,2,4,0,3,3,4,0,4,4,4,0,0,0,3,0,4,0,0,4,1,4,4,4,1,0,2,1,0,0,1,0,0,4,3,2,4,3,2,1,1,3,3,4,2,3,3,4,0,4,1,1,2,3,0,4,0,0,2,1,0,0,0,4,0,3,1,3,1,4,1,3,0,2,4,3,4,0,0,3,2,3,2,4,0,4,3,1,4,2,1,3,4,3,4,4,4,2,2,4,3,2,2,0,3,4,3,3,0,0,2,4,4,0,3,0,0,4,2,2,4,3,1,4,4,2,3,2,0,0,2,2,4,4,0,4,4,4,0,2,2,4,2,3,1,0,1,4,2,1,0,2,3,4,0,1,3,2,0,0,3,1,1,4,2,4,1,2,1,2,3,0,0,1,NA,1,0,2,3,3,0,0,3,1,3,4,3,1,1,4,0,3,0,4,4,4,1,2,4,2,3,0,3,3,3,4,0,0,0,4,4,NA,4,3,4,4,2,4,4,3,4,0,1,0,4,1,1,0,2,1,1,0,0,0,3,3,0,2,1,0,3,4,0,2,2,3,0,0,0,1,1,4,4,4,2,2,0,0,3,2,0,1,0,0,1,3,1,1,4,0,0,4,4,0,2,3,1,1,3,3,3,0,4,0,1,2,3,4,0,3,4,1,0,4,1,2,0,4,4,2,4,1,4,1,3,4,1,1,0,2,3,3,4,0,0,4,3,1,0,0,4,1,1,1,2,3,0,3,3,0,4,4,4,3,4,2,0,2,4,1,1,4,1,4,3,2,3,3,4,2,4,3,3,3,3,3,1,0,0,3,2,4,4,1,1,3,4,3,0,1,0,0,2,4,4,0,0,0,0,2,0,4,4,4,1,0,4,4,3,2,4,2,4,2,3,4,3,4,4,0,1,3,4,2,4,3,0,4,3,0,1,3,0,4,3,1,0,0,3,0,0,3,4,1,4,1,4,3,3,4,0,1,3,0,4,1,4,3,3,3,4,1,4,3,1,3,1,0,1,0,1,4,2,4,4,3,3,3,1,3,3,3,2,2,0,2,2,4,4,4,4,4,3,3,0,4,4,4,4,1,3,3,2,4,0,0,0,3,4,0,2,4,1,0,1,3,3,3,3,3,3,0,1,3,0,0,4,2,4,4,4,4,3,4,3,0,2,4,3,2,1,0,0,4,4,4,2,1,2,4,0,0,2,4,3,0,0,3,0,4,2,4,4,4,0,0,4,0,4,0,4,1,4,4,3,4,2,2,4,3,0,4,4,4,3,4,3,1,0,3,3,4,3,0,0,4,3,2,3,1,3,3,3,0,0,3,1,0,3,2,2,1,2,1,1,4,4,1,2,4,3,3,3,4,0,0,3,1,0,0,1,4,0,2,4,3,4,0,2,1,0,1,1,1,4,4,0,4,3,3,3,4,1,1,4,4,0,0,1,0,2,4,0,4,3,3,1,0,1,3,4,2,1,2,1,4,4,1,3,1,1,2,2,2,2,4,2,2,0,4,2,0,4,4,4,0,4,0,0,4,4,2,4,2,4,0,4,2,2,3,4,4,2,3,2,3,3,2,1,0,4,3,3,1,1,4,4,3,0,3,4,4,2,2,2,0,2,4,2,4,4,1,2,4,0,4,4,2,3,3,1,3,3,0,2,4,0,4,4,0,4,4,0,3,4,4,0,1,2,3,0,4,4,4,4,4,4,4,3,4,4,4,0,1,4,3,2,2,3,0,2,4,1,1,0,4,4,1,1,0,4,2,2,3,3,0,3,1,0,4,4,0,0,2,3,4,1,4,4,3,4,0,4,3,2,4,3,2,3,3,2,0,1,0,4,4,1,1,1,1,3,0,4,3,2,2,3,4,2,0,4,1,0,4,4,4,0,4,4,0,4,0,0,2,0,2,1,1,3,1,1,2,0,0,1,0,4,3,1,4,0,0,0
15061613,3,3,0,4,0,4,0,3,4,0,2,2,1,0,1,3,3,4,0,3,1,1,4,1,1,4,4,0,1,0,1,3,1,2,4,2,4,3,0,4,4,3,1,4,2,4,4,1,2,0,0,4,0,3,3,NA,4,4,4,0,4,1,2,3,3,1,0,3,4,1,0,4,0,3,4,4,2,2,4,3,3,3,1,4,0,0,1,2,3,4,1,4,1,0,0,4,0,4,0,0,0,3,2,4,4,3,4,4,4,0,2,1,4,0,4,1,3,2,4,0,4,4,4,1,4,1,0,3,0,4,4,2,2,0,2,4,0,2,3,4,0,2,3,4,0,3,3,4,0,1,1,3,0,4,0,1,4,0,4,4,3,1,1,1,1,0,3,0,0,0,4,4,3,4,3,0,1,1,3,3,4,3,4,2,4,0,4,3,0,3,3,0,4,0,0,1,1,1,1,0,3,0,3,3,3,3,4,1,4,0,1,4,4,4,1,0,2,1,4,2,3,1,3,2,0,4,3,3,3,4,1,4,4,4,1,2,4,4,2,4,1,4,4,3,3,0,0,2,4,4,1,4,1,1,4,3,2,3,4,1,3,3,4,0,4,0,2,3,3,4,4,0,4,4,3,0,3,2,4,0,4,2,0,0,3,3,2,0,2,2,4,0,1,2,1,0,0,3,2,2,4,1,4,3,1,0,3,4,0,0,0,NA,0,0,2,4,1,1,1,4,3,4,4,3,1,2,4,1,4,0,4,4,4,0,3,4,0,4,0,4,4,3,4,1,0,0,4,4,0,4,3,4,4,4,4,4,4,4,0,3,0,4,0,0,0,3,1,1,0,0,0,3,4,0,2,1,0,3,3,0,3,0,3,0,0,0,2,0,3,4,4,2,0,0,0,4,1,0,1,1,0,3,3,0,0,4,0,0,4,4,0,3,3,0,1,3,3,4,1,4,0,0,3,1,4,0,4,2,3,0,4,3,2,0,4,4,2,3,2,4,2,4,4,1,0,0,1,4,4,4,0,0,2,4,0,0,0,4,2,0,1,2,3,0,1,2,2,4,3,4,4,4,2,0,2,4,1,1,4,1,4,3,2,3,3,4,2,4,2,1,1,3,4,1,0,0,2,0,4,4,0,2,4,4,4,0,0,0,0,3,4,4,0,0,0,0,3,0,4,3,4,1,0,4,3,2,2,4,2,4,1,3,3,2,2,3,0,1,3,4,1,4,4,1,4,2,0,0,1,2,4,0,0,1,0,2,0,0,2,4,0,4,2,4,4,3,4,0,1,4,0,4,0,1,1,3,3,4,3,3,2,1,2,1,0,0,0,2,4,2,3,4,4,4,3,1,3,3,2,2,3,0,0,3,4,4,4,3,4,4,4,1,4,4,4,4,1,2,3,2,4,0,0,0,2,3,0,2,4,0,0,1,2,3,3,3,3,4,0,1,3,0,0,4,3,4,4,4,4,1,2,1,1,1,4,1,0,1,0,0,4,4,3,1,2,2,3,0,0,3,2,3,0,0,4,0,4,3,4,4,4,0,0,4,0,4,0,4,2,4,4,4,4,3,1,4,3,1,4,3,4,3,4,3,1,0,2,2,4,1,0,0,4,4,3,3,0,NA,4,4,0,0,4,1,0,4,1,2,2,1,1,0,4,4,0,2,3,3,2,2,4,0,0,3,0,1,1,1,3,1,2,4,4,3,2,3,2,2,1,0,2,4,3,0,3,3,4,4,3,0,0,4,4,0,0,0,0,0,4,0,3,2,4,0,0,1,4,4,3,2,1,3,3,3,2,2,2,2,2,2,3,2,4,3,3,0,3,3,1,3,4,3,0,4,0,1,3,2,2,3,4,4,0,4,0,3,3,4,4,3,2,3,4,4,3,1,0,4,4,1,1,0,3,4,2,0,1,4,3,3,3,4,1,3,4,2,4,4,1,3,4,0,3,4,2,3,2,1,2,4,0,0,4,0,4,4,0,4,4,0,2,4,4,2,0,3,2,0,3,4,4,4,2,3,4,4,4,3,3,0,0,4,1,1,2,3,1,3,3,2,4,0,4,2,0,0,0,4,3,4,3,3,0,3,2,0,4,4,2,2,3,2,4,2,2,4,2,4,0,4,2,1,3,3,3,4,4,1,1,2,2,4,4,1,1,2,2,3,1,3,4,2,3,3,4,2,0,4,0,0,4,3,4,0,4,4,0,4,0,1,2,1,2,0,0,3,0,0,4,0,0,1,0,4,3,1,4,2,0,0
15060082,4,1,1,3,1,3,4,4,3,0,0,2,3,0,3,1,4,4,0,4,3,1,4,0,0,4,3,1,0,0,0,4,0,0,3,2,4,4,0,4,4,1,3,4,3,4,4,0,3,0,0,4,0,3,3,4,3,4,4,0,4,0,0,4,4,0,0,4,NA,0,1,4,0,3,4,3,4,2,4,4,2,0,0,2,0,0,0,4,3,4,0,4,0,0,0,4,0,4,0,1,0,4,1,4,4,4,4,4,4,0,3,2,3,0,4,3,4,1,4,0,4,4,4,0,3,3,0,2,0,1,4,2,2,0,2,4,0,4,4,3,0,3,4,4,0,4,4,4,0,1,1,4,0,4,0,0,4,0,3,4,4,1,0,1,0,0,1,0,0,0,3,4,4,4,4,0,0,0,4,4,4,0,2,2,4,0,4,0,2,2,4,0,4,0,0,0,2,0,0,0,4,0,4,3,4,4,4,1,4,0,0,4,4,4,0,0,2,3,3,2,3,0,4,2,1,4,0,3,3,3,4,3,3,2,2,2,4,3,2,1,0,4,4,4,4,0,0,2,3,4,0,4,0,0,4,4,3,3,4,0,3,4,2,4,2,0,1,4,3,4,4,0,4,4,4,0,4,2,4,1,4,1,0,1,4,3,2,0,4,4,4,0,0,3,2,0,0,3,2,0,4,2,4,2,0,0,4,4,0,0,1,4,1,0,2,4,1,0,0,4,2,4,4,4,0,2,4,0,3,0,4,4,4,1,3,4,0,4,0,4,4,4,4,0,0,0,4,4,0,4,4,4,4,2,4,4,4,4,0,1,0,4,0,0,0,3,0,0,0,0,0,2,3,1,2,2,0,3,4,0,4,1,3,0,0,0,0,0,4,4,4,1,4,0,0,4,2,0,0,0,0,3,4,1,1,2,0,0,4,4,0,3,3,0,1,3,4,4,0,4,0,0,3,3,4,0,4,3,2,0,4,4,4,1,4,4,2,4,1,4,0,4,4,0,1,0,4,4,4,4,0,0,3,2,0,1,0,4,2,1,2,0,1,0,1,3,0,4,3,4,4,4,1,0,4,4,2,1,4,2,4,4,1,4,4,3,2,4,2,2,2,4,3,2,0,0,3,1,4,4,1,2,1,4,4,0,0,0,0,4,4,4,0,0,0,0,4,0,4,4,4,1,0,4,4,2,4,4,1,4,1,4,4,1,2,4,0,0,2,4,2,4,2,0,4,2,1,1,3,0,4,2,0,0,0,4,0,0,4,4,0,4,3,4,4,4,4,0,0,4,0,4,2,2,2,3,2,4,2,1,3,2,2,1,0,0,0,2,4,2,3,4,4,4,3,0,4,4,4,0,3,0,2,3,4,4,4,4,4,4,4,0,4,4,4,4,0,3,1,2,4,0,0,0,1,4,0,3,4,0,0,1,2,4,4,4,4,4,0,0,4,0,1,3,2,4,4,4,4,1,4,3,0,2,4,3,2,0,0,0,3,4,4,1,2,4,2,0,0,3,4,3,0,0,4,0,3,3,4,4,4,0,0,4,0,4,0,4,1,3,4,4,4,2,1,4,4,0,4,4,4,2,4,4,0,0,4,4,4,1,0,0,4,3,2,2,0,4,3,3,1,1,4,0,0,3,3,0,0,3,3,0,4,4,0,4,4,1,3,3,4,0,0,4,1,0,0,2,4,0,2,4,2,4,0,0,0,0,1,1,0,4,3,0,4,4,4,3,2,0,0,4,4,0,0,0,0,0,4,0,4,4,4,0,0,1,4,2,2,0,2,1,3,3,2,3,1,0,1,2,3,1,4,3,4,1,4,2,0,3,3,4,2,3,1,0,4,4,0,4,3,4,0,4,2,3,3,4,4,1,4,1,4,1,0,2,0,2,2,2,3,0,4,4,1,0,1,4,3,3,2,2,1,3,4,1,4,4,2,2,4,0,4,4,0,1,4,1,1,4,0,0,4,0,4,4,0,4,4,0,4,4,4,1,1,3,4,0,0,4,4,4,4,4,4,2,4,4,3,0,1,4,4,2,3,4,0,4,4,2,2,0,4,3,0,0,0,3,4,3,3,2,0,4,2,0,4,4,2,2,1,2,4,3,2,4,4,4,0,4,3,1,4,4,2,2,2,1,0,0,0,3,3,1,1,1,1,4,0,4,4,3,3,3,4,1,0,4,0,0,4,4,3,0,4,4,0,4,0,0,1,0,2,0,0,4,0,0,4,0,0,2,0,4,4,2,4,2,0,0
15062353,4,2,0,4,0,4,1,4,3,0,0,2,1,0,2,3,3,3,0,3,2,0,4,0,0,4,4,0,1,0,0,4,0,0,4,0,4,4,0,4,2,1,3,4,2,4,4,2,2,0,0,4,0,3,3,4,3,4,4,0,4,1,1,3,4,2,0,4,4,1,2,4,0,3,4,4,2,1,4,4,2,1,0,3,0,0,1,4,3,4,0,4,0,0,0,4,0,4,0,0,0,4,1,4,4,4,4,4,4,0,2,1,4,0,4,2,4,1,4,0,4,4,4,0,4,2,1,2,0,4,4,2,1,0,2,3,0,1,4,4,0,4,4,4,0,4,4,4,0,1,1,4,0,4,0,0,4,0,4,4,4,2,0,1,0,0,1,0,0,0,3,4,4,4,4,0,2,1,3,4,4,0,3,4,4,0,4,2,0,1,4,0,4,0,0,2,2,0,0,0,4,0,4,1,4,4,4,1,4,0,1,4,4,4,0,0,0,2,4,3,3,0,4,1,2,4,2,3,2,4,1,3,4,4,3,1,4,3,3,3,0,4,4,4,4,0,0,1,4,4,0,3,0,0,4,3,3,3,4,0,4,4,3,3,4,0,0,3,3,4,3,0,4,4,4,1,4,3,4,0,4,1,0,1,4,3,1,0,1,4,4,0,0,3,0,0,0,3,1,1,4,2,4,4,0,1,3,4,0,0,0,3,0,0,4,4,1,0,0,4,1,4,4,3,0,2,3,0,4,0,4,4,4,1,3,3,0,4,0,3,4,3,4,0,0,0,4,4,0,3,4,4,4,3,4,4,4,4,0,1,0,4,0,1,0,3,1,1,1,0,0,2,3,0,2,0,0,4,4,0,4,2,4,0,0,0,0,0,3,4,4,1,3,0,0,4,2,0,0,1,0,4,4,1,1,2,0,0,4,4,0,4,3,1,1,3,4,2,0,4,0,0,2,2,4,0,4,3,3,0,4,4,4,0,4,4,2,4,0,4,0,4,4,2,1,0,2,4,4,4,0,0,4,2,0,0,0,4,0,2,2,1,2,0,2,4,0,4,2,4,4,4,0,0,4,4,3,1,4,0,3,4,2,4,3,NA,4,4,1,2,2,4,4,0,0,0,1,0,4,4,0,3,4,4,4,0,2,0,0,4,4,4,0,0,0,0,3,0,4,4,4,2,0,3,4,2,3,4,0,4,2,3,4,1,3,4,1,1,2,4,1,4,3,0,4,1,0,2,2,1,4,1,0,2,0,4,0,0,4,4,0,4,2,4,4,4,4,0,0,4,0,4,2,2,2,4,2,4,1,1,3,0,2,1,0,0,0,2,4,2,3,4,4,2,4,1,4,4,2,0,2,0,2,3,4,4,3,4,4,4,4,0,4,4,4,4,0,3,2,3,4,0,0,0,1,4,0,4,4,0,0,0,4,4,4,4,4,4,0,0,4,0,0,2,3,4,4,4,4,1,4,3,0,1,4,3,1,0,0,0,2,4,4,2,1,4,3,0,0,4,3,2,0,0,4,0,3,2,4,4,4,0,0,4,0,4,0,4,1,4,4,4,4,4,1,4,4,0,4,4,4,4,4,4,0,1,4,4,4,1,0,1,4,4,4,2,0,3,4,3,1,1,4,0,0,3,3,1,0,2,2,0,4,4,0,4,2,4,3,3,4,0,0,4,1,1,0,1,4,0,1,4,3,4,0,3,1,0,1,0,1,4,4,0,3,4,4,4,4,1,0,4,4,0,0,1,0,0,4,0,3,4,4,0,1,1,4,3,3,0,2,2,3,3,2,3,2,1,2,1,2,3,4,3,4,0,4,0,0,4,4,4,2,4,0,0,4,2,3,4,3,4,0,4,1,3,4,4,4,2,4,2,4,3,1,0,0,0,4,4,2,0,4,4,3,0,1,4,4,2,3,2,0,4,4,3,4,4,2,2,3,0,4,4,2,3,2,0,2,3,0,0,4,0,4,4,0,4,4,0,4,4,4,0,0,2,4,0,4,4,4,4,2,4,4,4,4,4,2,0,2,4,3,1,2,4,0,4,4,0,3,0,4,3,0,0,0,3,3,4,4,2,0,3,2,0,4,4,2,2,2,2,4,2,2,4,4,4,0,4,4,1,4,3,3,4,4,1,1,1,1,2,2,0,0,3,0,4,0,3,4,3,4,2,4,2,0,4,0,0,4,3,4,0,4,4,0,4,0,0,2,0,3,0,0,4,0,0,4,0,0,2,0,4,3,2,4,2,0,0
15062147,4,1,1,3,1,3,2,4,4,0,0,3,2,0,2,2,2,4,0,4,2,1,4,0,0,4,3,1,1,0,0,4,0,0,4,0,4,4,0,4,3,3,1,4,2,2,2,1,3,0,0,4,0,4,4,4,4,4,4,0,4,0,1,4,4,0,0,4,3,0,0,4,0,4,4,3,2,1,4,4,2,1,0,4,0,0,0,4,4,4,0,4,0,0,0,4,0,4,0,2,0,4,1,4,4,4,4,4,4,0,2,0,3,1,4,3,4,1,4,0,4,4,4,1,3,3,0,3,0,4,4,2,1,1,1,4,0,2,3,4,0,3,3,4,0,4,4,4,0,0,0,4,0,4,0,0,4,0,3,4,4,2,0,2,0,0,3,0,0,0,2,2,2,4,4,1,0,0,4,4,4,0,3,4,4,0,4,2,1,3,3,0,4,1,0,0,3,0,0,0,4,0,4,1,4,4,4,1,4,0,2,4,3,4,0,0,1,4,2,3,2,0,4,4,0,4,2,1,4,4,2,4,4,4,3,2,4,4,2,2,0,4,4,4,4,0,0,2,4,4,0,3,0,0,4,3,4,4,3,0,4,4,1,3,2,0,1,3,4,3,4,0,4,4,4,1,4,2,4,1,4,1,0,1,3,2,0,0,3,3,4,0,0,4,3,0,0,4,2,2,4,2,4,2,0,0,2,4,0,0,2,3,1,1,4,4,1,0,0,4,2,4,4,3,0,1,2,0,4,0,4,4,4,1,3,1,0,4,0,4,2,3,4,0,0,0,4,4,0,4,4,4,4,3,4,2,4,4,0,1,0,4,1,1,0,2,0,0,1,0,0,1,4,0,2,2,2,4,4,0,4,3,4,0,0,0,0,0,4,4,3,2,2,0,0,3,2,0,0,0,0,3,4,1,1,3,0,0,4,4,2,3,2,1,2,2,4,4,0,4,0,1,2,2,4,0,4,3,1,0,4,4,4,0,4,2,3,4,2,4,0,4,4,2,0,0,2,4,4,4,0,0,3,1,1,1,1,4,0,0,2,0,1,0,1,4,0,4,3,4,4,3,2,0,4,4,2,1,4,1,4,4,1,4,2,4,2,4,2,1,1,4,2,0,0,0,3,1,4,4,0,2,4,4,4,0,0,0,0,4,3,4,0,0,1,0,3,0,4,4,4,0,0,4,4,1,4,4,2,4,2,2,4,1,1,4,1,2,3,4,1,4,3,0,2,1,1,0,4,2,4,1,0,1,0,3,0,0,4,4,0,4,2,4,4,4,4,0,0,4,2,3,0,2,2,4,4,3,2,2,3,1,4,1,0,1,0,1,4,2,3,4,4,3,4,0,4,3,4,1,2,0,2,3,2,4,3,4,4,4,4,0,4,4,4,4,0,4,0,4,4,0,0,0,3,4,0,3,4,0,0,1,4,4,4,4,4,4,0,0,4,0,0,4,1,4,4,4,4,1,3,2,0,3,4,1,1,0,0,0,4,4,3,1,3,4,3,0,0,2,3,4,0,0,4,0,4,3,4,4,4,0,0,4,0,4,0,4,0,4,4,4,4,1,0,3,4,0,4,4,4,2,4,4,0,0,1,2,3,3,1,3,3,4,4,0,0,4,4,3,1,0,4,1,1,4,3,0,0,4,4,0,3,3,0,4,2,3,3,2,3,1,0,4,1,0,0,0,4,0,0,NA,4,4,0,3,1,0,0,0,2,4,4,0,4,4,4,3,3,2,0,4,4,1,0,0,0,1,4,0,4,2,4,0,2,2,4,1,3,0,1,3,2,2,1,4,3,0,2,1,4,0,4,2,3,2,4,2,0,2,2,4,2,2,2,0,3,3,1,4,4,4,0,4,0,3,4,4,4,1,4,1,4,3,0,1,0,1,3,2,1,0,4,4,3,0,2,4,3,2,2,2,1,3,4,2,4,4,1,2,2,0,4,4,1,2,3,0,3,2,0,2,3,0,4,4,0,4,4,0,4,4,4,0,2,3,4,0,4,4,4,4,3,4,4,3,4,3,4,0,1,4,4,1,2,4,0,2,4,0,2,0,4,1,0,0,1,4,2,3,3,2,0,4,3,0,4,4,4,2,2,3,4,3,1,4,4,4,0,4,3,0,3,3,3,3,3,0,1,1,1,2,3,0,0,1,2,4,0,4,4,3,4,2,4,0,0,4,0,0,4,4,4,0,4,4,0,4,0,0,1,0,2,0,0,4,1,1,3,0,0,0,0,4,4,0,4,3,0,0
15061756,4,3,0,4,0,4,3,4,3,0,0,2,0,0,4,1,4,4,0,4,1,0,4,0,0,4,4,0,3,0,0,4,0,0,3,2,4,4,0,4,3,2,2,4,2,4,4,0,3,0,0,4,0,4,3,4,3,4,4,0,4,2,0,2,4,0,0,4,4,1,0,4,0,3,4,4,3,3,4,2,2,1,0,3,0,0,1,4,3,4,0,4,0,0,0,4,0,4,0,0,0,4,1,4,4,4,3,4,4,0,1,1,4,0,4,2,3,1,4,0,4,4,4,0,4,1,0,3,0,4,4,2,2,0,2,4,0,3,4,4,0,3,3,4,0,4,4,4,0,1,0,4,0,4,0,0,4,0,4,4,3,1,0,1,0,0,4,0,0,0,3,3,4,4,4,0,1,1,3,4,4,1,3,2,4,0,4,2,1,1,4,0,4,0,0,2,0,0,0,0,4,0,3,3,4,4,4,1,4,0,1,4,4,4,0,0,1,2,4,2,3,0,4,3,1,3,2,2,3,3,0,2,3,3,3,3,4,3,4,1,0,4,4,3,4,0,0,1,4,4,0,4,0,0,4,4,4,4,4,0,2,4,3,3,4,0,1,4,4,4,4,0,4,4,4,1,4,1,4,0,4,3,0,0,4,4,3,0,1,2,4,0,0,3,1,0,0,3,1,1,4,2,4,3,0,1,4,4,0,0,2,4,0,0,4,4,0,0,0,4,3,4,4,3,0,2,3,0,4,0,4,4,4,0,2,3,1,4,0,4,4,4,4,0,0,0,4,4,0,3,4,4,4,3,4,4,4,4,0,0,0,4,0,1,0,2,1,1,0,0,0,3,4,0,2,1,0,3,4,0,4,2,4,0,0,0,0,0,3,4,4,0,2,0,0,4,2,0,0,0,0,4,4,1,1,3,0,0,4,4,0,1,3,1,1,3,4,2,0,4,0,1,3,1,4,0,4,3,2,0,4,4,4,0,4,4,1,3,2,4,0,4,4,2,0,0,2,4,4,4,0,0,4,2,1,0,1,4,2,0,1,1,3,0,1,3,0,4,4,4,4,4,2,0,4,4,2,1,4,0,4,4,2,4,4,3,3,4,2,3,3,4,3,2,0,0,3,1,4,4,0,2,3,4,4,0,0,0,0,4,4,4,0,0,0,0,3,0,4,4,4,2,0,4,4,1,3,4,1,4,1,3,4,1,2,4,0,1,4,4,2,4,4,0,4,0,0,2,3,1,4,2,0,1,0,4,0,0,4,4,0,4,2,4,4,4,4,0,0,4,0,4,2,1,1,3,2,4,1,0,3,2,2,0,0,0,0,1,4,1,4,4,4,4,4,1,4,4,1,0,3,0,1,4,4,4,4,4,4,4,4,0,4,4,4,4,0,2,2,3,4,0,0,0,2,4,0,3,4,0,0,0,3,4,4,4,4,4,0,0,4,0,0,3,2,4,4,4,4,0,3,3,0,1,4,1,2,0,0,0,4,4,4,2,2,4,3,0,0,4,3,2,0,0,4,0,4,3,4,4,4,0,0,4,0,4,0,4,1,4,4,4,4,3,0,4,4,0,4,4,4,3,4,4,0,0,3,3,4,0,0,1,4,3,4,3,0,3,3,3,1,1,3,0,1,3,2,1,0,3,2,0,4,4,0,4,2,3,3,3,4,0,0,4,1,0,0,1,4,0,1,4,2,4,0,2,0,0,1,0,0,4,4,0,2,4,3,4,4,1,0,4,4,0,0,0,0,0,4,0,3,4,4,0,0,2,3,4,3,0,1,2,3,3,2,4,2,2,1,2,3,1,4,4,3,0,4,0,0,4,4,4,1,4,0,0,4,4,2,4,4,4,0,4,3,2,4,4,4,0,4,1,4,2,0,3,0,2,1,1,2,0,4,4,4,0,0,4,2,3,3,3,1,3,4,1,4,4,2,2,3,0,4,4,1,2,2,0,2,3,0,1,4,0,4,4,0,4,4,0,4,4,4,0,0,1,4,0,3,4,4,4,3,4,4,3,4,4,3,0,2,4,3,1,3,4,0,4,4,2,2,0,4,1,0,0,0,4,3,4,4,3,0,4,2,2,4,4,3,2,1,2,4,4,1,4,2,4,0,4,3,0,3,2,0,3,3,0,NA,3,2,2,2,0,0,1,2,4,0,4,4,4,4,3,4,3,0,4,1,0,4,3,4,0,4,4,0,4,0,1,1,1,2,0,0,4,0,0,4,0,0,2,0,4,3,2,4,1,0,0
15061667,4,2,0,4,0,4,2,4,3,0,0,2,1,0,4,2,3,3,0,4,2,0,4,0,0,4,4,0,1,1,0,4,1,0,4,1,4,3,0,4,1,1,3,4,2,4,4,1,3,0,0,4,0,3,3,4,3,4,4,0,4,1,1,3,4,0,0,4,4,1,0,4,0,4,3,4,1,0,4,4,0,1,0,3,0,0,0,4,3,4,0,4,0,0,0,4,0,4,0,0,0,4,0,4,4,4,4,4,4,1,1,2,3,2,4,2,3,1,4,0,4,4,4,0,3,1,0,3,0,4,4,3,3,1,0,4,0,1,4,4,0,4,4,4,0,4,4,4,0,0,0,4,0,4,0,0,4,0,4,4,3,3,0,1,0,0,2,0,0,0,3,3,3,4,4,0,0,0,4,4,4,0,3,4,4,0,4,2,0,1,4,0,4,2,0,2,1,0,0,0,4,0,4,1,4,4,4,0,4,0,1,4,4,4,0,0,0,1,4,2,3,0,4,2,1,3,1,2,2,4,3,4,4,3,2,2,4,3,4,3,0,4,4,4,4,0,0,1,4,4,0,4,0,0,4,4,4,4,4,0,3,4,3,2,4,1,0,4,4,4,4,0,4,4,4,0,4,2,4,0,4,2,0,1,4,4,1,0,1,4,4,0,0,4,2,0,0,2,3,1,4,2,4,2,0,1,3,4,0,0,2,3,0,0,4,4,0,0,0,4,2,4,4,3,0,1,3,0,4,0,4,4,4,1,2,3,1,4,0,4,4,4,4,0,0,0,4,4,0,4,4,4,4,3,3,4,4,4,0,1,0,4,0,1,0,2,0,0,0,0,0,2,3,1,2,2,0,4,4,0,4,1,3,0,0,0,0,0,4,4,4,0,2,0,0,4,3,0,0,2,0,3,4,0,0,4,0,0,4,4,0,2,3,1,1,3,4,4,0,4,0,0,4,2,4,0,4,3,2,0,4,4,4,1,4,2,3,4,1,4,0,4,4,3,1,0,1,4,4,4,0,0,4,2,1,0,0,4,0,1,1,2,1,0,0,4,1,4,4,4,4,4,2,0,4,4,2,1,4,0,4,4,3,4,3,4,3,4,3,2,2,4,3,2,0,0,4,0,4,4,0,3,3,4,4,0,0,0,0,4,4,4,0,0,1,0,4,0,4,4,4,1,0,3,4,3,3,4,2,4,3,4,4,1,2,4,2,1,3,4,1,4,2,0,3,1,0,2,4,0,4,1,0,2,0,4,0,0,4,4,0,4,3,4,4,4,4,0,1,4,2,3,1,2,2,3,3,4,1,1,3,1,3,1,0,0,0,1,4,1,4,4,4,3,4,0,4,4,2,0,4,0,2,4,3,4,4,4,4,4,4,0,4,4,4,4,0,3,1,4,4,0,0,0,1,4,0,3,4,0,0,0,4,4,4,4,4,4,1,0,4,0,1,4,3,4,4,4,4,2,4,2,0,0,4,3,1,0,0,0,3,4,4,2,2,4,2,0,0,3,3,3,0,0,4,0,4,3,4,4,4,0,0,4,0,4,0,4,0,3,4,4,3,4,1,4,4,0,4,4,4,4,4,4,0,0,3,3,4,0,0,1,4,4,3,3,0,3,4,4,0,0,4,0,0,3,3,2,0,3,3,0,3,2,0,4,3,3,4,4,2,2,0,4,2,0,0,1,4,0,1,4,1,4,0,1,1,0,1,0,1,4,3,0,3,4,3,3,3,1,0,4,4,1,0,1,0,0,4,0,3,4,4,0,0,1,3,1,2,0,2,2,4,4,1,3,1,0,3,2,3,0,4,4,4,1,4,1,0,4,4,4,0,4,0,1,4,4,1,4,3,4,0,4,4,3,4,4,4,0,4,1,4,3,0,2,0,1,2,3,3,0,4,4,4,0,1,4,3,3,4,2,1,3,4,3,4,4,2,2,3,0,4,4,1,2,3,1,3,2,0,1,3,0,4,4,0,4,4,0,4,4,4,1,1,2,4,0,2,4,4,4,2,4,4,3,4,4,3,0,1,4,3,1,4,4,0,3,4,0,4,0,4,2,0,0,0,4,3,4,4,2,0,4,2,1,4,4,3,2,1,2,4,3,1,4,3,4,0,4,3,1,3,3,3,4,4,1,1,1,1,3,4,1,1,2,2,4,0,3,4,4,4,2,4,2,0,4,1,0,4,3,4,0,4,4,0,4,0,1,1,1,1,0,0,4,0,0,4,0,0,2,0,4,4,2,4,1,0,0
15062052,4,1,0,4,0,4,3,4,3,0,0,2,1,0,4,2,3,3,0,4,3,0,4,0,1,4,4,0,1,1,0,4,0,0,3,2,4,3,0,4,2,0,4,4,2,4,4,1,3,0,0,4,0,4,3,4,3,4,4,0,4,1,1,3,4,0,0,4,3,1,1,4,0,3,4,4,3,2,4,4,1,1,0,4,0,0,1,4,2,4,0,4,0,0,0,4,0,4,0,0,0,4,0,4,4,4,3,4,4,0,1,0,4,1,4,1,4,1,4,0,4,4,4,1,4,3,0,3,0,3,4,3,1,0,1,4,0,2,4,4,0,4,2,4,0,4,4,4,0,0,0,4,0,4,0,0,4,0,4,4,4,3,0,3,0,0,3,0,0,0,3,3,4,4,4,0,0,0,4,4,4,0,4,4,4,0,4,2,0,1,4,0,4,1,0,2,1,0,0,0,4,0,3,0,4,4,4,1,4,1,0,4,4,4,0,0,0,2,4,3,1,0,4,4,0,3,2,2,3,4,1,2,4,3,2,2,4,3,4,3,1,4,4,4,3,0,1,1,4,4,0,4,0,0,4,4,3,4,4,0,3,4,3,2,4,1,1,3,4,4,3,0,4,4,4,0,4,1,4,0,4,3,0,1,4,3,0,0,1,3,4,0,0,3,0,0,0,2,1,1,4,1,4,1,0,0,2,4,0,0,2,3,0,0,4,4,0,0,0,4,2,4,4,3,0,1,3,0,4,0,4,4,4,0,3,4,1,4,0,4,4,4,4,0,0,0,4,4,0,3,4,4,4,3,4,4,4,4,0,1,0,4,0,0,0,3,0,0,0,0,0,3,3,1,1,1,0,3,4,0,4,1,3,0,0,0,0,0,4,4,4,1,1,0,0,4,1,0,0,2,0,3,4,3,2,4,0,0,4,4,0,4,3,1,1,3,4,2,0,4,0,0,3,1,4,0,4,3,3,0,4,4,4,1,4,2,2,3,2,4,0,4,4,2,1,0,2,4,4,4,0,0,3,3,1,0,1,4,0,1,1,1,2,0,0,4,1,4,4,4,4,4,1,0,4,4,3,1,4,1,4,4,3,4,4,4,4,4,2,0,0,4,3,1,0,0,3,2,4,4,0,3,3,4,4,0,0,0,0,4,4,4,0,0,1,0,3,0,4,4,4,1,0,2,4,3,2,4,1,4,3,2,4,1,2,4,1,1,4,4,0,4,4,0,4,0,0,2,2,0,4,2,0,2,0,3,0,0,3,4,0,4,2,4,4,4,4,0,1,4,1,4,2,2,2,4,1,4,2,1,3,1,3,1,0,1,0,2,4,2,4,4,4,3,4,0,4,4,3,0,3,0,2,4,4,4,4,4,4,4,4,0,4,4,4,4,0,3,1,4,4,0,0,0,2,4,0,4,4,0,0,0,3,4,4,4,4,4,0,0,4,0,1,3,3,4,4,4,4,1,3,2,0,1,4,2,0,0,0,0,3,4,4,2,2,4,2,0,0,4,2,3,0,0,4,0,4,2,4,4,4,0,0,4,0,4,0,4,2,3,4,4,4,4,0,4,4,0,4,4,4,3,4,4,0,1,2,2,4,2,0,0,4,3,4,3,0,3,3,3,1,1,3,1,0,3,1,1,0,3,3,0,4,3,0,4,3,4,2,2,3,1,0,4,1,0,0,0,4,0,0,3,2,4,0,3,1,0,0,0,2,4,4,0,3,4,4,2,4,1,0,4,4,1,0,2,0,0,4,0,4,4,4,0,0,1,4,3,3,0,1,3,2,2,2,3,1,0,2,1,3,2,4,3,4,0,4,2,0,4,4,4,0,4,0,0,4,4,2,4,3,4,0,4,3,3,2,4,4,1,4,1,3,4,0,2,0,2,3,3,1,0,4,4,2,0,2,4,3,3,3,2,0,3,4,2,4,4,2,2,4,0,4,4,1,3,2,0,2,4,0,0,3,0,4,4,0,4,4,0,4,4,4,0,2,2,4,0,4,4,4,4,3,4,4,3,4,4,4,0,3,4,4,1,2,4,0,4,4,0,3,0,4,3,0,0,0,4,4,4,3,2,0,3,2,0,4,4,1,2,3,3,4,4,1,4,3,4,0,4,4,1,3,3,3,3,3,1,1,1,1,3,3,1,1,3,1,4,0,4,4,2,4,3,3,2,0,4,1,0,4,4,4,0,4,4,0,4,0,0,1,0,2,0,0,4,0,0,4,0,0,1,0,3,4,2,4,2,0,0
15061798,4,3,0,4,0,4,1,4,3,0,0,3,0,0,1,4,4,4,0,3,1,0,4,0,0,4,4,0,1,0,0,4,0,0,3,3,4,3,0,4,3,3,1,4,2,4,4,2,4,0,0,4,0,4,3,4,4,4,4,0,4,1,1,3,4,0,0,4,4,0,0,4,0,4,4,4,1,1,4,4,1,0,0,4,0,0,1,4,4,4,0,4,0,0,0,4,0,4,0,0,0,4,2,4,4,4,4,4,4,0,0,0,4,0,4,3,4,2,4,0,4,4,4,0,2,1,0,3,0,4,4,1,3,1,2,4,0,2,4,4,0,3,4,4,0,4,4,4,0,0,0,4,1,4,0,0,4,0,4,4,4,1,0,3,0,0,3,0,0,0,4,4,4,4,3,0,0,0,4,4,4,0,4,3,4,0,4,3,1,4,4,0,4,0,0,3,2,0,0,0,4,0,3,1,4,4,4,1,4,0,0,4,4,4,0,0,2,3,4,3,3,0,4,1,1,3,0,1,4,3,0,1,3,3,0,1,4,4,4,2,0,4,4,4,4,0,0,2,4,4,0,4,0,0,4,4,3,3,4,0,4,4,4,0,4,0,0,3,4,4,4,0,4,4,4,1,4,2,4,0,3,1,0,0,4,3,1,0,1,1,4,0,0,4,2,0,0,3,2,1,4,2,4,1,0,0,4,4,0,0,1,4,0,0,4,4,0,1,0,4,3,4,4,4,0,1,4,0,4,0,4,4,4,1,2,4,0,4,0,4,4,3,4,0,0,0,4,4,0,4,4,4,4,3,4,4,4,4,0,1,0,4,0,0,0,3,0,0,1,0,0,3,4,0,3,0,0,4,4,0,4,3,2,0,0,0,0,0,4,4,4,2,3,0,0,4,3,0,0,NA,0,4,4,0,0,3,0,0,4,4,0,4,3,0,1,2,4,4,0,4,0,0,3,3,4,0,4,3,2,0,4,4,4,0,4,4,4,2,2,4,0,4,4,3,0,0,1,4,4,4,0,0,1,1,2,0,1,4,2,0,1,1,1,0,3,3,0,4,3,4,4,4,1,0,4,4,0,1,4,1,4,4,0,4,3,3,3,4,3,2,1,4,4,1,0,0,2,0,4,4,1,3,3,4,4,0,0,0,0,4,3,4,0,0,0,0,4,0,4,4,4,0,0,4,4,1,4,4,0,4,1,3,4,2,1,4,0,3,3,4,0,4,4,0,4,3,2,1,3,0,4,0,0,0,0,4,0,0,4,4,0,4,1,4,4,4,4,0,2,4,0,4,1,2,2,4,4,4,0,1,4,1,2,1,0,1,0,1,4,2,4,4,4,4,4,0,4,4,3,0,3,0,0,2,3,4,4,4,4,3,4,0,4,4,4,4,0,3,0,4,4,0,0,0,3,4,0,3,4,0,0,0,2,4,4,4,4,3,0,0,4,0,0,2,1,4,4,4,4,0,3,2,0,3,4,1,0,0,0,0,3,4,4,0,2,4,1,0,0,4,2,4,0,0,4,0,3,3,4,4,4,0,0,4,0,4,0,4,1,4,4,4,4,4,0,4,4,0,4,4,4,1,4,4,0,0,4,4,4,2,0,2,4,3,4,1,0,4,3,3,1,1,4,0,0,4,3,0,0,4,4,0,4,4,0,4,3,4,4,4,4,0,0,4,0,0,0,0,4,0,0,4,1,4,1,3,0,2,0,0,2,4,3,0,2,4,4,3,4,1,0,4,4,0,0,0,0,0,4,0,3,4,4,0,0,1,4,3,4,0,0,4,3,3,0,4,1,0,2,1,2,1,4,3,2,0,4,1,0,4,4,4,2,4,0,0,4,3,3,4,4,4,0,4,3,3,3,4,4,0,4,1,3,4,0,3,0,1,3,1,3,1,4,3,3,0,1,4,3,2,1,4,0,3,4,1,4,4,0,4,4,0,4,4,0,3,0,0,3,2,0,1,4,0,4,4,0,4,4,0,4,4,4,1,2,4,4,0,3,4,4,4,3,4,4,4,4,4,4,0,1,4,4,1,1,4,0,4,4,1,4,0,4,0,0,0,0,4,3,4,2,2,0,4,2,0,4,4,4,2,4,4,4,4,3,4,4,4,0,4,3,1,4,3,1,3,3,1,1,1,1,3,3,0,0,0,1,4,0,4,4,4,4,3,4,1,0,4,1,0,4,3,4,0,4,4,0,4,0,0,1,0,1,0,0,4,0,0,4,0,0,0,0,4,4,0,4,3,0,0
15061762,4,1,1,3,1,2,1,4,3,0,0,3,0,0,2,3,4,4,0,4,3,0,4,0,0,4,4,0,1,0,0,4,0,0,4,0,4,4,0,4,2,3,1,4,3,2,2,0,3,0,0,4,0,4,4,4,3,4,4,0,4,1,1,3,4,0,0,4,4,0,0,4,0,3,3,3,2,1,4,4,1,1,0,3,0,0,0,4,2,4,0,4,0,0,0,4,0,4,0,0,0,4,0,4,4,4,3,3,4,0,2,0,3,1,4,2,3,1,4,0,4,4,4,2,3,2,1,3,0,4,4,0,2,1,2,4,0,3,3,4,0,3,3,3,0,4,4,4,0,0,0,4,0,4,0,0,4,0,3,4,4,3,0,1,0,0,1,0,0,0,4,3,4,4,4,1,0,0,4,4,4,0,4,3,4,0,4,1,1,3,2,0,4,1,0,0,1,0,0,0,4,0,4,1,2,3,4,0,4,0,2,4,4,4,0,0,1,3,2,4,2,0,4,3,0,4,3,1,4,4,1,4,4,4,3,2,4,2,2,1,0,4,4,3,4,0,0,2,4,4,0,3,0,0,4,3,4,4,4,0,4,4,2,3,2,0,1,4,4,3,3,0,4,4,4,0,4,3,4,2,4,1,0,1,3,3,1,0,1,3,4,0,0,4,3,0,0,3,2,2,4,4,4,2,0,0,2,4,0,0,2,4,1,0,4,4,0,0,0,4,1,4,4,3,0,3,4,0,4,0,4,4,4,0,4,2,0,4,0,4,2,3,4,0,0,0,4,4,0,3,4,4,4,4,4,2,4,4,0,0,0,4,2,0,0,3,0,0,0,0,0,1,4,1,1,0,1,4,4,0,4,1,4,0,0,0,0,0,4,4,2,1,2,0,0,3,3,0,0,1,0,4,4,0,0,2,0,0,4,4,0,3,2,2,2,2,4,4,0,4,0,0,3,1,4,0,4,3,1,0,4,4,4,0,4,4,3,4,3,4,0,4,4,2,0,0,2,4,4,4,0,0,3,2,1,1,0,4,1,1,2,1,1,0,0,3,0,4,4,4,4,2,1,0,4,4,3,1,4,0,4,3,0,4,2,4,3,4,2,2,2,4,4,0,0,0,2,1,4,4,0,1,3,4,4,0,3,0,0,4,3,4,0,0,0,0,4,0,4,4,4,1,0,4,4,2,4,4,2,4,2,2,4,1,1,3,0,2,3,4,0,4,4,0,3,0,1,2,2,0,4,2,0,0,0,3,0,0,4,4,0,4,3,4,4,4,4,0,0,4,1,3,0,4,4,4,3,1,2,1,2,1,4,1,0,1,0,1,4,1,3,4,4,3,4,0,4,4,4,0,3,0,2,3,2,4,2,4,4,4,4,0,4,4,4,4,0,4,1,3,4,0,0,0,1,4,0,2,4,0,0,0,4,4,4,4,4,4,0,0,4,0,0,3,1,4,4,4,4,1,3,2,0,3,4,1,0,0,0,0,3,4,3,1,2,4,3,0,0,2,4,3,0,0,4,0,4,3,4,4,3,0,0,4,0,4,0,4,0,4,4,4,4,1,0,2,4,0,4,4,4,2,3,4,0,0,2,2,3,3,1,2,3,4,4,1,0,4,4,4,0,0,4,0,3,4,4,0,0,3,3,0,4,4,0,4,2,3,4,2,3,1,0,4,1,1,0,0,4,0,0,3,3,4,1,4,1,1,0,0,1,4,4,0,3,4,4,2,3,0,0,4,4,0,0,0,0,0,4,0,4,3,4,0,3,1,4,2,3,0,1,3,3,3,2,2,3,0,1,1,3,1,4,3,3,1,4,2,0,3,3,4,2,3,1,0,4,3,2,4,4,4,0,4,1,3,3,4,4,0,4,1,3,3,0,1,0,2,3,1,2,0,4,4,1,0,1,4,2,3,2,2,1,3,4,2,4,4,2,1,1,0,4,4,1,2,3,0,2,4,0,2,4,0,4,4,0,4,4,0,4,4,4,1,2,3,4,0,3,4,3,4,4,4,4,3,4,4,4,0,1,4,3,1,2,4,0,3,4,1,1,0,4,1,0,0,2,4,1,2,3,2,0,2,2,0,4,4,3,2,3,2,4,2,3,4,3,4,0,4,2,2,3,4,4,3,3,2,0,0,0,2,2,1,1,1,2,4,0,3,4,3,4,2,4,2,0,4,0,0,4,4,3,0,4,4,0,4,0,1,2,1,3,0,0,4,1,1,4,0,0,1,0,4,4,1,4,3,0,0
15061496,4,1,1,3,1,2,1,4,3,0,0,3,0,0,2,3,4,4,0,4,3,0,4,0,0,4,4,0,1,0,0,4,0,0,4,0,4,4,0,4,2,3,1,4,3,2,2,0,3,0,0,4,0,4,4,4,3,4,4,0,4,1,1,3,4,0,0,4,4,0,0,4,0,3,3,3,2,1,4,4,1,1,0,3,0,0,0,4,2,4,0,4,0,0,0,4,0,4,0,0,0,4,0,4,4,4,3,3,4,0,2,0,3,1,4,2,3,1,4,0,4,4,4,2,3,2,1,3,0,4,4,0,2,1,2,4,0,3,3,4,0,3,3,3,0,4,4,4,0,0,0,4,0,4,0,0,4,0,3,4,4,3,0,1,0,0,1,0,0,0,4,3,4,4,4,1,0,0,4,4,4,0,4,3,4,0,4,1,1,3,2,0,4,1,0,0,1,0,0,0,4,0,4,1,2,3,4,0,4,0,2,4,4,4,0,0,1,3,2,4,2,0,4,3,0,4,3,1,4,4,1,4,4,4,3,2,4,2,2,1,0,4,4,3,4,0,0,2,4,4,0,3,0,0,4,3,4,4,4,0,4,4,2,3,2,0,1,4,4,3,3,0,4,4,4,0,4,3,4,2,4,1,0,1,3,3,1,0,1,3,4,0,0,4,3,0,0,3,2,2,4,4,4,2,0,0,2,4,0,0,2,4,1,0,4,4,0,0,0,4,1,4,4,3,0,3,4,0,4,0,4,4,4,0,4,2,0,4,0,4,2,3,4,0,0,0,4,4,0,3,4,4,4,4,4,2,4,4,0,0,0,4,2,0,0,3,0,0,0,0,0,1,4,1,1,0,1,4,4,0,4,1,4,0,0,0,0,0,4,4,2,1,2,0,0,3,3,0,0,1,0,4,4,0,0,2,0,0,4,4,0,3,2,2,2,2,4,4,0,4,0,0,3,1,4,0,4,3,1,0,4,4,4,0,4,4,3,4,3,4,0,4,4,2,0,0,2,4,4,4,0,0,3,2,1,1,0,4,1,1,2,1,1,0,0,3,0,4,4,4,4,2,1,0,4,4,3,1,4,0,4,3,0,4,2,4,3,4,2,2,2,4,4,0,0,0,2,1,4,4,0,2,3,4,4,0,3,0,0,4,3,4,0,0,0,0,4,0,4,4,4,1,0,4,4,2,4,4,2,4,2,2,4,1,1,3,0,2,3,4,0,4,4,0,3,0,1,2,2,0,4,2,0,0,0,3,0,0,4,4,0,4,3,4,4,4,4,0,0,4,1,3,0,4,4,4,3,2,2,1,2,1,4,1,0,1,0,1,4,1,3,4,4,3,4,0,4,4,4,0,3,0,2,3,2,4,2,4,4,4,4,0,4,4,4,4,0,4,1,3,4,0,0,0,1,4,0,2,4,0,0,0,4,4,4,4,4,4,0,0,4,0,0,3,1,4,4,4,4,1,3,2,0,3,4,1,0,0,0,0,3,4,3,1,2,4,3,0,0,2,4,3,0,0,4,0,4,3,4,4,3,0,0,4,0,4,0,4,0,4,4,4,4,1,0,2,4,0,4,4,4,2,3,4,0,0,2,3,3,3,1,2,3,4,4,1,0,4,4,4,0,0,4,0,3,4,4,0,0,3,3,0,4,4,0,4,2,3,4,2,3,1,0,4,1,1,0,0,4,0,0,3,3,4,1,4,1,1,0,0,1,4,4,0,3,4,4,2,3,0,0,4,4,0,0,0,0,0,4,0,4,3,4,0,3,1,4,2,3,0,1,3,3,3,2,2,3,0,1,1,3,1,4,3,3,1,4,2,0,3,3,4,2,3,1,0,4,3,2,4,4,4,0,4,1,3,3,4,4,0,4,1,3,3,0,1,0,2,3,1,2,0,4,4,1,0,1,4,2,3,2,2,1,3,4,2,4,4,2,1,1,0,4,4,1,2,3,0,2,4,0,2,4,0,4,4,0,4,4,0,4,4,4,1,2,3,4,0,3,4,3,4,4,4,4,3,4,4,4,0,1,4,3,1,2,4,0,3,4,1,1,0,4,2,0,0,2,4,1,2,3,2,0,2,3,0,4,4,3,2,3,2,4,2,3,4,3,4,0,4,2,2,3,4,4,3,3,2,0,0,0,2,2,1,1,1,2,4,0,3,4,3,4,2,4,2,0,4,0,0,4,4,3,0,4,4,0,4,0,1,2,1,3,0,0,4,1,1,3,0,0,1,0,4,4,1,4,3,0,0
15061524,4,0,1,3,1,3,3,4,2,0,0,2,1,0,2,2,4,4,0,4,3,2,4,0,0,4,3,1,0,0,1,4,0,0,4,0,4,4,0,4,4,3,1,4,2,4,4,0,2,0,0,4,0,4,4,4,3,4,4,0,4,0,1,4,4,0,0,4,2,0,0,4,0,4,3,3,2,2,4,3,2,1,0,2,0,0,0,4,2,4,0,4,0,0,0,3,0,4,0,0,1,4,1,4,4,4,3,3,4,0,3,1,3,1,4,3,4,3,4,0,4,4,4,1,4,3,1,3,0,3,4,1,3,1,2,4,0,2,3,4,0,3,3,4,0,4,4,4,0,1,0,4,0,4,0,0,4,0,4,4,4,2,0,1,0,0,1,0,0,0,4,2,4,3,3,0,1,0,4,4,4,0,3,4,4,0,4,1,2,3,1,0,4,1,0,0,1,0,0,0,4,0,4,2,3,3,4,2,4,0,1,4,4,4,0,0,2,3,4,3,3,0,4,2,1,4,3,2,4,4,0,4,4,4,2,0,4,2,3,3,0,4,4,4,4,0,0,4,4,4,0,3,0,0,4,3,2,3,4,0,4,4,3,2,3,0,1,4,4,3,2,0,4,4,4,0,4,2,4,1,4,2,0,0,3,3,1,0,2,4,4,0,0,4,0,0,0,3,2,1,4,4,4,3,0,1,3,4,0,0,2,4,1,0,4,4,0,0,0,4,2,4,4,3,0,1,3,0,4,0,4,4,4,1,3,2,1,4,0,4,4,NA,4,0,0,0,4,4,0,3,4,4,4,3,3,4,4,4,0,0,0,4,2,0,0,2,0,1,0,0,0,0,3,1,1,1,0,4,4,0,4,1,3,0,0,0,0,0,4,3,3,1,2,0,0,4,4,0,0,1,0,2,3,1,1,3,0,0,4,4,0,4,2,1,2,2,4,2,0,4,0,0,2,1,4,0,4,2,3,0,4,3,4,0,4,2,3,4,2,4,0,4,4,2,0,0,2,4,4,4,0,0,3,1,0,0,0,4,0,1,2,1,1,0,0,4,0,4,4,4,4,3,0,0,4,4,2,1,4,1,4,3,1,4,1,4,3,4,1,2,2,4,3,0,0,0,4,2,4,4,0,1,3,4,4,0,1,0,0,4,4,4,0,0,0,0,4,0,4,4,4,1,0,4,4,2,3,4,2,4,3,1,4,1,2,4,1,1,3,4,1,4,4,0,4,0,0,3,1,0,4,2,0,0,0,3,0,0,4,4,1,4,2,4,4,4,4,0,0,4,0,4,2,3,2,4,2,3,2,2,3,0,3,0,1,1,0,0,4,0,4,4,4,3,4,1,4,4,4,0,2,0,2,4,3,4,4,4,4,4,4,0,4,4,4,4,0,4,1,2,4,0,0,0,2,4,0,4,4,0,0,2,2,4,4,4,4,3,0,0,4,0,0,2,2,4,4,4,4,0,3,3,0,2,4,2,1,0,0,0,3,4,2,1,3,4,3,0,0,3,3,3,0,0,3,0,3,3,4,4,3,0,0,4,0,4,0,4,0,4,4,4,4,2,1,3,4,0,4,4,4,3,3,4,0,0,3,3,3,1,1,2,3,4,4,3,0,4,4,4,0,0,3,0,2,3,4,0,0,3,3,0,3,2,0,4,2,4,4,1,3,1,0,4,0,0,0,0,4,0,0,2,4,4,1,2,1,1,0,0,3,4,4,0,3,4,3,2,3,1,1,4,4,0,0,1,0,0,4,0,4,3,4,0,1,1,3,3,2,0,2,2,4,4,2,2,1,0,1,1,2,1,4,3,3,1,4,2,0,3,3,4,1,3,1,0,4,3,0,4,3,4,0,4,2,4,4,4,4,0,4,1,4,1,0,0,0,3,2,2,3,0,4,4,2,0,1,4,3,2,3,2,0,3,4,0,4,4,2,2,2,0,4,4,2,2,3,1,2,3,0,1,4,0,4,4,0,4,4,0,4,4,4,1,3,3,4,0,4,4,3,4,4,4,4,2,4,4,4,0,2,4,4,2,3,4,0,2,4,0,1,0,4,2,0,0,1,3,2,3,4,3,0,3,0,1,4,4,2,2,4,2,4,3,2,4,4,4,0,4,4,2,4,3,3,4,4,1,0,1,0,1,1,2,2,2,1,4,0,3,4,1,4,4,4,2,0,4,0,0,4,4,4,0,4,4,0,4,0,0,1,0,3,1,1,4,1,1,3,0,0,1,0,4,4,1,4,3,0,0
15061907,2,1,0,4,0,4,1,3,4,0,1,3,1,0,3,2,2,4,1,4,2,3,3,0,1,4,4,0,0,0,3,4,0,0,2,1,4,3,1,4,4,3,1,4,3,1,1,0,3,1,0,4,0,3,4,3,1,3,3,0,4,1,0,3,4,0,0,4,4,1,1,4,0,4,4,4,2,2,3,3,1,3,2,1,1,0,0,1,4,4,1,4,1,0,0,4,0,2,2,2,2,4,2,4,4,4,4,4,4,0,4,1,3,0,4,1,4,0,4,0,4,4,4,1,3,1,1,2,0,4,3,2,2,0,2,4,1,1,4,4,0,3,3,3,0,3,3,4,2,2,0,3,1,4,0,0,4,0,4,4,3,0,0,2,1,1,3,1,0,0,3,4,3,3,3,2,1,1,3,4,4,0,4,2,4,0,4,1,4,2,3,0,3,0,0,4,2,1,1,0,3,0,4,4,2,2,3,1,4,1,2,3,2,4,2,1,3,4,4,4,4,0,4,2,2,4,3,3,3,2,3,1,2,2,3,3,4,4,2,1,1,4,4,4,2,0,0,3,NA,4,0,4,0,0,4,4,2,NA,3,0,4,2,4,1,3,0,2,4,3,3,2,1,4,4,4,0,3,4,4,0,3,1,0,2,3,4,1,0,3,4,4,0,4,4,0,0,0,2,2,1,4,3,4,2,0,2,1,4,0,0,1,2,0,1,4,3,1,0,0,4,4,4,4,1,0,0,3,0,4,0,4,4,4,0,1,3,0,4,0,1,4,3,4,0,0,0,4,4,0,4,3,4,4,4,2,3,3,4,1,2,0,4,0,0,0,2,0,0,0,0,0,4,2,1,1,1,0,4,4,0,4,4,3,0,2,1,1,0,4,3,4,1,2,0,0,4,4,1,0,1,0,1,3,4,2,2,0,0,4,3,1,3,4,1,0,4,3,4,1,3,0,4,4,1,4,0,4,2,4,0,4,0,3,0,4,4,1,4,1,4,0,4,4,2,2,0,2,3,3,4,3,0,2,3,0,0,0,4,2,1,0,1,3,0,1,3,3,4,1,3,4,2,2,0,4,4,0,3,2,2,4,3,0,3,4,NA,4,2,3,3,3,4,4,0,0,0,2,1,4,4,0,1,3,2,4,2,0,1,0,2,2,4,0,0,0,0,2,0,4,2,4,0,1,3,4,4,2,3,2,4,3,2,4,0,2,2,3,1,3,4,2,3,4,2,4,1,3,1,2,0,4,1,1,0,1,3,0,0,3,3,0,4,4,4,4,4,4,1,1,3,2,2,1,2,2,4,3,2,3,1,0,2,3,1,0,0,0,0,4,1,4,3,3,1,4,0,4,2,1,0,4,0,2,3,4,3,4,4,4,1,4,1,3,3,4,3,1,3,1,4,4,1,0,0,1,2,0,2,4,0,0,3,1,1,1,1,1,3,0,4,2,0,0,2,2,4,4,4,4,1,3,4,0,1,4,3,2,1,1,0,3,4,2,3,3,3,4,0,0,3,1,4,0,1,2,0,3,1,2,4,4,1,1,4,2,4,0,3,0,3,3,3,3,1,2,2,3,2,2,4,4,4,1,0,4,0,0,0,3,2,1,1,3,4,4,4,1,3,2,3,0,0,4,1,2,4,2,1,0,4,3,1,4,4,1,3,3,2,1,3,4,0,2,3,2,1,0,2,4,0,3,4,4,4,1,2,1,0,2,1,1,4,4,0,2,3,1,3,4,1,0,4,4,0,0,2,0,1,4,0,3,4,4,0,0,2,1,4,1,1,3,1,4,4,1,3,1,1,0,3,4,1,4,4,3,0,3,3,1,3,4,3,1,4,0,1,3,3,2,4,3,4,0,4,1,2,4,4,4,2,2,2,4,4,2,0,0,4,2,3,0,0,2,4,1,0,1,2,2,3,3,2,2,4,4,1,4,NA,4,1,3,0,4,4,0,1,3,0,2,2,0,2,4,0,4,4,0,4,4,0,3,3,4,3,2,3,4,0,4,4,4,4,4,4,4,2,4,4,2,0,1,4,4,1,3,3,0,2,3,2,4,0,4,2,NA,NA,2,4,2,3,3,1,1,3,0,0,4,4,0,0,3,3,4,3,3,3,2,4,0,4,4,2,4,0,2,4,4,2,2,3,3,2,3,1,1,2,2,3,0,3,3,3,3,3,4,1,0,4,0,0,3,4,4,0,4,4,0,4,0,1,3,1,3,0,0,3,3,0,4,0,0,0,2,4,4,0,4,3,0,0
15061538,4,1,0,4,0,4,3,4,3,0,0,3,1,0,4,1,4,4,0,4,3,1,4,0,0,4,4,0,0,0,0,4,0,0,3,1,4,4,0,4,3,1,3,4,2,4,4,1,3,0,0,4,0,3,3,4,2,4,4,0,4,2,0,2,4,0,0,4,4,1,0,4,0,3,4,4,3,3,4,4,1,1,0,3,0,0,0,4,3,4,0,4,0,0,0,4,0,4,0,0,0,4,0,4,4,4,4,4,4,1,1,1,3,1,4,3,4,1,4,0,4,4,4,1,3,1,0,3,0,3,4,2,1,0,2,4,0,4,2,4,0,3,3,4,0,4,4,4,0,0,0,4,0,4,0,0,4,0,4,4,4,3,0,0,0,0,3,0,0,0,4,3,4,3,4,0,1,1,3,4,4,0,3,3,4,0,4,2,1,2,3,0,4,1,0,2,2,0,0,0,4,0,4,2,4,4,4,1,4,1,1,4,4,4,0,0,2,2,4,2,2,0,4,2,1,4,1,3,3,4,3,3,4,3,3,1,4,4,4,1,0,4,4,4,4,0,0,0,4,4,0,4,0,0,4,4,3,4,4,0,4,4,4,1,4,1,0,3,4,3,3,0,4,4,4,1,4,0,4,0,4,3,0,0,4,4,2,0,3,4,4,0,0,3,2,0,0,4,2,1,4,2,4,2,0,1,3,4,0,0,3,3,0,0,4,4,0,0,0,4,1,4,4,4,0,1,4,0,4,0,4,4,4,1,2,3,0,4,0,4,4,3,4,0,0,0,4,4,0,3,4,4,4,3,4,4,4,4,0,2,0,4,0,1,0,3,1,1,0,0,0,2,3,0,2,2,0,3,4,0,4,1,4,0,0,0,0,0,4,4,4,0,2,0,0,4,1,0,0,0,0,4,4,0,0,3,0,0,4,4,0,2,3,0,1,3,4,3,0,4,0,0,2,2,4,0,4,3,2,0,4,4,4,0,4,2,2,3,1,4,0,4,4,1,0,0,3,4,4,4,0,0,3,1,0,0,1,4,1,0,1,0,2,0,2,4,0,4,4,4,4,3,2,0,4,4,2,1,4,1,4,4,2,4,4,3,4,4,1,1,1,4,2,2,0,0,3,1,4,4,0,2,3,4,4,0,0,0,0,4,4,4,0,0,1,0,4,0,4,4,4,0,0,3,4,3,3,4,2,4,1,2,4,1,3,4,0,1,4,4,1,4,3,0,4,0,0,0,2,2,4,3,0,1,0,3,0,0,3,4,0,4,3,4,4,4,4,0,1,4,1,4,2,1,1,3,3,3,1,0,2,1,2,0,0,1,0,2,4,2,3,4,4,3,4,1,4,4,3,0,3,0,2,3,4,4,4,4,4,4,4,0,4,4,4,4,0,3,0,3,4,0,0,0,2,4,0,3,4,0,0,1,3,4,4,4,4,3,0,0,4,0,0,2,1,4,4,4,4,2,4,2,0,1,4,2,2,0,0,0,4,4,3,2,3,4,2,0,0,4,3,4,0,0,4,0,4,2,4,4,4,0,0,4,0,4,0,4,2,4,4,4,4,3,0,3,4,0,4,4,4,3,4,4,0,0,1,2,4,1,0,1,4,4,3,2,0,4,4,4,0,0,3,1,2,3,1,0,0,4,4,0,4,4,0,4,2,4,3,3,3,1,0,4,2,0,0,2,4,0,2,3,3,4,0,2,0,0,2,1,0,4,4,0,3,4,4,4,3,1,0,4,4,1,0,0,0,0,4,0,4,4,4,0,1,3,4,3,2,0,3,1,3,3,1,4,1,1,1,2,3,1,4,4,4,1,4,1,0,4,4,4,0,4,0,0,4,4,3,4,4,4,0,4,1,2,3,4,4,1,4,0,3,3,0,3,0,0,3,4,2,0,4,4,3,0,2,4,3,2,3,2,1,3,4,2,4,4,3,1,2,0,4,4,2,3,2,0,2,3,0,0,3,0,4,4,0,4,4,0,4,4,4,0,0,2,4,0,3,4,4,4,4,4,4,4,4,4,3,0,2,4,4,1,2,4,0,4,4,1,3,0,4,3,0,0,1,4,2,4,4,2,0,4,3,1,4,4,3,2,1,3,4,3,1,4,3,4,0,4,3,1,4,3,2,3,3,1,1,1,1,2,3,0,0,3,1,4,0,4,4,3,4,3,3,2,0,4,0,0,4,4,4,0,4,4,0,4,0,0,3,0,3,0,0,4,0,0,4,0,0,0,1,4,3,0,4,1,0,0
15061437,3,1,2,2,1,2,2,4,3,0,0,3,1,0,2,3,4,4,0,4,3,1,4,0,0,4,4,0,0,1,1,4,0,0,4,0,4,4,0,4,2,2,1,4,2,4,4,1,1,0,0,4,0,3,4,4,3,4,4,0,4,1,1,3,4,0,0,4,4,0,0,4,0,2,3,3,3,2,4,4,3,3,1,2,0,0,0,4,2,4,0,4,0,0,0,4,0,4,0,0,0,4,1,4,4,4,3,3,4,0,0,1,3,1,4,2,2,1,4,0,4,3,4,0,4,3,0,3,0,4,4,1,1,1,1,4,0,1,4,4,0,3,3,3,0,4,4,4,0,0,0,4,0,4,0,0,4,0,4,4,4,4,0,1,0,0,2,0,0,0,4,3,4,4,4,0,3,2,2,4,4,0,4,3,4,0,4,2,0,2,2,0,4,1,0,1,1,0,0,0,4,0,4,1,4,4,4,1,4,0,0,4,4,4,0,0,0,2,4,4,3,0,3,1,2,4,3,2,1,4,0,4,4,4,2,0,4,2,2,1,0,4,4,3,4,0,0,2,4,4,0,4,0,0,4,3,2,4,3,1,4,3,3,1,3,0,0,4,4,3,3,0,4,4,4,0,4,2,4,2,NA,1,0,0,4,4,1,0,1,4,4,0,0,4,4,0,0,3,2,1,4,2,4,2,1,2,4,4,0,0,1,3,1,0,4,4,0,0,0,4,1,4,4,3,0,1,4,0,4,0,4,4,4,0,4,2,0,4,0,4,4,3,4,0,0,0,4,4,0,4,4,4,4,4,4,4,4,4,0,0,0,4,1,0,0,3,2,2,0,0,0,2,4,0,2,1,0,4,4,0,4,0,4,0,0,0,1,0,4,4,4,0,2,0,0,4,3,0,0,2,0,4,4,0,0,3,0,0,4,4,0,1,2,1,2,2,4,3,0,4,0,1,4,2,4,0,4,4,1,0,4,4,4,0,4,4,4,3,3,4,0,4,4,1,0,0,1,4,4,4,0,0,3,2,0,0,0,4,1,2,1,2,0,0,0,3,0,4,4,4,4,2,2,0,4,4,2,0,4,2,4,3,1,4,2,4,4,4,2,1,1,4,4,2,0,0,4,0,3,4,1,2,4,4,4,0,0,0,0,4,4,4,0,0,0,0,3,0,4,4,4,1,0,4,4,2,4,4,3,4,2,2,4,2,2,3,0,3,3,4,0,4,3,0,4,0,0,2,2,0,4,2,0,1,0,3,0,0,4,4,0,4,2,4,4,4,4,0,0,4,1,3,1,4,4,3,3,1,3,1,3,0,4,2,0,1,0,2,3,1,4,4,4,3,4,2,4,3,3,0,4,0,1,3,2,4,3,4,4,4,3,0,4,4,4,4,0,3,1,3,4,0,0,0,1,4,0,2,4,0,0,2,2,4,4,4,4,4,0,0,4,0,0,4,3,4,4,4,4,1,2,1,0,1,4,2,0,0,0,0,3,4,2,3,2,4,4,0,0,2,4,3,0,0,4,0,4,3,4,4,4,0,0,4,0,4,0,4,0,4,4,4,4,2,1,2,4,0,4,4,4,3,4,4,0,0,4,4,4,1,0,2,4,3,3,1,0,4,3,4,0,0,4,0,3,4,3,0,0,3,3,0,4,4,0,4,2,3,4,4,3,1,0,4,1,1,0,0,4,0,0,3,3,4,1,4,1,1,0,0,1,4,4,0,4,4,4,4,3,0,1,4,4,0,0,0,0,0,4,0,2,4,4,0,1,0,4,3,2,0,2,2,3,3,2,2,3,0,1,0,4,2,4,4,2,0,4,2,0,4,4,4,0,4,0,0,4,3,2,4,4,4,0,4,1,4,4,4,4,1,4,0,4,3,0,1,0,2,3,2,4,0,4,4,1,0,2,4,2,4,3,3,1,3,4,2,4,4,2,1,2,0,4,4,0,2,4,0,2,4,0,2,4,0,4,4,0,4,4,0,4,4,4,0,1,1,3,0,1,4,4,4,3,4,4,4,4,4,3,0,1,4,2,0,0,4,0,2,4,1,3,0,4,3,0,0,2,4,1,2,3,1,0,4,3,1,4,4,3,2,2,2,4,2,3,4,2,4,0,4,2,2,4,2,2,4,4,2,2,2,2,3,2,0,0,3,3,4,0,3,4,3,3,3,4,1,0,4,0,0,4,3,3,0,4,4,0,4,0,2,2,2,2,0,0,4,0,0,3,0,0,1,0,4,2,1,4,1,0,0
15061677,4,0,0,4,0,4,2,4,3,0,0,0,0,0,4,2,3,3,0,4,4,2,4,0,0,4,3,1,0,0,0,4,0,0,4,2,4,3,0,4,2,2,2,4,2,4,4,1,3,0,0,4,0,4,3,4,2,4,4,0,4,1,1,3,4,0,0,4,4,0,1,4,0,2,4,4,4,3,4,3,1,1,0,4,0,0,0,4,2,4,0,4,0,0,0,4,0,4,0,0,0,4,1,4,4,4,4,4,4,1,2,0,4,0,4,0,4,1,4,0,4,4,4,0,3,2,1,3,0,4,4,3,2,0,1,4,0,2,4,4,0,4,3,4,0,4,4,4,0,1,1,4,0,4,0,0,4,0,4,4,4,3,0,1,0,0,3,0,0,0,3,3,4,4,4,0,0,0,4,4,4,0,3,2,4,0,4,2,1,2,3,0,4,0,0,2,0,0,0,0,4,0,4,4,4,4,4,2,4,0,0,4,4,4,0,0,0,1,4,3,2,0,4,1,2,3,2,2,3,4,1,3,4,4,2,2,4,3,4,1,0,4,4,4,4,0,0,1,4,4,0,4,0,0,4,4,3,3,4,0,3,4,4,1,4,0,0,4,4,4,4,0,4,4,4,0,4,2,4,0,4,1,0,1,4,4,3,0,2,2,4,0,0,4,1,0,0,2,2,0,4,2,4,3,0,1,4,4,0,0,3,3,0,0,4,4,0,0,0,4,1,4,4,4,0,3,3,1,4,0,4,4,4,0,3,3,2,4,0,4,4,4,4,0,0,0,4,4,0,4,4,4,4,3,4,4,4,4,0,0,0,4,0,1,0,3,0,0,0,0,0,2,3,1,1,1,1,3,4,0,4,0,4,0,0,0,0,0,4,4,4,0,1,0,0,4,2,0,0,1,0,3,4,3,2,4,0,0,4,4,0,3,3,0,1,3,4,3,0,4,0,0,3,1,4,0,4,3,3,0,4,3,4,1,4,4,4,3,2,4,0,4,4,2,1,0,2,4,4,4,0,0,3,1,1,0,0,4,2,1,1,1,1,0,1,4,1,4,3,4,4,3,2,0,4,4,2,2,4,1,4,4,0,4,4,4,3,4,2,2,2,4,3,2,0,0,3,1,4,4,1,3,2,4,4,0,2,0,0,4,4,4,0,0,0,0,4,0,4,4,4,1,1,3,4,2,2,4,2,4,1,3,4,1,3,4,1,1,4,4,1,4,3,0,4,2,0,2,2,1,4,2,0,0,0,4,0,0,4,4,0,4,2,4,4,4,4,0,0,4,0,4,2,1,1,4,3,3,1,2,3,1,2,1,0,0,0,1,4,1,4,4,4,4,4,0,4,4,1,0,3,0,2,4,4,4,3,4,4,4,4,0,4,4,4,4,0,3,1,2,4,0,0,0,1,4,0,3,4,0,0,0,3,4,4,4,4,4,0,0,4,0,1,4,2,4,4,4,4,2,4,2,0,1,4,3,2,0,0,0,3,4,3,2,3,4,2,0,0,4,3,3,0,0,4,0,4,4,4,4,4,0,0,4,0,4,0,4,1,3,4,4,4,3,1,3,4,0,4,4,4,2,4,4,0,2,4,4,4,2,0,1,4,3,4,1,0,4,3,2,2,2,4,0,1,3,2,1,0,3,3,0,4,4,0,4,4,2,3,3,4,0,0,4,1,1,0,2,4,0,2,4,2,4,0,2,1,0,2,2,1,4,1,0,3,4,4,3,2,1,0,4,4,0,0,2,0,0,4,0,4,4,4,0,0,2,4,3,3,0,1,2,3,3,2,3,2,1,2,1,3,2,4,4,4,0,4,1,0,4,4,4,2,4,0,0,4,4,1,4,3,4,0,4,2,3,3,4,4,0,4,0,3,2,0,2,0,1,3,3,3,0,4,4,3,0,0,4,1,3,3,2,1,3,4,2,4,4,2,2,3,0,4,4,1,3,3,0,2,2,0,0,4,0,4,4,0,4,4,0,3,3,4,1,1,3,4,0,3,4,4,4,2,4,4,4,4,4,2,0,3,4,3,0,0,4,0,4,4,2,3,0,4,3,0,0,1,4,3,4,4,2,0,4,2,0,4,4,3,2,2,3,4,2,2,4,4,4,0,4,4,1,4,2,1,3,3,1,2,2,1,2,2,1,1,2,1,4,0,3,4,4,4,3,3,2,0,4,1,0,4,3,4,0,4,4,0,4,0,0,2,0,2,0,0,4,0,0,4,0,0,1,0,4,4,1,4,2,0,0
15062369,4,1,1,3,1,3,2,4,4,0,0,3,2,0,2,2,2,4,0,4,2,1,4,0,0,4,3,1,1,0,0,4,0,0,4,0,4,4,0,4,3,3,1,4,2,2,2,1,3,0,0,4,0,4,4,4,4,4,4,0,4,0,1,4,4,0,0,4,3,0,0,4,0,4,4,3,2,1,4,4,2,1,0,4,0,0,0,4,4,4,0,4,0,0,0,4,0,4,0,2,0,4,1,4,4,4,4,4,4,0,2,0,3,1,4,3,4,1,4,0,4,4,4,1,3,3,0,3,0,4,4,2,1,1,1,4,0,2,3,4,0,3,3,4,0,4,4,4,0,0,0,4,0,4,0,0,4,0,3,4,4,2,0,2,0,0,3,0,0,0,2,2,2,4,4,1,0,0,4,4,4,0,3,4,4,0,4,1,1,3,3,0,4,1,0,0,3,0,0,0,4,0,4,1,4,4,4,1,4,0,2,4,3,4,0,0,1,4,2,3,2,0,4,4,0,4,2,1,4,4,2,4,4,4,3,2,4,4,2,2,0,4,4,4,4,0,0,2,4,4,0,3,0,0,4,3,4,4,3,0,4,4,1,3,2,0,1,3,4,3,4,0,4,4,4,1,4,2,4,1,4,1,0,1,3,2,0,0,3,3,4,0,0,4,3,0,0,4,2,2,4,2,4,2,0,0,2,4,0,0,2,3,1,1,4,4,1,0,0,4,2,4,4,3,0,1,2,0,4,0,4,4,4,1,3,1,0,4,0,4,2,3,4,0,0,0,4,4,0,4,4,4,4,3,4,2,4,4,0,1,0,4,1,1,0,2,0,0,1,0,0,1,4,0,2,2,2,4,4,0,4,3,4,0,0,0,0,0,4,4,3,2,2,0,0,3,2,0,0,0,0,3,4,1,1,3,0,0,4,4,2,3,2,1,2,2,4,4,0,4,0,1,2,2,4,0,4,3,1,0,4,4,4,0,4,2,3,4,2,4,0,4,4,2,0,0,2,4,4,4,0,0,3,1,1,1,1,4,0,0,2,0,1,0,1,4,0,4,3,4,4,3,2,0,4,4,2,1,4,1,4,4,1,4,2,4,2,4,2,1,1,4,2,0,0,0,3,1,4,4,0,2,4,4,4,0,0,0,0,4,3,4,0,0,1,0,3,0,4,4,4,0,0,4,4,1,4,4,2,4,2,2,4,1,1,4,1,2,3,4,1,4,3,0,2,1,1,0,4,2,4,1,0,1,0,3,0,0,4,4,0,4,2,4,4,4,4,0,0,4,2,3,0,2,2,4,4,3,2,2,3,1,4,1,0,1,0,1,4,2,3,4,4,3,4,0,4,3,4,1,2,0,2,3,2,4,3,4,4,4,4,0,4,4,4,4,0,4,0,4,4,0,0,0,3,4,0,3,4,0,0,2,4,4,4,4,4,4,0,0,4,0,0,4,1,4,4,4,4,1,3,2,0,3,4,1,1,0,0,0,4,4,3,1,3,4,3,0,0,2,3,4,0,0,4,0,4,3,4,4,4,0,0,4,0,4,0,4,0,4,4,4,4,1,0,3,4,0,4,4,4,2,4,4,0,0,1,2,3,3,1,3,3,4,4,0,0,4,4,3,1,0,4,1,1,4,3,0,0,4,4,0,3,3,0,4,2,3,3,2,3,1,0,4,1,0,0,0,4,0,0,NA,4,4,0,3,1,0,0,0,1,4,4,0,4,4,4,3,3,2,0,4,4,1,0,0,0,1,4,0,4,2,4,0,2,2,4,1,3,0,1,3,2,2,1,4,3,0,2,1,4,0,4,2,3,2,4,2,0,2,2,4,2,2,2,0,3,3,1,4,4,4,0,4,0,3,4,4,4,1,4,1,4,3,0,1,0,1,3,2,1,0,4,4,3,0,2,4,3,2,2,2,1,3,4,2,4,4,1,2,2,0,4,4,1,2,3,0,3,2,0,2,3,0,4,4,0,4,4,0,4,4,4,0,2,3,4,0,4,4,4,4,3,4,4,3,4,3,4,0,1,4,4,1,2,4,0,2,4,0,2,0,4,1,0,0,1,4,2,3,3,2,0,4,3,0,4,4,4,2,2,3,4,3,1,4,4,4,0,4,3,0,3,3,3,3,3,0,1,1,1,2,3,0,0,1,2,4,0,4,4,3,4,2,4,0,0,4,0,0,4,4,4,0,4,4,0,4,0,0,1,0,2,0,0,4,1,1,3,0,0,0,0,4,4,0,4,3,0,0
15061583,3,3,0,4,0,4,0,3,4,0,2,2,1,0,1,3,3,4,0,3,1,1,4,1,1,4,4,0,1,0,1,3,1,2,4,2,4,3,0,4,4,3,1,4,2,4,4,1,2,0,0,4,0,3,3,2,4,4,4,0,4,1,2,3,3,1,0,3,4,1,0,4,0,3,4,4,2,2,4,3,3,3,1,4,0,0,1,2,3,4,1,4,1,0,0,4,0,4,0,0,0,3,2,4,4,3,4,4,4,0,2,1,4,0,4,1,3,2,4,0,4,4,4,1,4,1,0,3,0,4,4,2,2,0,2,4,0,2,3,4,0,2,3,4,0,3,3,4,0,1,1,3,0,4,0,1,4,0,4,4,3,1,1,1,1,0,3,0,0,0,4,4,3,4,3,0,1,1,3,3,4,3,4,2,4,0,4,3,0,3,3,0,4,0,0,1,1,1,1,0,3,0,3,3,3,3,4,1,4,0,1,4,4,4,1,0,2,1,4,2,3,1,3,2,0,4,3,3,3,4,1,4,4,4,1,2,4,4,2,4,1,4,4,3,3,0,0,2,4,4,1,4,1,1,4,3,2,3,4,1,3,3,4,0,4,0,2,3,3,4,4,0,4,4,3,0,3,2,4,0,4,2,0,0,3,3,2,0,2,2,4,0,1,2,1,0,0,3,2,2,4,1,4,3,1,0,3,4,0,0,0,NA,0,0,2,4,1,1,1,4,3,4,4,3,2,2,4,1,4,0,4,4,4,0,3,4,0,4,0,4,4,3,4,1,0,0,4,4,0,4,3,4,4,4,4,4,4,4,0,3,0,4,0,0,0,3,1,1,0,0,0,3,4,0,2,1,0,3,3,0,3,0,3,0,0,0,2,0,3,4,4,2,0,0,0,4,1,0,1,1,0,3,3,0,0,4,0,0,4,4,0,3,3,0,1,3,3,4,1,4,0,0,3,1,4,0,4,2,3,0,4,3,2,0,4,4,2,3,2,4,2,4,4,1,0,0,1,4,4,4,0,0,2,4,0,0,0,4,2,0,1,2,3,0,1,2,2,4,3,4,4,4,2,0,2,4,1,1,4,1,4,3,2,3,3,4,2,4,2,1,1,3,4,1,0,0,2,0,4,4,0,2,4,4,4,0,0,0,0,3,4,4,0,0,0,0,3,0,4,3,4,1,0,4,3,2,2,4,2,4,1,3,3,2,2,3,0,1,3,4,1,4,4,1,4,2,0,0,1,2,4,0,0,1,0,2,0,0,2,4,0,4,2,4,4,3,4,0,1,4,0,4,0,1,1,3,3,4,3,3,2,1,2,1,0,0,0,2,4,2,3,4,4,4,3,1,3,3,2,1,3,0,0,3,4,4,4,3,4,4,4,1,4,4,4,4,1,2,3,2,4,0,0,0,2,3,0,2,4,0,0,1,2,3,3,3,3,4,0,1,3,0,0,4,3,4,4,4,4,1,2,1,1,1,4,1,0,1,0,0,4,4,3,1,2,2,3,0,0,3,2,3,0,0,4,0,4,3,4,4,4,0,0,4,0,4,0,4,2,4,4,4,4,3,1,4,3,1,4,3,4,3,4,3,1,0,2,2,4,1,0,0,4,4,3,3,0,NA,4,4,0,0,4,1,0,4,1,2,2,1,1,0,4,4,0,2,3,3,2,2,4,0,0,3,0,1,1,1,3,1,1,4,4,3,2,3,2,2,1,0,2,4,3,0,3,3,4,4,3,0,0,4,4,0,0,0,0,0,4,0,3,2,4,0,0,1,4,4,3,2,1,3,3,3,2,2,2,2,2,2,3,2,4,3,3,0,3,3,1,3,4,3,0,4,0,1,3,2,2,3,4,4,0,4,0,3,3,4,4,3,2,3,4,4,3,1,0,4,4,1,1,0,3,4,2,0,1,4,3,3,3,4,1,3,4,2,4,4,1,3,4,0,3,4,2,3,2,1,2,4,0,0,4,0,4,4,0,4,4,0,2,4,4,2,0,3,2,0,3,4,4,4,2,3,4,4,4,3,3,0,0,4,1,1,2,3,1,3,3,2,4,0,4,2,0,0,0,4,3,4,3,3,0,3,2,0,4,4,2,2,3,2,4,2,2,4,2,4,0,4,2,1,3,3,3,4,4,1,1,2,2,4,4,1,1,2,2,NA,1,3,4,2,3,3,4,2,0,4,0,0,4,3,4,0,4,4,0,4,0,1,2,1,2,0,0,3,0,0,4,0,0,1,0,4,3,1,4,2,0,0
15062142,4,2,0,4,0,4,2,4,3,0,1,3,1,1,3,2,2,4,0,3,3,1,4,1,1,3,4,0,1,4,0,4,0,0,0,0,4,4,1,3,1,3,1,4,4,2,2,0,2,0,0,4,0,3,4,3,2,4,4,0,4,3,1,1,3,1,0,3,4,1,2,4,0,3,4,2,4,4,3,4,1,2,1,3,1,1,2,4,3,2,1,4,1,0,0,4,0,3,1,1,1,4,1,4,3,3,4,4,4,0,3,1,3,0,4,1,4,1,4,0,3,4,3,2,2,3,1,2,0,3,4,2,0,0,2,3,0,2,4,4,0,3,4,4,0,3,3,4,0,1,0,4,0,4,0,0,4,1,2,4,4,3,0,2,1,1,2,1,0,0,3,3,3,4,2,3,0,0,4,3,4,1,3,3,3,0,4,1,1,3,2,0,2,0,0,3,1,1,1,0,3,0,3,3,4,3,3,0,4,0,1,3,3,4,0,1,1,2,4,0,2,0,4,2,2,3,2,1,4,4,4,3,4,3,4,4,4,2,4,1,0,4,4,3,4,0,0,2,4,4,1,4,0,0,4,4,3,4,3,0,2,4,2,2,2,0,0,3,3,4,4,1,3,4,4,0,3,0,3,0,4,2,0,2,4,4,2,1,3,4,4,0,1,3,0,0,0,3,4,1,4,3,4,2,0,2,2,3,0,0,2,3,0,0,4,3,1,1,1,4,2,4,3,3,0,1,4,1,3,0,4,3,3,0,4,2,0,3,0,3,4,4,3,0,0,0,4,4,0,4,4,4,3,4,3,4,4,4,0,3,0,4,0,2,0,3,0,0,0,0,1,3,3,2,1,0,0,4,3,0,4,2,4,0,0,1,0,0,4,4,4,1,1,1,0,4,2,0,0,2,0,3,3,0,0,4,0,0,4,2,2,2,2,0,0,2,3,2,0,3,1,1,4,2,4,0,4,4,2,0,4,3,3,1,3,3,4,3,1,4,1,4,4,1,2,1,3,4,4,4,1,0,2,3,0,1,0,4,1,1,1,4,0,0,1,3,1,4,4,4,3,3,3,0,4,4,3,2,3,1,4,3,2,4,4,4,3,3,3,3,3,4,4,2,0,0,2,1,2,2,2,2,2,3,4,0,2,1,0,3,2,3,0,0,0,0,1,0,4,4,3,2,0,2,4,3,1,2,2,4,2,4,2,0,3,3,1,1,3,4,1,4,3,1,3,2,1,2,2,1,4,2,0,2,0,4,0,0,4,4,0,3,2,4,4,4,4,1,0,3,1,3,2,2,2,3,3,3,1,1,3,0,2,0,0,0,0,1,4,2,4,3,3,4,3,0,4,3,3,0,4,0,1,2,4,4,3,4,4,3,4,1,3,3,4,3,1,4,2,3,3,0,0,0,2,3,0,2,4,0,0,1,2,3,3,3,3,3,0,1,3,0,2,3,2,3,3,3,4,3,4,2,0,1,3,3,1,0,0,0,3,3,1,2,1,3,2,0,0,2,4,3,0,1,3,0,4,2,4,4,4,0,1,4,0,4,0,4,0,2,4,4,4,2,0,3,4,1,4,3,4,2,3,3,1,0,3,3,2,0,2,2,2,3,3,4,0,4,1,4,0,0,4,0,1,2,3,1,0,2,2,1,3,3,1,3,3,3,2,2,4,0,0,4,3,1,1,1,3,1,1,4,2,3,1,3,1,1,1,0,1,4,1,0,1,4,3,4,4,1,0,2,3,0,0,0,1,1,4,0,3,3,3,1,1,2,3,3,2,2,2,2,4,4,3,1,2,2,2,0,3,3,4,4,3,0,4,3,1,2,4,4,1,4,0,2,2,3,2,3,4,3,1,3,3,4,2,3,3,1,4,1,2,3,1,2,1,1,2,3,2,1,3,3,4,2,2,4,2,4,3,3,1,2,4,2,3,4,1,3,4,0,3,4,0,1,4,1,2,3,0,1,4,0,4,4,0,4,4,0,4,4,4,0,2,1,4,0,4,4,4,4,3,4,4,3,4,4,4,0,1,3,4,0,1,4,1,2,4,1,1,0,4,3,1,1,1,4,2,3,4,2,0,3,3,1,4,4,2,2,2,1,4,3,3,3,2,4,0,4,3,2,4,4,4,4,4,2,0,0,0,3,3,1,1,4,2,4,2,4,4,2,3,3,3,2,1,4,0,0,3,4,4,0,4,4,0,4,1,1,2,1,2,0,0,3,2,0,4,0,0,3,1,3,4,3,4,1,0,0
15061526,4,2,1,3,1,3,3,4,3,0,0,3,1,0,3,2,4,4,0,4,1,1,4,0,0,4,3,1,1,0,0,4,0,0,3,2,4,4,0,4,2,2,2,4,4,3,3,1,4,0,0,4,0,3,NA,4,2,4,4,0,4,1,1,3,4,0,0,4,4,1,0,4,0,4,4,4,4,2,4,NA,2,1,0,3,0,0,0,4,4,4,0,4,0,0,0,4,0,4,0,0,0,4,2,4,4,4,4,3,4,0,2,1,3,0,4,2,4,1,4,0,4,3,4,1,2,2,1,3,0,4,4,2,0,0,1,4,0,3,3,4,0,3,3,3,NA,4,4,4,0,0,0,4,0,4,1,0,4,0,3,4,NA,3,0,2,0,0,2,0,0,0,4,3,4,4,4,0,0,0,4,4,4,0,3,3,4,0,4,1,3,3,2,0,4,1,0,1,1,0,0,0,4,0,4,2,4,3,4,1,4,NA,0,4,4,4,0,NA,2,3,3,2,3,0,4,3,1,3,0,2,3,4,2,2,4,NA,1,2,4,3,3,2,0,4,4,3,4,0,0,3,4,4,0,4,0,0,4,4,3,4,4,0,4,4,3,2,4,0,1,4,4,3,4,0,4,4,4,NA,4,2,4,1,4,2,0,1,2,4,2,0,3,3,4,0,0,4,2,0,0,3,2,0,4,3,4,2,0,0,3,4,0,0,2,4,1,0,3,4,0,1,0,4,2,4,4,3,0,2,NA,0,4,0,4,4,4,0,2,3,0,4,0,3,2,4,NA,0,0,0,4,3,0,4,4,4,4,3,3,3,4,4,0,2,0,4,0,0,0,3,0,0,0,0,0,1,4,0,1,2,1,4,4,0,4,2,4,0,0,0,0,0,3,4,4,0,3,0,0,4,1,0,0,1,0,4,4,1,0,3,0,0,4,4,0,3,2,1,2,2,4,4,0,4,0,0,4,2,4,0,4,3,1,0,4,3,4,0,4,NA,3,2,1,4,1,4,4,1,0,0,3,4,4,4,0,0,3,0,1,1,0,4,0,0,2,0,1,0,1,3,0,4,4,4,3,3,2,0,3,4,2,1,4,1,4,3,1,4,4,4,3,4,3,2,2,4,4,1,0,0,2,1,4,4,2,2,3,4,4,0,1,0,0,4,3,4,0,0,0,0,4,0,4,4,4,0,0,3,4,3,3,4,2,4,3,2,4,0,0,3,0,3,4,4,1,4,3,NA,4,1,1,2,2,0,4,2,0,0,0,4,0,0,4,NA,0,4,1,4,4,4,4,0,0,4,0,4,2,2,2,3,3,3,2,2,2,2,2,2,0,1,0,2,4,2,NA,4,4,3,4,0,4,4,3,0,4,0,1,4,4,4,3,4,4,4,3,0,4,NA,4,4,0,2,0,3,4,0,0,0,1,3,0,3,4,0,0,1,3,4,4,4,4,4,0,0,4,0,0,2,2,4,4,4,4,1,3,2,0,1,4,2,2,0,0,0,3,4,3,1,2,4,2,0,0,2,4,4,0,0,4,0,4,4,4,4,4,0,0,4,0,4,0,4,1,4,4,4,4,3,0,3,4,0,4,4,4,3,4,4,0,0,4,4,4,2,0,1,4,2,4,2,0,4,2,4,0,0,4,0,2,3,3,0,0,NA,4,0,4,4,0,4,2,2,2,3,4,0,0,4,1,1,0,1,4,0,2,NA,3,4,1,2,0,1,1,0,2,4,3,0,3,4,4,4,4,1,1,4,4,0,0,1,0,0,4,0,3,3,4,0,1,1,4,2,2,0,3,1,NA,NA,2,2,3,0,1,1,3,3,4,4,3,0,4,1,0,4,4,4,0,4,0,NA,4,3,2,4,4,4,0,4,0,3,4,4,4,1,4,2,4,3,1,2,0,2,4,1,2,NA,4,4,1,0,2,4,3,3,3,3,1,2,4,2,4,4,2,2,2,0,4,4,0,2,3,0,2,4,0,1,4,0,4,4,0,4,4,0,3,4,4,1,1,3,4,0,2,4,4,4,2,4,4,3,4,NA,4,0,2,4,3,1,2,4,0,4,4,1,3,0,4,2,0,0,1,4,2,3,4,1,0,4,2,0,4,4,3,2,3,3,4,2,2,4,4,4,0,4,2,1,3,4,3,2,2,1,0,0,0,3,3,0,0,1,1,3,0,4,4,4,3,3,4,1,0,4,1,0,NA,4,3,0,4,4,0,4,0,0,3,0,2,0,0,4,2,1,3,0,0,1,NA,4,4,1,4,2,0,0
15061530,2,2,1,3,1,3,2,4,3,0,0,2,1,0,4,1,4,4,0,4,2,1,4,0,0,4,3,1,1,0,1,4,0,0,4,0,4,4,0,4,2,1,2,4,2,3,3,1,3,0,0,4,0,3,4,4,3,4,4,0,4,2,0,2,4,0,0,4,4,1,0,4,0,3,3,3,3,2,4,4,1,2,1,2,0,0,0,4,3,4,0,4,0,0,0,4,0,4,0,0,0,4,2,4,4,4,4,4,4,0,2,1,3,1,4,3,3,3,4,0,4,3,4,1,4,3,0,3,0,4,4,3,2,0,0,4,0,1,4,4,0,3,2,4,0,4,4,4,0,0,0,4,0,4,0,0,4,0,4,4,4,4,0,1,0,0,3,0,0,0,4,4,4,4,4,0,2,1,3,4,4,0,4,3,4,0,4,2,0,3,2,0,4,1,0,0,0,0,0,0,4,0,4,2,4,4,4,1,4,0,0,4,4,4,0,0,1,3,3,4,2,0,3,2,0,4,2,2,2,4,1,4,4,4,2,1,4,3,2,2,0,4,4,3,4,0,0,3,4,4,0,3,0,0,4,4,3,4,4,0,4,4,2,3,2,0,1,4,4,3,4,0,4,4,3,0,4,1,4,1,3,2,0,1,1,3,1,0,3,3,4,0,0,3,2,0,0,4,3,3,4,2,4,1,1,0,3,4,0,0,2,3,1,0,4,4,0,0,0,4,1,4,4,4,0,2,4,0,4,0,4,4,4,0,4,3,0,4,0,4,2,4,4,0,0,0,4,4,0,4,4,4,4,4,3,3,4,4,0,0,0,4,1,0,0,4,1,1,0,0,0,2,4,0,2,1,0,3,4,0,4,1,4,0,0,0,0,0,3,4,3,1,2,0,0,3,1,0,0,2,0,4,4,0,0,4,0,0,4,4,0,2,2,1,2,2,4,3,0,4,0,0,3,3,4,0,4,2,0,0,4,4,4,0,4,4,3,3,1,4,0,4,4,1,0,0,3,4,4,4,0,0,4,2,1,0,0,4,1,1,1,2,1,0,0,3,0,4,4,4,4,3,2,0,4,4,3,0,4,2,4,3,1,4,3,4,4,4,3,2,2,4,4,2,0,0,3,1,4,4,2,4,4,4,4,0,1,0,0,4,4,4,0,0,0,0,4,0,4,4,4,1,0,3,4,2,3,4,2,4,3,2,4,2,3,4,1,2,4,4,0,4,3,0,4,1,0,1,2,1,4,2,0,1,0,4,0,0,4,4,0,4,2,4,4,4,4,0,0,4,1,3,2,3,3,3,2,3,3,1,2,1,2,1,0,1,0,3,4,3,3,4,4,4,4,1,4,4,4,0,3,0,1,4,4,4,3,4,4,4,4,0,4,4,4,4,0,3,1,3,4,0,0,0,1,4,0,3,4,0,0,1,2,4,4,4,4,4,0,0,4,0,0,4,4,4,4,4,4,1,3,2,0,0,4,2,0,0,0,0,2,4,3,2,2,4,3,0,0,1,3,3,0,0,4,0,4,3,4,4,4,0,0,4,0,4,0,4,2,4,4,4,4,3,2,3,4,0,4,4,4,4,4,4,0,0,2,3,4,1,0,1,4,3,3,1,0,4,3,4,0,0,4,0,2,4,2,0,0,3,3,0,4,4,0,4,3,3,3,4,3,1,0,4,1,1,0,2,4,0,2,3,3,4,0,2,0,0,1,0,0,4,4,0,3,4,4,3,3,0,1,4,4,0,0,0,0,0,4,0,3,3,4,0,0,1,4,2,1,0,3,1,3,3,3,1,2,0,1,0,4,3,4,3,3,0,4,2,0,3,4,4,1,4,0,1,2,4,3,4,4,4,0,4,2,3,3,4,4,1,4,1,3,3,1,2,0,3,4,1,2,0,4,4,1,0,2,4,2,3,4,3,1,2,4,2,4,4,3,1,2,0,4,4,0,2,4,1,2,4,0,1,4,0,4,4,0,4,4,0,4,4,4,0,0,1,4,0,1,4,4,4,3,4,4,4,4,4,3,0,1,4,3,2,2,4,0,4,4,1,2,0,4,3,0,0,1,4,2,3,4,2,0,4,2,1,4,4,3,2,3,3,4,2,2,4,3,4,0,4,2,1,2,2,2,2,2,1,2,2,2,3,3,0,0,1,3,NA,0,4,4,4,3,3,4,1,0,4,0,0,4,3,3,0,4,4,0,4,0,1,3,1,1,0,0,4,1,1,2,0,0,1,0,4,2,1,4,2,0,0
15060042,4,2,0,4,0,4,3,4,4,0,0,0,1,0,2,3,3,3,0,3,2,0,4,0,0,3,3,1,0,1,0,4,0,0,3,0,4,4,0,4,2,2,2,4,2,3,3,0,1,0,0,4,0,2,4,4,2,4,4,0,4,1,2,2,4,0,0,4,3,1,0,4,0,3,4,3,4,3,4,4,1,0,0,3,0,0,0,4,3,4,0,4,0,0,0,4,0,4,0,0,0,4,2,4,4,4,4,4,4,0,4,0,4,0,4,1,3,2,4,0,4,4,4,1,3,1,0,3,0,2,4,3,0,0,1,4,0,3,2,4,0,3,3,4,0,4,4,4,0,0,0,4,0,4,0,0,4,0,3,4,4,3,0,2,0,0,2,0,0,0,2,4,3,4,4,0,0,0,4,3,4,0,NA,4,4,0,4,1,1,2,3,0,4,0,0,1,3,0,0,0,4,0,4,2,4,4,4,0,4,1,0,4,4,4,0,0,1,3,1,3,4,0,4,0,2,4,1,1,2,4,4,4,4,4,4,3,4,2,2,1,0,4,4,4,4,0,0,2,4,4,0,4,0,0,4,3,2,4,4,0,4,4,2,4,3,0,1,3,4,4,4,0,4,4,4,0,4,3,4,0,4,2,0,0,3,2,1,0,2,4,4,0,0,4,3,0,0,4,2,2,4,2,4,4,0,1,3,4,0,0,0,3,1,0,4,4,0,0,0,4,1,4,4,3,0,0,2,0,4,0,4,4,4,1,2,4,0,4,0,4,3,4,4,0,0,0,4,4,0,4,4,4,4,3,4,3,3,4,0,0,0,4,0,0,0,3,0,1,0,0,0,2,4,0,2,0,0,4,4,0,4,3,4,0,0,0,0,0,4,4,3,2,2,0,0,4,1,0,0,0,0,3,4,2,2,2,0,0,4,4,0,4,3,NA,1,3,4,3,0,4,0,0,2,2,4,0,4,3,1,0,4,3,4,0,4,4,2,2,2,4,0,4,4,3,0,0,1,4,4,4,0,0,3,0,0,1,1,4,0,0,1,1,2,0,0,4,0,4,4,4,3,4,2,0,4,4,2,0,4,2,4,3,2,4,4,4,4,4,0,3,3,4,2,1,0,0,3,1,4,4,0,0,4,4,4,0,0,0,0,4,4,4,0,0,0,0,3,0,4,4,4,0,0,3,4,3,3,4,1,4,2,4,4,0,0,4,0,2,3,4,2,4,3,0,4,0,1,1,4,0,4,2,0,1,0,4,0,0,4,4,1,4,1,4,4,4,4,0,0,4,0,4,1,2,2,4,3,4,1,2,3,1,4,0,0,2,0,2,4,2,3,4,4,3,3,1,4,4,3,0,2,0,2,3,4,4,4,4,4,4,4,0,4,4,4,4,0,2,0,4,4,0,0,0,2,4,0,3,4,0,0,1,3,4,4,4,4,4,0,0,4,0,0,4,3,4,4,4,4,2,3,1,0,1,4,2,2,0,0,0,4,4,3,1,1,4,1,0,0,3,3,4,0,0,4,0,4,3,4,4,4,0,0,4,0,4,0,4,2,4,4,4,4,3,0,4,4,0,4,4,4,2,4,4,0,0,2,3,4,2,0,0,4,4,3,1,0,4,4,3,1,0,4,0,1,3,2,1,0,4,4,0,4,4,0,4,1,2,1,2,4,0,0,4,1,0,0,1,4,0,2,4,2,4,1,2,1,1,2,0,2,4,4,0,3,4,4,2,3,0,1,4,4,0,0,1,0,0,4,0,3,4,4,0,0,1,4,3,2,0,2,2,3,3,1,3,2,0,1,1,4,2,4,2,3,1,4,1,0,2,3,4,2,3,1,1,4,2,2,4,3,4,0,4,1,4,3,4,4,2,4,2,3,4,0,1,0,2,3,3,3,0,4,4,3,0,2,4,4,2,4,2,0,2,4,3,4,4,1,3,4,0,4,4,1,2,3,0,3,4,0,2,4,0,4,4,0,4,4,0,4,4,4,1,1,3,4,0,2,4,4,4,2,4,4,4,4,4,4,0,1,4,4,0,1,4,0,3,4,0,1,0,4,2,0,0,0,4,2,4,3,2,0,4,2,0,4,4,3,2,2,2,4,4,3,4,3,4,0,4,3,2,4,3,3,4,4,2,1,1,1,4,4,0,0,1,1,4,0,4,4,3,2,4,3,0,1,4,0,0,4,4,4,0,4,4,0,4,0,1,2,1,3,1,1,4,1,1,2,0,0,1,0,4,3,1,4,4,0,0
15061439,3,1,2,2,1,2,2,4,3,0,0,3,1,0,2,3,4,4,0,4,3,1,4,0,0,4,4,0,0,1,1,4,0,0,4,0,4,4,0,4,2,2,1,4,2,4,4,1,2,0,0,4,0,3,4,4,3,4,4,0,4,1,1,3,4,0,0,4,4,0,0,4,0,2,3,3,3,2,4,4,3,3,1,2,0,0,0,4,2,4,0,4,0,0,0,4,0,4,0,0,0,4,1,4,4,4,3,3,4,0,0,1,3,1,4,2,2,1,4,0,4,3,4,0,4,3,0,3,0,4,4,1,1,1,1,4,0,1,4,4,0,3,3,3,0,4,4,4,0,0,0,4,0,4,0,0,4,0,4,4,4,4,0,1,0,0,2,0,0,0,4,3,4,4,4,0,3,2,2,4,4,0,4,3,4,0,4,2,0,2,2,0,4,1,0,1,1,0,0,0,4,0,4,1,4,4,4,1,4,0,0,4,4,4,0,0,0,2,4,4,3,0,3,1,2,4,3,2,1,4,0,4,4,4,2,0,4,2,2,1,0,4,4,3,4,0,0,2,4,4,0,4,0,0,4,3,2,4,3,1,4,3,3,1,3,0,0,4,4,3,3,0,4,4,4,0,4,2,4,2,3,1,0,0,4,4,1,0,1,4,4,0,0,4,4,0,0,3,2,1,4,2,4,2,1,2,4,4,0,0,1,3,1,0,4,4,0,0,0,4,1,4,4,3,0,1,4,0,4,0,4,4,4,0,4,2,0,4,0,4,4,3,4,0,0,0,4,4,0,4,4,4,4,4,4,4,4,4,0,0,0,4,1,0,0,3,2,2,0,0,0,2,4,0,2,1,0,4,4,0,4,0,4,0,0,0,1,0,4,4,4,0,2,0,0,4,3,0,0,2,0,4,4,0,0,3,0,0,4,4,0,2,2,1,2,2,4,3,0,4,0,1,4,2,4,0,4,4,1,0,4,4,4,0,4,4,4,3,3,4,0,4,4,1,0,0,2,4,4,4,0,0,3,2,0,0,0,4,1,2,1,2,0,0,0,3,0,4,4,4,4,2,2,0,4,4,2,0,4,2,4,3,1,4,2,4,4,4,2,1,1,4,4,2,0,0,4,0,3,4,1,2,4,4,4,0,0,0,0,4,4,4,0,0,0,0,3,0,4,4,4,1,0,4,4,2,4,4,3,4,2,2,4,2,2,3,0,3,3,4,0,4,3,0,4,0,0,2,2,0,4,2,0,1,0,3,0,0,4,4,0,4,2,4,4,4,4,0,0,4,1,3,1,4,4,3,3,2,3,1,3,0,4,2,0,1,0,2,3,1,4,4,4,3,4,2,4,3,3,0,4,0,1,3,2,4,3,4,4,4,3,0,4,4,4,4,0,3,1,3,4,0,0,0,1,4,0,2,4,0,0,2,2,4,4,4,4,4,0,0,4,0,0,4,3,4,4,4,4,1,2,1,0,1,4,2,0,0,0,0,3,4,2,3,2,4,4,0,0,2,4,3,0,0,4,0,4,3,4,4,4,0,0,4,0,4,0,4,0,4,4,4,4,2,1,2,4,0,4,4,4,3,4,4,0,0,4,4,4,1,0,2,4,3,3,1,0,4,3,4,0,0,4,0,3,4,3,0,0,3,3,0,4,4,0,4,2,3,4,4,3,1,0,4,1,1,0,0,4,0,0,3,3,4,1,4,1,1,0,0,1,4,4,0,4,4,4,4,3,0,1,4,4,0,0,0,0,0,4,0,2,4,4,0,1,0,4,3,2,0,2,2,3,3,2,2,3,0,1,0,4,2,4,4,2,0,4,2,0,4,4,4,0,4,0,0,4,3,2,4,4,4,0,4,1,4,4,4,4,1,4,0,4,3,0,1,0,2,3,2,4,0,4,4,1,0,2,4,2,4,3,3,1,3,4,2,4,4,2,1,2,0,4,4,0,2,4,0,2,4,0,2,4,0,4,4,0,4,4,0,4,4,4,0,1,1,3,0,1,4,4,4,3,4,4,4,4,4,3,0,1,4,2,0,0,4,0,2,4,1,3,0,4,3,0,0,2,4,1,2,3,1,0,4,3,1,4,4,3,2,2,2,4,2,3,4,2,4,0,4,2,2,4,2,2,4,4,2,2,2,2,3,2,0,0,2,3,4,0,3,4,3,3,3,4,1,0,4,0,0,4,3,3,0,4,4,0,4,0,2,2,2,2,0,0,4,0,0,3,0,0,1,0,4,2,1,4,1,0,0
15060543,4,3,1,4,1,4,3,4,3,0,0,2,0,0,4,2,2,4,0,2,0,2,4,0,0,4,4,0,1,0,0,4,0,0,4,1,4,4,0,4,1,1,1,3,4,3,3,0,4,0,0,4,0,2,3,4,2,4,4,0,4,1,0,3,4,0,0,4,4,2,0,4,0,4,4,4,2,1,4,3,4,0,1,3,0,0,1,4,2,4,0,4,0,0,0,3,0,4,0,2,2,4,0,4,3,4,4,4,4,1,3,0,3,0,4,4,4,1,4,0,4,4,4,1,3,1,0,2,0,3,4,4,1,0,0,4,0,2,4,4,0,4,4,3,0,4,4,4,0,0,0,4,1,4,0,0,4,0,4,4,3,1,0,2,0,0,3,0,0,0,3,3,4,4,4,0,0,0,4,4,4,0,4,4,4,0,4,0,1,3,3,0,4,0,0,1,1,0,0,0,4,0,3,2,3,3,4,0,4,0,3,4,3,4,0,0,2,1,3,4,3,0,4,2,2,4,2,3,4,4,3,4,4,4,1,2,4,2,2,4,0,4,4,4,4,0,0,1,4,4,0,2,0,0,4,3,4,3,4,0,4,4,3,3,3,1,0,3,4,4,3,0,4,4,4,0,4,1,4,0,4,2,2,1,3,4,2,0,1,1,4,0,0,3,3,0,0,3,1,3,4,1,4,2,0,1,0,4,0,2,0,3,1,0,4,4,2,0,0,4,4,4,4,4,0,2,3,0,4,0,4,4,4,0,3,3,1,4,0,4,4,3,4,0,0,0,4,4,0,3,4,3,4,3,NA,3,4,4,0,0,0,4,0,2,0,4,0,1,0,0,0,1,4,0,1,1,0,4,4,0,4,1,4,0,0,1,0,0,4,4,2,0,1,0,0,4,2,0,1,0,0,2,4,1,2,4,0,0,4,4,0,3,4,0,0,4,4,3,0,4,0,1,4,2,4,0,4,4,2,0,4,2,4,0,4,4,2,4,0,4,0,4,4,2,0,0,1,4,4,4,0,0,2,1,0,2,NA,4,1,1,1,2,0,0,0,3,0,4,3,4,4,4,1,0,4,4,0,1,4,2,4,4,1,4,3,4,2,3,1,1,1,4,4,1,0,0,2,0,4,4,0,2,4,4,4,0,1,0,0,3,3,4,0,0,0,0,4,0,4,4,4,2,1,3,4,2,3,4,3,4,2,3,4,2,2,3,0,0,4,4,1,4,2,0,4,0,0,2,4,0,4,0,0,0,0,2,0,0,4,4,0,4,1,4,4,4,4,0,1,4,0,4,2,4,2,4,4,4,1,4,1,2,4,0,0,0,0,1,4,3,1,4,4,4,4,1,4,3,3,0,4,0,0,3,4,4,4,4,4,3,3,0,4,4,4,4,0,3,1,4,4,0,0,0,3,4,0,3,4,0,0,0,2,4,4,4,4,4,0,0,4,0,0,4,0,4,4,4,4,0,4,4,0,4,4,2,2,0,0,0,4,4,4,0,3,4,3,0,2,2,3,4,2,0,4,0,4,2,2,4,2,0,0,4,0,4,0,4,0,4,4,4,4,3,0,4,4,0,4,4,4,4,2,4,0,0,2,2,4,1,0,3,4,4,2,2,0,4,4,3,1,1,2,1,0,3,3,0,0,3,3,0,2,1,0,4,4,3,4,1,4,0,1,4,2,1,0,4,4,0,4,4,4,4,0,1,1,0,1,0,1,3,3,0,3,4,4,2,4,0,1,4,4,0,0,0,0,0,4,0,4,3,4,0,0,2,4,2,3,0,1,3,2,2,0,4,2,0,1,2,4,0,4,4,4,0,4,3,0,3,4,4,0,4,0,1,3,2,3,4,4,4,0,4,3,4,4,4,4,1,3,3,4,3,1,1,0,2,2,3,2,0,4,4,1,0,1,4,3,4,2,4,1,3,4,1,4,4,2,1,2,0,4,4,0,3,3,0,2,2,0,1,4,0,4,4,0,4,4,0,3,3,4,2,4,1,4,0,2,4,4,4,3,4,4,4,4,4,3,0,1,4,4,2,4,4,0,4,4,1,3,0,4,0,0,0,0,3,2,4,3,2,0,3,2,0,4,4,2,2,3,4,4,4,2,4,4,4,0,4,4,2,4,2,3,2,2,3,1,1,1,2,3,0,0,3,0,4,0,3,4,4,3,4,4,4,0,4,2,0,4,4,4,0,4,4,0,4,0,0,1,0,3,0,0,4,0,0,4,0,0,2,0,3,3,2,4,2,0,0
15061954,4,1,0,4,0,4,3,4,3,0,0,2,1,0,4,2,3,3,0,4,3,0,4,0,1,4,4,0,1,1,0,4,0,0,2,2,4,3,0,4,1,0,4,4,2,4,4,1,3,0,0,4,0,4,3,4,3,4,4,0,4,1,1,3,4,0,0,4,3,1,1,4,0,3,4,4,3,2,4,4,1,1,0,4,0,0,1,4,2,4,0,4,0,0,0,4,0,4,0,0,0,4,0,4,4,4,3,4,4,0,1,0,4,1,4,1,4,1,4,0,4,4,4,1,4,3,0,3,0,3,4,3,1,0,1,4,0,2,4,4,0,4,2,4,0,4,4,4,0,0,0,4,0,4,0,0,4,0,4,4,4,3,0,3,0,0,3,0,0,0,3,3,4,4,4,0,0,0,4,4,4,0,4,4,4,0,4,2,0,1,4,0,4,1,0,2,1,0,0,0,4,0,3,0,4,4,4,1,4,1,0,4,4,4,0,0,0,2,4,3,1,0,4,4,0,3,2,2,3,4,1,2,4,3,2,2,4,3,4,3,1,4,4,4,3,0,1,1,4,4,0,4,0,0,4,4,3,4,4,0,3,4,3,2,4,1,1,3,4,4,3,0,4,4,4,0,4,1,4,0,4,3,0,1,4,3,0,0,1,3,4,0,0,3,0,0,0,2,1,1,4,1,4,1,0,0,2,4,0,0,2,3,0,0,4,4,0,0,0,4,2,4,4,3,0,1,3,0,4,0,4,4,4,0,3,4,1,4,0,4,4,4,4,0,0,0,4,4,0,3,4,4,4,3,4,4,4,4,0,1,0,4,0,0,0,3,0,0,0,0,0,3,3,1,1,1,0,3,4,0,4,1,3,0,0,0,0,0,4,4,4,1,1,0,0,4,1,0,0,2,0,3,4,3,2,4,0,0,4,4,0,4,3,1,1,3,4,2,0,4,0,0,3,1,4,0,4,3,3,0,4,4,4,1,4,2,2,3,2,4,0,4,4,2,1,0,2,4,4,4,0,0,3,3,1,0,1,4,0,1,1,1,2,0,0,4,1,4,4,4,4,4,1,0,4,4,3,1,4,1,4,4,3,4,4,4,4,4,2,0,0,4,3,1,0,0,3,2,4,4,0,3,3,4,4,0,0,0,0,4,4,4,0,0,1,0,3,0,4,4,4,1,0,2,4,3,2,4,1,4,3,2,4,1,2,4,1,1,4,4,0,4,4,0,4,0,0,2,2,0,4,2,0,2,0,3,0,0,3,4,0,4,2,4,4,4,4,0,1,4,1,4,2,2,2,4,1,4,2,1,3,1,3,1,0,1,0,2,4,2,4,4,4,3,4,0,4,4,3,0,3,0,2,4,4,4,4,4,4,4,4,0,4,4,4,4,0,3,1,4,4,0,0,0,2,4,0,4,4,0,0,0,3,4,4,4,4,4,0,0,4,0,1,3,3,4,4,4,4,1,3,2,0,1,4,2,0,0,0,0,3,4,4,2,2,4,2,0,0,4,2,3,0,0,4,0,4,2,4,4,4,0,0,4,0,4,0,4,2,3,4,4,4,4,0,4,4,0,4,4,4,3,4,4,0,1,2,2,4,2,0,0,4,3,4,3,0,3,3,3,1,1,3,1,0,3,1,1,0,3,3,0,4,3,0,4,3,4,2,2,3,1,0,4,1,0,0,0,4,0,0,3,2,4,0,3,1,0,0,0,2,4,4,0,3,4,4,2,4,1,0,4,4,1,0,2,0,0,4,0,4,4,4,0,0,1,4,3,3,0,1,3,2,2,2,3,1,0,2,1,3,2,4,3,4,0,4,2,0,4,4,4,0,4,0,0,4,4,2,4,3,4,0,4,3,3,2,4,4,1,4,1,3,4,0,2,0,2,3,3,1,0,4,4,2,0,2,4,3,3,3,2,0,3,4,2,4,4,2,2,4,0,4,4,1,3,2,0,2,4,0,0,3,0,4,4,0,4,4,0,4,4,4,0,2,2,4,0,4,4,4,4,3,4,4,3,4,4,4,0,3,4,4,1,2,4,0,4,4,0,3,0,4,3,0,0,0,4,4,4,3,2,0,3,2,0,4,4,1,1,3,3,4,4,1,4,3,4,0,4,4,1,3,3,3,3,3,1,1,1,1,3,3,1,1,3,1,4,0,4,4,2,4,3,3,2,0,4,1,0,4,4,4,0,4,4,0,4,0,0,1,0,2,0,0,4,0,0,4,0,0,1,0,3,4,2,4,2,0,0
15061960,4,1,0,4,0,4,1,4,3,0,0,1,0,0,4,2,3,3,0,4,3,1,4,0,0,4,4,0,1,1,0,4,0,0,3,3,4,3,0,4,2,2,2,4,3,4,4,2,3,0,0,4,0,4,4,4,3,4,4,0,4,1,1,3,4,0,0,4,4,0,0,4,0,3,4,4,4,3,4,4,2,0,0,3,0,0,0,4,2,4,0,4,0,0,0,4,0,4,0,0,0,3,0,4,4,4,4,4,4,0,2,1,4,0,4,0,3,0,4,0,4,4,4,0,3,2,1,4,0,3,4,2,2,0,2,4,0,3,4,4,0,3,4,4,0,4,4,4,0,0,1,4,0,4,0,0,4,0,4,4,4,2,0,2,0,0,3,0,0,0,3,3,4,4,4,0,0,0,4,4,4,1,4,3,4,0,4,1,1,2,4,0,4,1,0,2,1,0,0,0,4,0,4,1,4,4,4,1,4,1,1,4,4,4,0,0,0,1,4,3,2,0,4,2,1,3,1,3,4,4,1,3,4,3,2,2,4,3,2,3,0,4,4,4,4,0,0,1,4,4,0,4,0,0,4,3,1,4,4,0,3,4,3,2,3,0,1,3,4,4,4,0,4,4,4,0,4,3,4,0,4,3,0,1,4,4,1,0,1,2,4,0,0,4,3,0,0,2,1,0,4,2,4,2,0,1,4,4,0,0,3,3,0,0,4,4,0,0,0,4,2,4,4,4,0,2,3,0,4,0,4,4,4,1,3,3,0,4,0,4,4,3,4,0,0,0,4,4,0,4,4,4,4,4,4,4,4,4,0,1,0,4,0,0,0,3,0,0,1,0,0,2,3,1,0,1,2,4,4,0,4,0,3,0,0,0,0,0,3,4,4,0,3,0,0,4,2,0,0,0,0,4,4,3,2,4,0,0,4,4,0,4,1,0,3,1,4,4,0,4,0,0,2,2,4,0,4,3,2,0,4,4,4,1,4,4,2,3,3,4,0,4,4,1,1,0,3,4,4,4,0,0,4,2,1,0,1,4,1,0,0,1,2,0,0,4,1,4,3,4,4,4,1,0,4,4,2,2,4,1,3,4,1,4,4,4,3,4,2,1,1,4,3,1,0,0,3,1,4,4,0,2,3,4,4,0,3,0,0,4,4,4,0,0,0,0,4,0,4,4,4,1,1,4,4,2,4,4,1,4,2,4,4,0,1,4,1,1,3,4,1,4,3,0,4,0,0,3,2,0,4,1,0,0,0,3,0,0,3,4,0,4,3,4,4,4,4,0,0,4,0,4,1,3,3,4,3,4,2,1,3,2,3,0,0,0,0,1,4,1,4,4,4,3,4,0,4,4,3,0,3,0,1,3,4,4,3,4,4,4,4,0,4,4,4,4,0,3,1,3,4,0,0,0,1,4,0,4,4,0,0,0,3,4,4,4,4,4,0,0,4,0,1,4,3,4,4,4,4,1,3,2,0,0,4,4,2,0,0,0,3,4,4,0,4,4,3,0,0,4,3,3,0,0,4,0,4,3,4,4,4,0,0,4,0,4,0,4,1,3,4,4,4,1,0,4,4,0,4,4,4,3,4,4,0,1,3,3,4,1,0,1,4,3,4,1,0,4,3,2,2,2,4,0,0,3,2,2,0,3,3,0,4,4,0,4,2,3,3,3,4,0,0,4,1,0,0,1,4,0,1,4,1,4,0,2,1,0,1,1,1,4,3,0,4,4,4,2,3,0,0,4,4,0,0,1,0,0,4,0,3,4,4,0,0,0,4,3,3,0,1,3,2,2,2,4,2,1,0,1,3,2,4,4,3,0,4,2,0,3,4,4,0,4,0,1,3,4,1,4,3,4,0,4,3,3,4,4,4,1,4,1,4,2,1,1,0,1,3,3,3,0,4,4,3,0,1,4,2,2,4,2,0,2,4,1,4,4,2,2,3,0,4,4,2,3,2,0,2,3,0,0,4,0,4,4,0,4,4,0,3,3,4,0,0,3,4,0,2,4,4,4,3,4,4,4,4,4,4,0,3,4,3,0,2,4,0,3,4,1,3,0,4,2,0,0,0,4,3,4,4,2,0,4,2,1,4,4,3,2,2,3,4,4,2,4,2,4,0,4,3,1,4,2,0,2,2,1,2,2,1,2,2,1,1,3,2,4,0,4,4,3,4,4,4,2,0,4,1,0,4,4,4,0,4,4,0,4,0,1,3,1,2,0,0,4,0,0,4,0,0,1,1,4,4,1,4,2,0,0
15061651,3,2,1,3,1,3,2,4,3,0,0,2,1,0,4,1,4,4,0,4,2,1,4,0,0,4,3,1,1,0,1,4,0,0,4,0,4,4,0,4,2,1,2,4,2,3,3,1,3,0,0,4,0,3,4,4,3,4,4,0,4,2,0,2,4,0,0,4,4,1,0,4,0,3,3,3,3,2,4,4,1,2,1,2,0,0,0,4,3,4,0,4,0,0,0,4,0,4,0,0,0,4,2,4,4,4,4,4,4,0,2,1,3,1,4,3,3,3,4,0,4,3,4,1,4,3,0,3,0,4,4,3,2,0,0,4,0,1,4,4,0,3,2,4,0,4,4,4,0,0,0,4,0,4,0,0,4,0,4,4,4,4,0,1,0,0,3,0,0,0,4,4,4,4,4,0,2,1,3,4,4,0,4,3,4,0,4,2,0,3,2,0,4,1,0,0,0,0,0,0,4,0,4,2,4,4,4,1,4,0,0,4,4,4,0,0,1,3,3,4,2,0,3,2,0,4,2,2,2,4,2,4,4,4,2,1,4,3,2,2,0,4,4,3,4,0,0,3,4,4,0,3,0,0,4,4,3,4,4,0,4,4,2,3,2,0,1,4,4,3,4,0,4,4,3,0,4,1,4,1,3,2,0,1,1,3,1,0,3,3,4,0,0,3,2,0,0,4,3,3,4,2,4,1,1,0,3,4,0,0,2,3,1,0,4,4,0,0,0,4,1,4,4,4,0,2,4,0,4,0,4,4,4,0,4,3,0,4,0,4,2,4,4,0,0,0,4,4,0,4,4,4,4,4,3,3,4,4,0,0,0,4,1,0,0,4,1,1,0,0,0,2,4,0,2,1,0,3,4,0,4,2,4,0,0,0,0,0,3,4,3,1,2,0,0,3,1,0,0,2,0,4,4,0,0,4,0,0,4,4,0,3,2,1,2,2,4,3,0,4,0,0,3,3,4,0,4,2,0,0,4,4,4,0,4,4,3,3,1,4,0,4,4,1,0,0,3,4,4,4,0,0,4,2,1,0,0,4,1,1,1,2,1,0,0,3,0,4,4,4,4,3,2,0,4,4,3,0,4,2,4,3,1,4,3,4,4,4,3,2,2,4,4,2,0,0,3,1,4,4,2,4,4,4,4,0,2,0,0,4,4,4,0,0,0,0,4,0,4,4,4,1,0,3,4,2,3,4,2,4,3,2,4,2,3,4,1,2,4,4,0,4,3,0,4,1,0,1,2,1,4,2,0,1,0,4,0,0,4,4,0,4,2,4,4,4,4,0,0,4,1,3,2,3,3,3,2,3,3,1,2,1,2,1,0,1,0,3,4,3,3,4,4,4,4,1,4,4,4,0,3,0,1,4,4,4,3,4,4,4,4,0,4,4,4,4,0,3,1,3,4,0,0,0,1,4,0,3,4,0,0,1,2,4,4,4,4,4,0,0,4,0,0,4,4,4,4,4,4,1,3,2,0,0,4,2,0,0,0,0,2,4,3,2,2,4,3,0,0,2,3,3,0,0,4,0,4,3,4,4,4,0,0,4,0,4,0,4,2,4,4,4,4,3,2,3,4,0,4,4,4,4,4,4,0,0,2,2,4,1,0,1,4,3,3,1,0,4,3,4,0,0,4,0,2,4,2,0,0,3,3,0,4,4,0,4,3,3,3,4,3,1,0,4,1,1,0,2,4,0,2,3,3,4,0,2,0,0,1,0,0,4,4,0,3,4,4,3,3,0,1,4,4,0,0,0,0,0,4,0,3,3,4,0,0,1,4,2,1,0,3,1,3,3,3,1,2,0,1,0,4,3,4,3,3,0,4,2,0,3,4,4,1,4,0,1,3,4,3,4,4,4,0,4,2,3,3,4,4,1,4,1,3,3,1,2,0,3,4,1,2,0,4,4,1,0,2,4,2,3,4,3,1,2,4,2,4,4,3,1,2,0,4,4,0,2,4,1,2,4,0,1,4,0,4,4,0,4,4,0,4,4,4,0,0,1,4,0,1,4,4,4,3,4,4,4,4,4,3,0,1,4,3,2,2,4,0,4,4,1,2,0,4,3,0,0,1,4,2,3,4,2,0,4,2,1,4,4,3,2,3,3,4,2,2,4,3,4,0,4,2,1,2,2,2,2,2,1,2,2,2,3,3,0,0,1,3,3,0,4,4,4,3,3,4,1,0,4,0,0,4,3,3,0,4,4,0,4,0,1,3,1,1,0,0,4,1,1,3,0,0,1,0,4,3,1,4,2,0,0
15061501,4,2,0,4,0,4,4,4,4,0,0,4,3,0,3,3,2,3,0,3,1,0,4,0,1,4,4,0,1,0,0,4,1,0,3,0,4,4,0,4,3,1,3,4,2,4,4,2,3,0,0,4,0,3,4,4,3,4,4,0,4,1,1,2,4,0,0,4,3,1,1,4,0,3,4,4,0,0,4,4,3,1,0,4,0,0,1,4,2,4,0,4,0,0,0,3,0,4,0,1,0,4,0,4,4,4,4,4,4,0,3,1,3,0,4,1,4,3,4,0,4,4,3,1,1,0,0,3,0,3,4,3,2,0,1,4,0,3,3,4,0,4,3,2,0,4,4,4,0,0,0,4,0,4,0,0,4,0,4,4,4,0,0,3,0,0,2,0,0,0,3,4,4,4,3,0,0,0,4,4,4,1,3,2,4,0,4,1,0,2,4,0,4,1,0,3,0,0,0,0,4,0,4,2,3,3,4,2,4,0,0,4,4,4,0,0,1,2,4,2,1,0,4,3,1,4,1,2,0,4,1,4,4,4,1,0,4,3,4,4,0,4,4,4,2,0,2,2,4,4,0,3,0,0,4,4,3,3,3,1,3,4,1,3,1,0,1,4,3,4,4,0,4,4,4,0,4,2,4,0,4,2,0,1,3,3,3,0,2,3,4,0,0,3,2,0,0,2,2,1,4,1,4,2,0,0,3,4,0,0,0,4,0,0,4,4,1,0,0,4,2,4,4,4,0,2,2,0,2,0,4,4,4,1,2,3,0,4,0,4,3,2,4,1,0,0,4,4,0,4,4,4,4,4,4,4,3,4,0,1,0,4,0,1,0,2,0,2,0,0,0,0,4,0,3,0,0,4,4,0,3,2,3,0,0,0,1,0,3,4,NA,1,3,0,0,4,3,0,0,0,0,1,3,2,2,4,0,0,4,4,0,1,3,1,1,3,4,4,0,4,0,1,3,1,4,0,4,1,3,0,4,3,4,0,4,4,2,4,1,4,0,4,4,1,0,0,1,4,4,4,1,0,3,2,0,0,0,4,2,2,2,1,1,0,1,2,0,4,3,4,4,4,3,0,4,4,2,1,4,4,4,4,4,4,3,4,4,4,1,1,1,4,3,3,0,0,1,0,4,4,0,3,3,4,4,0,1,0,0,4,4,4,0,0,0,0,4,0,4,4,4,1,0,3,4,4,3,4,1,4,3,2,4,0,1,3,1,1,3,4,2,4,4,0,4,1,0,1,3,2,4,3,0,0,0,4,0,0,4,4,0,4,2,4,4,4,4,0,0,4,0,4,2,1,0,2,4,4,3,3,1,2,3,0,0,0,0,1,4,1,4,4,4,3,4,2,4,4,1,1,3,0,1,3,4,4,4,4,4,3,4,0,4,4,4,4,0,4,0,3,4,0,0,0,3,4,0,4,4,0,0,2,2,4,4,4,4,4,0,0,4,0,0,4,2,4,4,4,4,3,4,2,0,2,4,4,4,0,2,0,2,4,3,0,2,4,2,0,0,3,3,4,0,0,4,0,4,2,4,4,4,0,0,4,0,4,0,3,0,4,4,3,3,0,1,4,4,0,4,4,4,4,4,4,0,0,3,4,4,2,0,1,4,4,3,2,0,4,4,3,1,1,2,0,0,2,2,0,0,4,4,0,1,3,0,4,3,3,3,2,4,0,0,4,2,0,0,3,4,0,4,4,4,4,1,1,0,1,1,0,1,4,2,0,4,4,4,3,4,1,0,4,4,0,0,1,0,1,4,0,4,4,4,0,1,2,4,4,1,0,3,1,4,4,3,1,3,0,0,1,4,1,4,3,3,1,4,2,0,2,3,4,1,3,1,1,3,3,2,4,4,4,0,4,1,4,4,4,4,3,4,1,4,3,1,0,0,1,3,2,3,0,4,4,1,0,1,4,1,3,3,2,0,3,4,2,4,4,1,3,4,0,4,4,1,3,3,1,4,4,0,2,4,0,4,4,0,4,4,0,4,4,4,3,1,3,3,0,3,4,3,4,2,4,4,4,4,3,4,0,1,4,4,2,3,4,0,4,4,2,4,0,4,2,1,1,0,3,4,3,3,4,0,3,2,1,4,4,4,2,4,3,4,4,2,4,3,4,0,4,3,2,3,4,4,3,3,2,0,0,0,3,2,0,0,1,1,4,0,4,4,2,4,4,4,3,0,4,1,0,4,4,4,0,4,4,0,4,0,0,1,0,3,0,0,4,0,1,3,0,0,1,1,4,2,1,4,1,0,0
15061588,3,1,1,3,2,2,2,3,4,0,0,2,1,1,4,0,4,4,0,4,3,3,4,0,0,4,4,0,2,0,1,3,2,1,4,1,4,3,1,3,4,1,2,4,3,4,4,1,3,0,0,4,0,3,4,3,1,4,4,0,4,2,0,2,4,0,0,4,4,2,1,4,0,3,4,4,1,1,4,4,0,2,1,4,0,1,1,4,3,3,1,4,1,0,0,4,0,3,0,1,1,4,1,4,4,4,4,4,4,2,0,1,3,1,4,2,4,2,4,0,4,4,4,1,3,1,1,1,0,3,4,2,1,0,2,3,1,4,3,4,1,4,4,4,0,4,4,4,0,0,0,3,0,4,0,0,4,1,4,4,4,2,0,0,2,0,2,0,0,0,3,4,2,4,3,2,3,2,2,4,4,1,3,3,4,0,4,1,1,2,3,0,4,1,0,2,2,1,1,0,2,0,4,2,4,4,4,1,4,0,2,4,3,4,1,0,1,2,4,3,4,1,4,3,1,4,2,3,3,4,3,2,4,3,2,2,4,3,2,1,2,4,4,4,2,0,0,1,4,4,0,4,1,1,4,3,2,4,4,0,4,4,3,3,3,1,0,3,3,4,4,0,4,4,3,0,3,2,4,1,4,2,0,1,4,4,2,0,4,3,4,0,1,2,0,0,0,3,2,1,4,4,4,2,0,1,2,3,0,0,3,3,0,1,4,3,1,0,0,4,1,4,4,2,1,1,4,0,3,0,4,4,4,0,1,3,0,4,0,2,3,4,4,0,0,0,4,4,0,4,3,4,4,3,3,4,4,4,0,3,0,3,0,1,0,3,2,2,1,0,0,3,3,1,2,2,0,2,4,0,4,3,3,0,0,0,1,1,4,4,4,1,2,0,0,4,2,0,1,1,0,2,4,1,1,4,0,0,4,4,1,3,3,0,2,2,4,3,1,4,0,1,3,1,4,0,4,3,4,0,4,2,3,0,4,2,2,4,0,4,0,4,4,1,1,1,2,4,4,4,0,0,3,2,0,0,1,4,1,0,2,0,2,0,1,4,2,4,3,4,3,4,1,0,4,4,2,3,4,1,4,3,1,3,4,3,2,4,0,2,2,4,3,0,0,0,2,2,4,4,0,1,3,3,4,0,0,0,0,4,4,4,0,0,1,0,4,0,4,4,4,1,1,3,3,2,3,4,2,4,1,2,4,1,2,4,0,1,3,4,1,4,3,1,4,1,0,1,3,2,3,3,0,1,0,3,0,0,3,4,0,4,4,4,4,3,4,0,2,3,1,4,1,2,2,3,3,3,1,0,2,0,2,1,0,1,0,2,4,0,4,4,4,2,3,2,4,3,2,0,3,0,1,4,4,4,3,4,4,3,4,0,4,4,4,4,0,3,0,3,4,0,0,0,2,3,0,1,4,0,0,1,3,3,3,3,3,4,0,1,3,0,0,3,2,4,4,4,4,1,4,3,0,0,4,3,1,2,0,0,4,4,3,2,3,4,1,1,1,4,4,3,0,0,4,0,4,4,4,4,4,0,0,4,0,4,0,3,3,3,3,4,4,4,0,3,3,1,3,4,4,3,3,3,1,0,1,2,4,1,0,1,4,4,4,2,0,4,3,3,1,1,3,0,1,2,3,0,0,4,4,1,3,3,1,3,3,1,2,4,3,1,1,3,2,0,0,3,4,0,3,4,3,4,0,0,0,0,3,2,0,4,2,1,4,4,4,2,3,0,1,4,4,1,0,0,1,1,4,0,4,4,4,0,0,4,4,4,2,0,2,1,4,4,2,3,2,1,1,2,2,1,4,4,4,1,4,1,1,3,4,4,0,4,0,1,3,4,1,4,4,4,0,4,2,2,4,4,4,2,3,1,4,4,1,1,0,1,3,3,0,0,3,4,3,0,1,4,3,2,4,3,2,3,4,2,4,4,2,1,3,0,4,4,1,4,3,0,3,3,0,2,3,0,4,4,0,4,4,0,3,3,4,1,1,2,4,1,4,4,4,3,3,3,4,4,4,3,4,0,3,4,4,1,1,4,0,3,4,1,3,0,4,3,0,0,1,4,2,4,3,3,1,4,2,1,3,3,1,1,1,3,4,2,2,4,4,4,0,4,4,2,4,3,2,3,3,2,0,2,0,3,3,1,1,2,0,4,0,3,4,1,3,4,3,4,0,4,0,0,4,4,3,1,3,4,0,3,1,0,2,0,4,0,0,4,1,0,4,0,0,1,0,4,2,1,4,1,0,0
15061288,3,1,1,3,2,2,1,4,4,0,1,1,1,0,2,2,4,4,0,3,3,1,4,0,0,4,3,1,1,1,0,4,0,0,1,0,4,4,0,3,2,2,1,4,2,4,4,1,1,0,0,4,0,4,4,4,2,4,4,0,4,1,0,2,4,0,0,4,2,1,1,4,0,2,3,3,3,1,4,4,1,2,1,2,0,1,1,4,2,3,1,3,1,0,0,4,0,4,0,0,0,4,0,4,4,3,4,4,4,1,1,0,3,1,4,2,3,3,4,0,4,4,4,0,3,2,2,2,0,2,4,3,2,0,1,3,0,2,3,4,1,4,3,4,0,4,4,4,0,0,0,4,0,4,0,0,4,1,4,4,4,3,0,4,0,0,1,0,0,0,3,3,3,4,3,2,0,0,4,4,4,1,3,3,4,0,4,1,1,1,4,0,4,1,0,2,2,0,0,0,4,0,3,2,3,4,4,1,4,0,1,4,3,4,0,0,2,3,4,3,2,0,4,1,2,4,2,2,3,4,4,4,4,4,2,1,4,2,4,1,0,4,4,3,4,0,0,1,3,4,0,4,0,0,4,3,3,4,4,0,4,4,2,3,4,0,0,3,2,4,4,0,4,4,4,0,3,2,4,2,4,3,0,1,3,3,1,0,4,4,4,0,1,2,0,0,0,1,4,0,4,2,4,4,0,2,2,3,0,0,2,2,1,0,3,3,2,0,0,3,1,3,4,2,1,2,3,1,4,1,3,4,4,0,4,3,0,4,0,3,3,4,4,0,0,0,4,4,0,3,4,4,4,4,2,4,4,4,0,1,0,4,1,1,0,2,0,0,0,0,0,2,2,2,1,0,0,4,4,0,3,3,4,0,0,0,1,0,4,4,3,1,1,0,0,3,0,0,0,1,0,3,4,1,1,3,0,0,4,4,1,2,3,2,1,3,4,3,0,4,0,2,3,1,4,0,4,2,2,0,4,2,4,2,4,4,3,4,0,4,0,4,4,1,1,0,2,4,4,4,0,0,3,3,1,0,1,4,1,1,3,1,1,0,2,3,3,4,3,4,3,3,2,0,4,4,2,4,4,1,4,4,2,4,4,4,3,4,1,4,4,4,4,1,0,0,2,0,4,4,0,1,2,4,4,1,1,1,0,4,4,4,0,0,0,0,3,0,4,4,4,2,1,2,4,3,2,4,3,4,3,4,4,0,2,4,1,2,3,4,1,4,4,0,3,1,0,1,4,1,3,3,1,1,0,3,0,0,3,4,2,4,2,4,4,4,4,0,1,3,1,3,1,2,2,2,4,1,0,1,4,1,3,1,0,1,0,3,4,2,3,4,4,4,3,0,4,4,2,1,3,0,1,4,4,4,4,4,4,2,4,0,4,4,4,4,0,4,1,3,4,0,0,0,3,4,0,2,4,0,0,1,2,3,3,3,3,4,0,1,3,0,2,4,3,4,4,4,4,2,3,1,0,1,4,3,1,0,0,0,4,4,2,3,3,4,2,1,1,2,4,2,0,0,4,0,4,4,4,4,4,0,0,4,0,4,0,4,3,2,4,4,4,4,0,2,4,2,2,4,4,3,3,3,0,0,3,3,4,0,0,1,4,3,3,3,0,3,2,4,0,0,4,0,1,3,3,0,0,3,3,1,4,4,1,3,2,1,0,2,3,1,0,4,2,1,0,1,4,0,2,4,2,4,0,3,0,0,2,1,1,4,3,0,2,4,4,4,4,2,NA,4,4,0,0,1,1,2,4,0,3,4,4,0,0,1,4,3,2,0,2,1,4,4,2,2,1,0,1,1,4,2,4,3,3,0,4,1,0,3,4,4,1,4,0,1,4,3,2,4,3,4,0,4,1,3,NA,4,4,0,4,2,2,4,0,2,0,2,3,3,2,0,4,4,1,0,2,4,4,3,3,3,0,1,4,3,4,4,1,3,4,0,4,4,0,4,4,1,4,4,0,3,4,0,4,4,0,4,4,0,3,3,4,2,3,2,4,1,1,4,4,3,1,4,4,4,4,4,3,0,0,4,4,2,4,4,0,3,4,2,2,0,4,3,1,1,2,4,0,3,3,4,0,4,1,1,3,3,1,1,2,3,4,2,2,4,3,4,0,4,4,2,4,3,1,3,3,2,1,2,1,4,4,2,2,2,2,4,0,3,4,2,2,4,4,3,0,4,0,0,4,4,4,1,3,4,0,3,1,1,3,1,4,2,2,4,1,0,3,0,0,2,0,NA,4,2,4,2,0,0
15061421,4,2,0,4,0,4,4,4,4,0,0,2,2,0,4,1,4,4,0,4,2,0,4,0,0,4,4,0,2,1,0,4,0,0,3,2,4,2,0,4,3,1,3,4,3,4,4,2,3,0,0,4,0,4,4,4,4,4,4,0,4,1,1,3,4,0,0,4,4,0,NA,4,0,3,4,4,0,0,4,4,2,2,0,4,0,0,0,4,2,4,0,4,0,0,0,4,0,4,0,0,0,4,0,4,4,4,4,4,4,0,2,2,4,1,4,3,4,1,4,0,4,4,4,0,3,1,0,3,0,3,4,3,4,1,0,4,0,3,4,4,0,4,4,4,0,4,4,4,0,0,0,4,0,4,0,0,4,0,4,4,4,3,0,3,0,0,3,0,0,0,4,2,4,4,4,0,0,0,4,4,4,0,4,4,4,0,4,3,3,1,3,0,4,1,0,3,1,0,0,0,4,0,4,0,NA,4,4,2,4,0,0,4,4,4,0,0,3,2,4,3,2,0,4,2,1,3,1,3,4,4,2,2,4,2,2,2,4,3,4,3,0,4,4,4,4,0,0,1,4,4,0,4,0,0,4,4,3,4,4,0,3,4,3,2,4,1,1,3,4,4,4,0,4,4,4,0,4,1,4,0,4,3,0,0,4,3,0,0,2,NA,4,0,0,3,3,0,0,3,2,2,4,2,4,2,0,1,3,4,0,0,2,4,0,0,4,4,0,0,0,4,3,4,4,3,0,0,4,0,4,0,4,NA,4,0,4,3,1,4,0,4,4,3,4,0,0,0,4,4,0,4,4,4,4,4,4,4,4,4,0,3,0,4,0,1,0,3,0,0,0,0,0,1,2,0,2,2,0,4,4,0,4,3,3,0,0,0,0,0,4,4,4,1,1,0,0,4,3,0,0,2,0,3,4,1,1,4,0,0,4,4,0,2,4,1,0,4,4,4,0,4,0,1,3,3,4,0,4,3,2,0,4,4,4,0,4,2,3,4,1,4,0,4,4,1,0,0,3,4,4,4,0,0,3,0,1,0,0,4,0,1,1,2,1,0,0,4,0,4,3,4,4,3,2,0,4,4,1,2,4,0,3,4,3,4,3,4,3,4,1,1,1,4,3,2,0,0,3,0,4,4,1,1,3,4,4,0,0,0,0,4,4,4,0,0,1,0,3,0,4,4,4,0,0,3,4,3,3,4,1,4,3,3,4,2,3,4,1,2,3,4,0,4,2,0,3,1,0,3,2,1,4,1,0,1,0,4,0,0,4,4,0,4,1,4,4,4,4,0,2,4,1,4,2,2,2,3,4,3,0,2,2,1,1,0,0,1,0,1,4,1,4,4,4,3,4,0,4,4,4,0,3,0,2,3,3,4,4,4,4,4,4,0,4,4,4,4,0,4,0,3,4,0,0,0,2,4,0,2,4,0,0,0,4,4,4,4,4,4,0,0,4,0,0,2,1,4,4,4,4,0,4,4,0,2,4,2,1,0,0,0,4,4,2,2,3,4,2,0,0,3,4,4,0,0,4,0,4,3,4,4,4,0,0,4,0,4,0,4,0,4,4,4,4,3,0,3,4,0,4,4,4,1,3,4,1,0,3,3,4,2,0,1,4,4,3,2,0,4,4,4,0,0,4,0,1,4,3,1,0,4,4,0,4,3,0,4,3,3,4,4,3,1,0,4,1,1,0,0,4,0,0,4,0,4,0,2,1,0,0,0,1,4,1,0,4,4,3,3,3,0,0,4,4,1,0,NA,0,0,4,0,3,4,4,0,1,1,3,2,3,0,1,3,3,3,1,3,1,0,1,NA,2,2,4,3,4,1,4,1,0,4,4,4,0,4,0,0,4,4,2,4,4,4,0,4,3,2,4,4,4,0,4,1,4,2,0,2,0,1,3,3,3,0,4,4,3,0,2,4,3,3,2,2,1,3,4,3,4,4,2,2,2,0,4,4,1,3,3,0,2,3,0,0,3,0,4,4,0,4,4,0,4,4,4,0,1,1,4,0,3,4,4,4,3,4,4,4,4,4,4,0,3,4,4,1,3,4,0,3,4,0,3,0,4,1,0,0,1,3,2,4,4,2,0,4,3,1,4,4,4,2,1,3,4,3,1,4,4,4,0,4,3,2,3,3,3,4,4,2,1,1,1,2,3,0,0,1,2,4,0,3,4,4,4,3,4,3,0,4,1,0,4,3,4,0,4,4,0,4,0,0,2,0,2,0,0,4,0,0,4,0,0,1,0,4,4,1,4,1,0,0
15061462,3,1,2,2,1,2,2,4,3,0,0,3,1,0,2,3,4,4,0,4,3,1,4,0,0,4,4,0,0,1,1,4,0,0,4,0,4,4,0,4,2,2,1,4,2,4,4,1,2,0,0,4,0,3,4,4,3,4,4,0,4,1,1,3,4,0,0,4,4,0,0,4,0,2,3,3,3,2,4,4,3,3,1,2,0,0,0,4,2,4,0,4,0,0,0,4,0,4,0,0,0,4,1,4,4,4,3,3,4,0,0,1,3,1,4,2,2,1,4,0,4,3,4,0,4,3,0,3,0,4,4,1,1,1,1,4,0,1,4,4,0,3,3,3,0,4,4,4,0,0,0,4,0,4,0,0,4,0,4,4,4,4,0,1,0,0,2,0,0,0,4,3,4,4,4,0,3,2,2,4,4,0,4,3,4,0,4,2,0,2,2,0,4,1,0,1,1,0,0,0,4,0,4,1,4,4,4,1,4,0,0,4,4,4,0,0,0,2,4,4,3,0,3,1,2,4,3,2,1,4,0,4,4,4,2,0,4,2,2,1,0,4,4,3,4,0,0,2,4,4,0,4,0,0,4,3,2,4,3,1,4,3,3,1,3,0,0,4,4,3,3,0,4,4,4,0,4,2,4,2,3,1,0,0,4,4,1,0,1,4,4,0,0,4,4,0,0,3,2,1,4,2,4,2,1,2,4,4,0,0,1,3,1,0,4,4,0,0,0,4,1,4,4,3,0,1,4,0,4,0,4,4,4,0,4,2,0,4,0,4,4,3,4,0,0,0,4,4,0,4,4,4,4,4,4,4,4,4,0,0,0,4,1,0,0,3,2,2,0,0,0,2,4,0,2,1,0,4,4,0,4,0,4,0,0,0,1,0,4,4,4,0,2,0,0,4,3,0,0,2,0,4,4,0,0,3,0,0,4,4,0,2,2,1,2,2,4,3,0,4,0,1,4,2,4,0,4,4,1,0,4,4,4,0,4,4,4,3,3,4,0,4,4,1,0,0,2,4,4,4,0,0,3,2,0,0,0,4,1,2,1,2,0,0,0,3,0,4,4,4,4,2,2,0,4,4,2,0,4,2,4,3,1,4,2,4,4,4,2,1,1,4,4,2,0,0,4,0,3,4,1,2,4,4,4,0,0,0,0,4,4,4,0,0,0,0,3,0,4,4,4,1,0,4,4,2,4,4,3,4,2,2,4,2,2,3,0,3,3,4,0,4,3,0,4,0,0,2,2,0,4,2,0,1,0,3,0,0,4,4,0,4,2,4,4,4,4,0,0,4,1,3,1,4,4,3,3,1,3,1,3,0,4,2,0,1,0,2,3,1,4,4,4,3,4,2,4,3,3,0,4,0,1,3,2,4,3,4,4,4,3,0,4,4,4,4,0,3,1,3,4,0,0,0,1,4,0,2,4,0,0,2,2,4,4,4,4,4,0,0,4,0,0,4,3,4,4,4,4,1,2,1,0,1,4,2,0,0,0,0,3,4,2,3,2,4,4,0,0,2,4,3,0,0,4,0,4,3,4,4,4,0,0,4,0,4,0,4,0,4,4,4,4,2,1,2,4,0,4,4,4,3,4,4,0,0,4,4,4,1,0,2,4,3,3,1,0,4,3,4,0,0,4,0,3,4,3,0,0,3,3,0,4,4,0,4,2,3,4,4,3,1,0,4,1,1,0,0,4,0,0,3,3,4,1,4,1,1,0,0,1,4,4,0,4,4,4,4,3,0,1,4,4,0,0,0,0,0,4,0,2,4,4,0,1,0,4,3,2,0,2,2,3,3,2,2,3,0,1,0,4,2,4,4,3,0,4,2,0,4,4,4,0,4,0,0,4,3,2,4,4,4,0,4,1,4,4,4,4,1,4,0,4,3,0,1,0,2,3,2,4,0,4,4,1,0,2,4,2,4,3,3,1,3,4,2,4,4,2,1,2,0,4,4,0,2,4,0,2,4,0,2,4,0,4,4,0,4,4,0,4,4,4,0,1,1,3,0,1,4,4,4,3,4,4,4,4,4,3,0,1,4,2,0,0,4,0,2,4,1,3,0,4,3,0,0,2,4,1,2,3,1,0,4,3,1,4,4,3,2,2,2,4,2,3,4,2,4,0,4,2,2,4,2,2,4,4,2,2,2,2,3,2,0,0,2,3,4,0,3,4,3,3,3,4,1,0,4,0,0,4,3,3,0,4,4,0,4,0,2,2,2,2,0,0,4,0,0,3,0,0,1,0,4,2,1,4,1,0,0
15062119,4,1,0,4,0,4,2,4,3,0,0,1,0,0,3,2,4,4,0,4,3,0,4,0,0,4,4,0,1,0,0,4,0,0,4,3,4,3,0,4,2,0,4,4,3,4,4,0,3,0,0,4,0,4,4,4,3,4,4,0,4,1,1,3,4,0,0,4,4,1,1,4,0,2,4,4,3,2,4,3,3,1,0,2,0,0,1,4,2,4,0,4,0,0,0,4,0,4,0,0,0,4,0,4,4,4,4,4,4,1,1,2,4,0,4,2,3,2,4,0,4,4,4,0,3,2,1,1,0,3,4,2,3,1,1,4,0,2,4,4,0,4,3,4,0,4,4,4,0,1,1,4,0,4,0,0,4,0,4,4,3,3,0,1,0,0,2,0,0,0,3,3,3,4,4,0,0,0,4,4,4,1,4,4,4,0,4,1,1,1,4,0,4,1,0,2,1,0,0,0,4,0,4,2,4,4,4,1,4,0,1,4,4,4,0,0,0,1,4,3,3,0,4,3,1,3,2,1,2,4,3,4,4,4,2,2,4,3,2,1,0,4,4,4,4,0,0,0,4,4,0,4,0,0,4,4,3,3,4,0,3,4,1,3,2,0,0,4,4,3,4,0,4,4,4,1,4,3,4,0,4,2,0,1,4,4,1,0,2,3,4,0,0,4,2,0,0,2,2,1,4,2,4,3,0,0,4,4,0,0,3,3,0,0,4,4,0,0,0,4,2,4,4,3,0,1,4,0,4,0,4,4,4,1,3,2,1,4,0,4,4,4,4,0,0,0,4,4,0,4,4,4,4,3,4,4,4,4,0,0,0,4,0,0,0,1,0,0,1,0,0,1,2,1,0,0,0,3,4,0,4,1,4,0,0,0,0,0,4,4,3,0,3,0,0,4,2,0,0,2,0,4,4,1,1,3,0,0,4,4,0,3,4,1,0,4,4,2,0,4,0,0,4,3,4,0,4,4,3,0,4,4,4,1,4,4,2,4,2,4,0,4,4,1,1,0,3,4,4,4,0,0,3,1,1,1,1,4,0,1,3,1,1,0,2,4,1,4,2,4,4,4,2,0,4,4,2,1,4,1,4,4,2,4,3,3,4,4,1,2,2,4,4,2,0,0,3,1,4,4,0,4,3,4,4,0,0,0,0,4,4,4,0,0,0,0,4,0,4,4,4,2,0,3,4,2,3,4,1,4,3,3,4,1,3,4,1,2,4,4,1,4,3,0,4,1,0,3,3,1,4,1,0,1,0,4,0,0,4,4,0,4,2,4,4,4,4,0,1,4,0,4,3,3,3,4,3,4,1,2,3,2,4,1,0,0,0,2,4,0,4,4,4,4,4,0,4,4,3,0,4,0,1,4,3,4,3,4,4,4,4,0,4,4,4,4,0,3,2,3,4,0,0,0,1,4,0,3,4,0,0,0,3,4,4,4,4,4,0,0,4,0,1,3,1,4,4,4,4,1,3,2,0,2,4,4,1,0,0,0,2,4,4,2,1,4,3,0,0,4,4,2,0,0,4,0,3,4,4,4,4,0,0,4,0,4,0,4,2,3,4,4,4,2,0,4,4,0,4,4,4,3,3,4,0,0,2,2,4,1,0,2,4,4,4,3,0,3,4,4,0,0,4,0,0,3,3,1,0,2,2,0,4,4,0,4,2,4,3,3,4,0,0,4,1,2,0,0,4,0,0,2,3,4,1,3,0,1,0,0,2,4,3,0,2,4,4,4,4,2,0,4,4,0,0,1,0,0,4,0,2,4,4,0,0,3,4,2,2,0,2,1,4,4,1,4,2,1,3,1,4,3,4,4,4,0,4,2,0,3,4,4,0,4,0,1,3,3,3,4,3,4,0,4,2,2,3,4,4,0,4,1,3,2,0,3,0,1,3,2,4,0,4,4,3,0,1,4,3,4,2,2,0,3,4,3,4,4,3,1,2,0,4,4,1,2,3,0,1,2,0,1,4,0,4,4,0,4,4,0,4,4,4,1,2,3,4,0,3,4,4,4,2,4,4,4,4,4,2,0,2,4,3,1,2,4,0,4,4,0,4,0,4,2,0,0,0,4,3,4,4,2,0,3,2,1,4,4,3,2,1,3,4,3,3,4,2,4,0,4,4,2,3,3,2,3,3,2,1,1,1,2,3,1,1,3,3,4,0,3,4,4,4,3,3,1,0,4,1,0,4,3,4,0,4,4,0,4,0,1,1,1,2,0,0,4,0,0,4,0,0,2,0,4,4,2,4,2,0,0
15062334,4,3,1,3,1,3,3,2,4,1,1,2,1,0,3,1,4,4,0,4,1,2,4,0,0,4,3,1,0,1,1,4,0,0,3,1,4,3,0,4,4,1,3,4,2,3,3,0,2,0,0,4,0,1,3,4,2,4,3,0,4,1,1,3,4,0,0,4,4,3,0,4,0,4,4,3,4,3,4,4,3,0,1,2,1,0,0,3,4,4,1,3,1,1,1,4,0,4,0,0,0,4,3,3,4,3,4,4,4,0,3,0,4,0,4,2,3,3,4,1,3,4,3,2,3,2,2,2,1,2,3,2,0,0,2,3,0,3,3,3,0,4,4,4,0,4,4,4,0,0,0,3,0,4,0,0,4,1,3,4,3,3,0,2,0,0,3,1,0,0,2,4,0,4,2,1,0,0,4,4,4,1,3,4,4,1,3,1,1,1,4,0,3,0,0,1,3,0,0,0,4,0,4,2,3,2,3,1,4,1,1,4,3,4,2,1,3,2,3,3,3,2,4,2,1,3,1,2,2,3,4,3,3,3,3,2,4,2,2,2,1,3,4,3,2,0,0,3,4,4,0,4,0,0,4,3,2,3,4,0,4,4,2,4,3,0,0,3,3,4,4,0,4,4,3,0,3,1,4,0,3,3,2,1,2,2,2,0,2,3,4,0,1,4,4,0,0,3,0,1,4,1,4,4,0,0,3,4,0,0,2,3,1,2,4,4,1,0,0,4,1,4,3,3,1,1,3,0,4,1,3,3,3,1,2,3,1,4,0,3,4,4,4,0,0,1,3,4,0,4,4,3,4,4,4,4,3,4,0,2,0,4,0,1,0,4,0,0,0,0,0,4,4,0,2,2,1,3,4,0,4,3,4,0,0,1,1,0,4,4,4,2,2,0,0,4,2,0,1,2,0,3,4,3,3,4,1,1,3,4,2,3,4,2,0,4,3,4,0,3,0,1,2,0,3,1,3,2,2,0,4,3,4,0,3,3,2,2,2,4,1,4,4,3,1,1,1,4,4,4,0,0,3,1,0,0,0,4,1,0,1,1,2,0,1,2,1,4,2,3,1,4,2,0,3,4,0,2,3,1,4,4,3,4,4,4,4,4,2,1,1,4,3,1,0,1,2,0,4,4,1,1,4,4,4,0,0,1,0,2,4,4,0,1,0,0,3,0,4,4,4,2,0,4,4,2,4,3,3,4,1,4,4,0,2,4,0,2,4,3,1,4,1,0,2,2,1,1,4,0,4,1,0,1,1,4,0,0,4,3,1,4,2,4,4,3,3,1,1,4,0,4,0,3,3,3,3,4,0,2,3,1,3,1,0,0,0,1,4,2,2,3,3,2,3,0,4,4,3,0,2,1,1,0,4,4,4,4,4,4,4,1,3,3,4,3,1,2,0,4,4,0,0,0,1,4,0,2,4,1,0,1,3,3,3,3,3,4,0,1,3,1,0,4,3,4,4,4,4,2,3,1,0,1,4,3,1,0,0,0,4,4,2,1,2,3,1,1,2,3,3,3,1,0,4,0,4,3,3,4,3,0,0,4,0,4,0,4,2,4,4,4,4,1,0,4,4,1,4,4,4,3,4,4,0,0,2,2,4,4,0,1,4,4,3,2,0,3,4,3,1,0,3,0,0,2,4,0,0,4,4,0,4,4,0,4,2,2,1,3,4,0,1,3,1,0,0,3,4,0,4,4,4,4,1,1,0,1,3,2,1,4,4,0,4,3,4,3,4,1,1,4,4,0,0,1,0,1,4,1,3,3,3,1,0,2,4,3,2,0,2,2,3,3,1,3,1,0,3,0,3,3,3,2,3,0,4,0,0,4,4,4,1,4,0,0,4,3,3,4,2,4,0,4,2,3,3,4,4,1,4,2,3,4,1,2,0,2,3,4,4,1,4,3,4,0,1,4,3,2,4,3,1,2,4,3,4,4,1,2,4,0,4,4,1,2,4,0,4,4,0,3,4,0,4,4,0,4,4,0,4,4,4,0,2,1,3,1,3,3,3,3,1,3,4,3,4,3,3,0,1,4,4,1,2,4,0,4,4,1,2,0,4,1,0,0,0,2,3,4,3,3,0,4,3,0,4,4,2,2,2,3,4,4,2,3,2,4,0,4,4,3,4,3,3,4,4,4,0,1,0,4,2,0,0,2,2,4,0,3,4,2,1,4,4,2,0,3,0,0,3,4,4,1,3,4,0,3,1,2,2,2,1,1,1,3,3,1,3,0,0,1,0,4,3,2,4,4,0,0
15061423,4,3,0,4,0,4,1,4,3,0,0,3,0,0,1,4,4,4,0,3,1,0,4,0,0,4,4,0,1,0,0,4,0,0,3,3,4,3,0,4,2,2,1,4,2,4,4,2,4,0,0,4,0,4,3,4,4,4,4,0,4,2,2,3,4,0,0,4,4,0,0,4,0,4,4,4,1,1,4,4,1,0,0,4,0,0,1,4,4,4,0,4,0,0,0,4,0,4,0,0,0,4,2,4,4,4,4,4,4,0,0,0,4,0,4,3,4,1,4,0,4,4,4,0,2,1,0,3,0,4,4,1,3,1,2,4,0,2,4,4,0,3,4,4,0,4,4,4,0,0,0,4,1,4,0,0,4,0,4,4,4,1,0,3,0,0,3,0,0,0,4,4,4,4,3,0,0,0,4,4,4,0,4,3,4,0,4,3,1,4,4,0,4,0,0,3,1,0,0,0,4,0,3,1,4,4,4,1,4,0,0,4,4,4,0,0,2,3,4,3,2,0,4,2,1,2,0,1,4,3,0,1,2,3,0,1,4,4,4,3,0,4,4,4,4,0,0,1,4,4,0,4,0,0,4,4,3,3,4,0,4,4,4,0,4,0,0,3,4,4,4,0,4,4,4,1,4,3,4,0,3,2,0,0,4,3,1,0,1,1,4,0,0,4,2,0,0,3,2,1,4,2,4,1,0,0,4,4,0,0,1,4,0,0,4,4,0,1,0,4,3,4,4,4,0,1,4,0,4,0,4,4,4,1,1,4,0,4,0,4,4,3,4,0,0,0,4,4,0,4,4,4,4,3,4,4,4,4,0,1,0,4,0,0,0,3,0,0,1,0,0,3,4,0,3,0,0,4,4,0,4,2,3,0,0,0,0,0,4,4,4,2,3,0,0,4,3,0,0,NA,0,4,4,0,0,3,0,0,4,4,0,4,3,0,1,3,4,4,0,4,0,0,3,3,4,0,4,3,2,0,4,4,4,0,4,4,4,3,3,4,0,4,4,3,0,0,1,4,4,4,0,0,1,1,2,0,NA,4,1,0,1,2,1,0,3,3,0,4,3,4,4,4,2,0,4,4,0,1,4,1,4,4,0,4,3,3,3,4,2,1,1,4,4,1,0,0,2,0,4,4,2,2,3,4,4,0,0,0,0,4,3,4,0,0,0,0,4,0,4,4,4,0,0,4,4,1,4,4,0,4,1,3,4,2,2,4,0,3,2,4,0,4,4,0,4,3,1,1,3,0,4,0,0,0,0,4,0,0,4,4,0,4,1,4,4,4,4,0,2,4,0,4,1,2,3,4,4,4,0,1,4,1,2,1,0,1,0,1,4,1,4,4,4,4,4,0,4,4,3,0,3,0,0,2,3,4,4,4,4,3,4,0,4,4,4,4,0,2,0,4,4,0,0,0,3,4,0,2,4,0,0,0,2,4,4,4,4,2,0,0,4,0,0,2,1,4,4,4,4,0,3,2,0,3,4,1,0,0,0,0,3,4,4,0,2,4,1,0,0,4,2,4,0,0,4,0,3,3,4,4,4,0,0,4,0,4,0,4,1,4,4,4,4,4,0,4,4,0,4,4,4,2,4,4,0,0,4,4,4,3,0,2,4,2,4,1,0,4,3,3,2,1,4,0,0,4,3,0,0,4,4,0,4,4,0,4,3,4,4,4,4,0,0,4,0,0,0,0,4,0,0,4,1,4,1,3,0,2,0,0,2,4,3,0,3,4,4,3,4,1,0,4,4,0,0,0,0,0,4,0,3,4,4,0,0,1,4,3,4,0,0,4,3,3,0,4,1,0,3,1,2,1,4,3,2,0,4,1,0,4,4,4,2,4,0,0,4,2,3,4,4,4,0,4,3,3,3,4,4,0,4,1,3,4,0,3,0,1,3,1,3,1,4,2,2,0,1,4,3,3,1,4,0,3,4,1,4,4,0,4,4,0,4,4,0,3,0,0,3,2,0,1,4,0,4,4,0,4,4,0,4,4,4,2,2,4,4,0,3,4,4,4,3,4,4,4,4,4,4,0,1,4,4,1,2,4,0,4,4,1,4,0,4,0,0,0,0,4,3,4,2,2,0,4,2,0,4,4,4,2,4,4,4,4,3,4,4,4,0,4,3,1,4,3,1,3,3,1,1,2,1,3,3,0,0,0,1,4,0,4,4,4,4,3,4,1,0,4,1,0,4,3,4,0,4,4,0,4,0,0,1,0,1,0,0,4,0,0,4,0,0,0,0,4,4,0,4,2,0,0
15061333,4,2,0,4,0,4,2,4,3,0,0,1,0,0,4,1,4,4,0,4,2,0,4,0,1,4,4,0,1,1,0,4,0,0,3,1,4,4,0,4,3,2,2,4,4,4,4,1,3,0,0,4,0,3,4,4,2,4,4,0,4,2,0,2,4,0,0,4,4,2,1,4,0,2,3,4,1,1,4,3,0,0,0,2,0,0,1,4,NA,4,0,4,0,0,0,4,0,4,0,0,0,4,0,4,4,4,4,4,4,0,1,0,4,1,4,1,3,1,4,0,4,4,4,0,2,1,0,4,2,4,4,3,3,0,1,4,0,2,4,4,0,4,4,4,0,4,4,4,0,1,0,4,0,4,0,0,4,0,4,4,4,3,0,1,0,0,4,0,0,0,3,3,3,4,4,0,0,0,4,4,4,0,3,4,4,0,4,2,1,2,4,0,4,1,0,1,1,0,0,0,4,0,4,0,4,4,4,2,4,0,0,4,4,4,0,0,1,4,4,2,3,0,4,2,2,3,0,2,2,4,1,2,4,3,2,2,4,2,3,2,0,4,4,4,4,0,0,1,4,4,0,4,0,0,4,3,4,3,4,0,3,4,3,2,3,1,1,3,4,4,3,0,4,4,4,1,4,2,4,0,4,2,0,0,4,3,0,0,3,4,4,0,0,3,3,0,0,2,3,0,4,3,4,2,0,2,2,4,0,0,2,3,0,0,4,4,0,0,0,4,2,4,4,4,0,1,2,0,4,0,4,4,4,0,3,2,2,4,0,4,4,4,4,0,0,0,4,4,0,3,4,4,4,3,2,4,4,4,0,1,0,4,0,1,0,3,0,0,0,0,0,1,4,1,1,1,0,3,4,0,4,3,4,0,0,0,0,0,3,4,4,1,1,0,0,4,2,0,0,1,0,4,4,2,2,3,0,0,4,4,0,3,2,0,2,2,4,3,0,4,0,0,3,1,4,0,4,3,1,0,4,3,4,1,4,4,2,4,1,4,0,4,4,2,0,0,2,4,4,4,0,0,4,1,1,0,1,4,0,1,0,1,3,0,2,4,1,4,4,4,4,4,2,0,4,4,3,1,4,2,3,4,1,4,3,3,4,4,2,4,4,4,4,2,0,0,2,0,4,4,1,1,2,4,4,0,0,0,0,4,4,4,0,0,0,0,3,0,4,4,4,0,0,3,4,3,2,4,2,4,3,3,4,2,3,4,1,1,4,4,1,4,3,0,4,1,0,4,4,2,4,2,0,1,0,4,0,0,4,4,0,4,3,4,4,4,4,0,1,4,2,2,3,1,1,4,3,4,3,1,1,1,3,0,0,1,0,3,3,1,4,4,4,3,4,0,4,4,3,0,3,0,2,3,4,4,4,4,4,4,4,0,4,4,4,4,0,3,0,3,4,0,0,0,2,4,0,2,4,0,0,0,4,4,4,4,4,4,0,0,4,0,1,4,3,4,4,4,4,2,3,1,0,1,4,4,1,0,0,0,1,4,4,3,1,4,1,0,0,3,3,4,0,0,4,0,4,4,4,4,4,0,0,4,0,4,0,4,2,3,4,4,4,1,0,4,4,0,4,4,4,3,4,4,0,1,4,4,4,3,0,2,4,4,4,2,0,3,4,3,1,1,3,0,1,2,3,0,0,4,4,0,4,3,0,4,2,2,3,3,3,1,0,4,1,2,0,1,4,0,1,3,2,4,0,1,0,0,1,0,1,4,4,0,4,4,4,4,3,0,1,4,4,0,0,1,0,0,4,0,3,4,4,0,0,2,4,2,2,0,2,1,4,4,3,3,3,2,2,1,4,2,4,3,4,0,4,1,0,3,4,4,1,4,0,1,3,4,3,4,4,4,0,4,1,3,4,4,4,2,4,1,4,3,1,1,0,2,3,2,4,0,4,4,4,0,1,4,3,3,3,2,0,3,4,3,4,4,2,2,3,0,4,4,0,0,3,1,2,4,0,1,4,0,4,4,0,4,4,0,4,4,4,2,3,3,4,0,2,4,4,4,2,4,4,4,4,4,4,0,4,4,4,0,1,4,0,3,4,0,3,0,4,3,0,0,0,4,2,4,4,3,0,3,3,1,4,4,3,2,2,3,4,4,2,4,2,4,0,4,4,1,4,4,3,3,3,1,0,0,0,3,2,1,1,3,3,4,0,3,4,4,4,3,3,2,0,4,1,0,4,4,3,0,4,4,0,4,0,1,1,1,2,0,0,4,0,0,4,0,0,1,0,4,4,1,4,2,0,0
15061348,4,2,0,4,0,4,2,4,3,0,0,1,0,0,3,3,3,3,0,4,2,0,4,0,0,4,4,0,2,0,0,4,0,0,3,2,4,3,0,4,2,1,3,4,2,4,4,1,3,0,0,4,0,4,3,4,3,4,4,0,4,2,2,2,4,0,0,4,4,1,0,4,0,3,4,4,2,1,4,4,1,2,0,4,0,0,1,4,2,4,0,4,0,0,0,4,0,4,0,0,0,4,1,4,4,4,4,4,4,0,0,0,4,0,4,2,3,2,4,0,4,4,4,0,2,1,0,3,0,4,4,3,2,1,0,4,0,1,4,4,0,3,3,4,0,4,4,4,0,0,0,4,0,4,0,0,4,0,4,4,4,2,0,1,0,0,2,0,0,0,4,4,4,4,4,0,0,0,4,4,4,1,3,3,4,0,4,2,1,3,3,0,4,0,0,2,1,0,0,0,4,0,4,3,4,4,4,1,4,0,0,4,4,4,0,0,1,2,4,2,3,0,4,2,1,3,1,2,1,4,0,3,4,4,1,1,4,3,2,3,0,4,4,3,4,0,0,1,4,4,0,4,0,0,4,4,3,4,4,0,4,4,2,2,3,0,1,3,4,4,3,0,4,4,4,1,4,2,4,0,4,2,0,0,4,3,2,0,1,3,4,0,0,3,2,0,0,4,2,1,4,1,4,3,0,0,4,4,0,0,1,3,0,0,4,4,0,0,0,4,2,4,4,3,0,1,4,0,4,0,4,4,4,1,2,4,0,4,0,4,4,3,4,0,0,0,4,4,0,4,4,4,4,3,3,4,4,4,0,1,0,4,0,0,0,3,0,0,0,0,0,3,4,0,2,1,0,3,4,0,4,1,4,0,0,0,0,0,3,4,4,1,1,0,0,4,1,0,0,1,0,4,4,0,0,3,0,0,4,4,0,3,2,1,2,2,4,3,0,4,0,0,3,2,4,0,4,2,1,0,4,4,4,0,4,4,2,3,2,4,0,4,4,2,0,0,2,4,4,4,0,0,3,2,1,0,0,4,1,0,1,1,2,0,1,3,0,4,4,4,4,3,2,0,4,4,1,0,4,2,4,4,1,4,3,3,4,4,2,2,2,4,4,2,0,0,3,0,4,4,1,3,3,4,4,0,0,0,0,4,4,4,0,0,0,0,4,0,4,4,4,1,0,3,4,2,3,4,0,4,1,3,4,2,2,4,1,1,3,4,2,4,3,0,4,2,0,2,2,1,4,1,0,1,0,4,0,0,4,4,0,4,2,4,4,4,4,0,0,4,0,4,2,1,1,3,3,3,2,1,2,1,2,1,0,0,0,2,4,2,4,4,4,4,4,0,4,4,3,0,3,0,0,3,3,4,4,4,4,4,4,0,4,4,4,4,0,3,1,4,4,0,0,0,2,4,0,4,4,0,0,0,3,4,4,4,4,4,0,0,4,0,0,3,3,4,4,4,4,1,3,2,0,1,4,2,1,0,0,0,3,4,3,2,3,4,1,0,0,3,3,3,0,0,4,0,4,3,4,4,4,0,0,4,0,4,0,4,1,4,4,4,4,3,1,3,4,0,4,4,4,2,4,4,0,0,4,4,4,2,0,0,4,3,4,2,0,3,3,4,0,0,4,0,1,4,1,1,0,3,3,0,4,4,0,4,2,4,3,3,4,0,0,4,1,1,0,1,4,0,2,4,2,4,1,3,1,1,1,0,2,4,3,0,3,4,4,4,3,1,0,4,4,0,0,0,0,0,4,0,3,4,4,0,0,1,4,2,2,0,2,2,3,3,1,3,1,0,1,1,3,2,4,3,3,0,4,2,0,3,4,4,0,4,0,1,3,3,2,4,3,4,0,4,2,3,3,4,4,1,4,2,3,4,1,2,0,2,3,2,3,0,4,4,3,0,1,4,2,3,3,4,1,2,4,2,4,4,1,3,4,0,4,4,0,1,2,1,3,4,0,1,4,0,4,4,0,4,4,0,4,4,4,1,1,3,4,0,2,4,4,4,1,4,4,4,4,4,3,0,2,4,3,1,2,4,0,4,4,1,4,0,4,2,0,0,1,4,2,4,4,2,0,4,2,1,4,4,3,2,2,2,4,4,1,4,3,4,0,4,3,1,4,2,1,3,3,1,2,2,2,4,4,0,0,1,2,4,0,4,4,4,4,3,4,1,0,4,1,0,4,3,4,0,4,4,0,4,0,1,2,1,1,0,0,4,0,0,4,0,0,2,0,4,4,2,4,3,0,0
15060910,2,3,1,4,1,4,2,4,4,0,0,2,0,0,3,3,1,3,0,3,1,1,4,1,1,4,4,0,2,0,1,3,2,2,4,3,4,3,0,4,2,3,1,4,2,3,3,1,4,0,0,4,0,3,4,2,4,4,NA,0,4,1,2,3,3,1,0,3,4,1,1,4,0,4,4,3,2,2,4,1,2,1,1,3,0,0,0,2,4,4,1,4,1,0,0,4,0,4,0,0,0,4,1,4,4,4,4,4,4,0,2,2,3,0,4,1,3,0,4,0,4,4,3,1,3,3,2,2,0,4,4,1,1,1,2,4,0,2,3,3,0,4,2,4,0,4,4,4,0,1,0,4,0,4,0,0,4,0,3,4,3,0,1,1,1,0,2,1,0,0,3,3,3,3,4,0,1,1,3,3,4,1,3,3,4,0,4,3,1,1,4,0,3,0,0,3,2,1,1,0,3,0,2,1,4,3,4,1,4,2,0,4,2,4,1,0,2,2,4,3,4,1,4,2,2,2,1,2,4,4,2,3,4,4,1,3,4,4,3,3,2,4,4,4,2,0,1,2,4,4,1,3,1,1,4,3,3,4,3,1,3,3,4,1,4,0,0,2,4,4,3,0,4,4,3,0,3,3,4,0,4,2,0,0,4,3,0,0,1,2,4,0,0,3,0,0,0,3,1,3,4,0,4,3,0,1,2,3,0,0,2,3,0,0,2,3,1,0,0,4,3,4,4,3,0,2,4,1,4,0,4,4,4,0,3,4,1,3,0,4,4,3,4,1,0,0,4,4,NA,4,4,4,4,2,4,4,4,4,0,3,0,4,0,1,0,4,0,0,0,0,0,1,4,0,2,1,0,3,4,0,4,2,4,0,0,0,1,1,4,4,4,1,0,0,0,4,3,0,0,1,0,3,4,0,0,4,0,0,4,4,0,3,3,0,2,2,3,1,1,4,0,1,2,1,4,0,4,3,3,0,4,4,2,0,4,4,3,3,3,4,1,3,4,2,0,0,0,3,3,4,1,1,3,2,1,0,0,4,1,2,2,1,3,0,1,3,0,4,3,4,4,4,2,0,2,4,0,1,3,0,4,4,4,4,1,4,3,4,2,0,0,3,4,1,0,0,3,1,4,4,1,1,4,4,4,0,0,0,0,3,4,4,0,0,0,0,2,0,4,3,4,0,0,3,3,3,1,4,2,4,2,3,4,3,3,4,0,0,3,4,1,4,4,1,4,0,1,1,2,1,4,0,0,1,0,3,0,0,3,4,0,4,3,4,3,3,4,0,0,3,0,4,3,1,0,4,4,4,3,2,4,2,3,0,0,0,0,0,4,2,3,4,3,4,3,0,3,3,3,0,2,0,1,2,3,4,3,4,4,3,4,0,4,4,4,4,1,3,1,2,4,0,0,0,2,3,0,0,4,0,0,0,3,4,4,4,4,3,0,0,4,0,0,3,3,4,4,4,4,1,3,3,0,0,4,2,2,0,0,0,4,4,3,1,1,3,3,0,0,3,2,4,0,0,3,0,4,3,4,4,4,0,0,4,0,4,0,4,1,4,4,4,4,2,0,4,4,1,4,3,4,3,4,4,0,0,2,2,4,2,0,0,4,4,3,4,1,2,4,3,0,0,4,1,0,4,3,3,0,4,3,1,3,1,1,3,4,3,2,3,4,0,0,4,1,0,1,1,3,1,1,4,2,3,1,3,2,1,1,1,2,4,3,0,2,4,3,3,3,0,0,3,3,0,0,0,0,1,4,0,4,3,3,1,1,0,3,2,1,0,3,1,3,3,1,4,2,0,2,1,3,2,4,3,4,1,3,1,1,3,4,3,0,4,0,1,3,3,2,3,2,4,0,4,3,2,4,4,4,2,3,1,3,4,1,1,0,3,4,3,2,1,4,4,3,0,3,4,4,3,4,3,1,4,4,1,4,4,1,2,3,0,3,4,2,3,2,0,2,3,0,0,4,0,4,4,0,4,4,0,3,4,4,1,2,3,3,0,4,4,4,4,2,3,4,4,4,3,4,0,3,4,3,1,2,3,1,2,3,1,4,0,4,0,0,0,0,3,3,4,3,1,0,4,3,0,4,4,2,2,2,4,4,1,3,4,1,4,0,4,4,0,2,3,3,4,4,0,1,3,3,2,2,1,1,1,2,4,0,4,3,0,3,4,3,3,0,4,1,0,3,4,3,0,4,4,0,4,0,1,1,1,4,0,0,3,0,0,4,0,0,0,0,4,4,0,4,0,0,0
15061522,4,1,0,4,0,4,3,4,4,0,0,0,0,0,1,4,4,4,0,3,3,0,4,0,0,4,2,2,0,1,0,4,0,0,1,0,4,4,0,4,3,2,1,4,2,3,3,0,2,0,0,4,0,3,4,4,3,4,4,0,4,0,1,3,4,0,0,4,2,0,0,4,0,3,3,3,4,1,4,4,1,0,0,2,0,0,0,4,3,4,0,4,0,0,0,4,0,4,0,1,0,4,1,4,4,4,4,4,4,0,2,0,4,1,4,2,3,3,4,0,4,3,4,0,3,2,2,2,0,2,4,2,1,0,3,4,0,3,3,4,0,3,2,4,0,4,4,4,0,0,0,4,0,4,0,0,4,1,3,4,4,3,0,4,0,0,1,0,0,0,3,3,4,4,3,1,0,0,4,4,4,0,2,3,4,0,4,1,1,2,3,0,4,1,0,2,2,0,0,0,4,0,3,1,4,4,4,0,4,0,0,4,4,4,0,0,3,3,3,3,1,0,4,1,2,3,1,1,4,4,3,3,4,4,3,3,4,3,3,1,1,4,4,4,3,0,1,1,4,4,0,3,0,0,4,4,2,4,4,0,4,4,3,2,4,0,1,4,3,4,4,0,4,4,4,1,4,3,4,0,4,2,0,0,3,3,0,0,3,4,4,0,0,3,1,0,0,2,4,2,4,1,4,3,0,2,3,4,0,0,0,3,1,0,3,4,1,0,0,4,2,4,4,3,0,1,3,0,3,0,4,4,4,1,3,3,0,4,0,3,3,4,4,0,0,0,4,4,0,4,4,4,4,3,4,3,4,4,0,0,0,4,2,1,0,3,0,1,0,0,0,0,3,1,1,0,0,4,4,0,3,3,4,1,0,0,0,0,4,4,3,1,2,0,0,3,2,0,0,0,0,4,4,1,1,2,0,0,4,4,0,2,3,1,1,3,4,2,0,4,0,1,3,3,4,0,4,3,2,0,4,2,4,1,4,4,3,3,2,4,0,4,4,2,0,0,2,4,4,4,0,0,4,1,NA,1,1,4,0,1,2,1,1,0,2,3,1,4,4,4,4,4,2,0,4,4,1,2,4,2,4,3,2,4,3,3,3,4,2,4,4,4,3,2,0,0,2,0,4,4,0,2,3,4,4,0,1,0,0,4,4,4,0,0,0,0,3,0,4,4,4,1,0,3,4,3,3,4,2,4,4,3,4,1,2,4,0,3,4,4,3,4,4,0,3,0,1,1,2,0,4,2,0,0,0,4,0,0,4,4,1,4,3,4,4,4,4,0,0,4,1,3,2,1,1,3,4,4,1,2,2,2,3,1,0,1,0,2,4,1,3,4,4,4,4,1,4,4,4,1,3,0,2,4,3,4,3,4,4,4,4,0,4,4,4,4,0,3,1,2,4,0,0,0,2,4,0,4,4,0,0,1,2,4,4,4,4,4,0,0,4,0,1,4,4,4,4,4,4,2,3,1,0,0,4,2,2,0,0,0,4,4,4,2,1,4,2,0,0,2,3,3,0,0,4,0,4,4,4,4,4,0,0,4,0,4,0,4,2,3,4,4,4,3,1,4,4,0,4,4,4,2,4,4,0,0,3,3,4,1,0,1,4,3,3,2,0,3,3,3,1,0,4,0,1,4,2,0,0,3,3,0,4,4,0,4,2,2,2,3,3,1,0,4,1,0,0,0,4,0,0,4,2,4,1,2,0,2,1,0,3,4,4,0,2,4,4,3,4,2,1,4,4,0,0,2,0,1,4,0,3,3,4,0,2,2,4,2,1,0,3,0,4,4,2,2,1,0,3,1,4,1,4,3,3,0,4,1,0,3,4,4,0,4,0,1,4,2,1,4,3,4,0,4,0,2,3,4,4,1,4,1,3,3,0,1,0,3,3,2,2,0,4,4,1,0,3,4,4,3,4,2,0,2,4,4,4,4,1,3,3,0,4,4,0,3,4,2,3,4,0,2,4,0,4,4,0,4,4,0,4,4,4,1,1,3,4,0,2,4,4,4,3,4,4,4,4,4,3,0,2,4,4,1,2,4,0,3,4,1,1,0,4,2,0,0,0,4,0,4,4,3,0,4,3,0,4,4,3,2,2,3,4,3,2,4,3,4,0,4,4,2,4,4,3,4,4,2,1,1,1,2,2,1,1,1,1,4,0,4,4,3,3,3,3,3,1,4,1,0,4,4,3,0,4,4,0,4,0,1,2,1,3,1,1,4,0,0,3,0,0,1,0,4,3,1,4,3,0,0
15062360,2,3,1,4,1,4,1,3,4,0,1,3,2,0,2,2,4,4,0,3,1,2,4,1,1,3,4,0,0,1,0,2,0,0,3,1,4,4,1,4,2,3,1,4,2,2,2,0,3,0,0,4,0,3,3,3,2,4,3,0,4,0,0,2,4,0,0,4,2,1,0,4,0,4,4,3,4,3,4,4,2,1,2,3,0,0,0,2,4,4,1,3,1,1,1,4,0,4,0,0,0,4,1,4,4,3,4,4,4,0,4,2,3,0,4,0,4,0,4,0,3,4,3,2,2,1,1,3,0,4,4,2,1,0,2,4,0,3,2,3,0,3,NA,4,0,4,4,4,0,1,1,4,0,4,0,0,4,0,1,4,3,1,1,0,1,0,3,1,0,0,2,4,3,3,3,1,4,1,3,2,4,1,2,4,4,0,4,1,1,3,3,0,3,0,0,2,3,0,0,0,4,0,3,2,3,2,4,0,4,1,1,4,3,4,0,0,3,2,3,2,4,0,4,2,0,3,1,2,4,4,4,4,4,4,3,4,4,3,2,3,0,3,4,3,3,0,0,2,4,4,0,3,1,1,4,3,2,4,4,1,4,3,3,2,3,0,2,2,3,4,3,0,4,4,4,0,2,3,4,0,3,4,0,1,3,3,2,1,3,3,4,0,1,4,2,0,0,4,1,3,4,1,4,3,1,0,1,3,0,0,1,3,1,0,3,4,1,0,0,4,2,4,3,3,0,0,3,1,4,0,4,4,4,0,4,4,0,4,0,4,3,4,4,0,0,0,4,4,0,4,4,3,4,3,4,3,4,4,0,2,0,4,0,0,0,3,0,0,0,0,0,3,3,0,1,0,0,4,4,0,3,3,4,0,0,0,2,0,4,4,3,1,1,0,0,4,1,0,0,0,0,4,3,3,1,3,0,0,4,4,0,3,4,2,1,3,3,3,0,4,0,1,3,2,4,0,4,2,3,0,4,3,3,0,4,4,3,3,3,4,1,4,4,2,1,0,1,4,4,4,1,1,3,2,0,1,0,4,1,0,2,2,2,0,2,3,1,4,3,4,4,4,3,0,2,4,0,0,3,1,4,3,2,4,3,4,3,3,1,2,2,3,3,0,0,0,2,1,4,4,0,0,4,4,3,0,1,0,0,2,4,4,0,1,0,0,2,0,4,3,4,0,0,2,4,4,1,4,3,4,1,4,4,1,1,4,0,0,2,4,2,4,3,0,4,1,2,0,3,1,4,1,0,0,0,3,0,0,3,4,1,4,3,4,4,4,4,0,0,3,0,4,1,2,2,4,3,4,3,3,2,1,4,0,0,1,0,2,4,1,3,4,3,4,3,0,3,3,2,1,3,0,1,3,4,4,4,4,4,3,4,0,4,4,4,4,1,3,2,3,4,0,0,0,3,4,0,2,4,1,0,2,2,3,3,3,3,3,0,1,3,0,0,4,3,4,4,4,4,3,4,2,1,1,4,4,2,0,0,0,4,4,3,1,1,3,3,0,0,3,2,4,0,0,2,0,4,4,4,4,4,0,0,4,0,4,0,3,1,4,4,3,4,2,0,4,4,1,4,3,4,4,4,3,1,0,3,3,4,3,0,0,4,4,2,3,0,2,4,4,0,0,4,1,2,4,3,2,2,2,2,0,4,4,0,2,2,3,2,1,4,0,0,3,1,0,0,1,4,0,1,4,2,4,0,1,1,0,3,1,0,4,4,0,1,4,2,2,4,0,0,4,4,0,0,1,0,1,4,0,4,3,4,0,0,2,1,4,2,1,2,2,3,3,1,3,1,1,2,3,3,2,4,3,3,1,3,1,1,2,3,3,2,3,1,1,3,2,3,4,3,4,0,4,1,4,3,4,4,2,3,1,2,4,1,1,0,3,3,4,3,1,4,4,2,0,1,4,3,4,4,3,0,3,4,2,4,4,1,3,4,0,3,4,2,4,3,1,2,4,0,1,4,0,4,4,0,4,4,0,2,4,4,0,1,2,2,0,3,4,4,4,2,4,4,4,4,4,4,0,1,4,3,1,2,3,1,3,3,1,2,0,3,1,0,0,0,3,2,4,2,4,0,3,2,0,4,4,2,2,3,2,4,2,4,4,3,4,0,4,3,2,3,2,2,4,4,2,1,3,2,4,3,0,0,1,1,3,0,3,4,2,2,4,4,0,0,4,0,0,3,4,4,1,3,4,0,3,1,0,2,0,3,1,1,3,1,1,3,0,0,0,0,4,4,0,4,2,0,0
15061488,4,0,0,4,0,4,2,4,3,0,0,0,0,0,4,2,3,3,0,4,4,2,4,0,0,4,3,1,0,0,0,4,0,0,4,2,4,3,0,4,2,2,2,4,2,4,4,1,3,0,0,4,0,4,3,4,2,4,4,0,4,1,1,3,4,0,0,4,4,0,1,4,0,2,4,4,4,3,4,3,1,1,0,4,0,0,0,4,2,4,0,4,0,0,0,4,0,4,0,0,0,4,1,4,4,4,4,4,4,1,2,0,4,0,4,0,4,1,4,0,4,4,4,0,3,2,1,3,0,4,4,3,2,0,1,4,0,2,4,4,0,4,3,4,0,4,4,4,0,1,1,4,0,4,0,0,4,0,4,4,4,3,0,1,0,0,3,0,0,0,3,3,4,4,4,0,0,0,4,4,4,0,3,2,4,0,4,2,1,2,3,0,4,0,0,2,0,0,0,0,4,0,4,4,4,4,4,2,4,0,0,4,4,4,0,0,0,1,4,3,2,0,4,1,2,3,2,2,3,4,1,3,4,4,2,2,4,3,4,1,0,4,4,4,4,0,0,1,4,4,0,4,0,0,4,4,3,3,4,0,3,4,4,1,4,0,0,4,4,4,4,0,4,4,4,0,4,2,4,0,4,1,0,1,4,4,3,0,2,2,4,0,0,4,1,0,0,2,2,0,4,2,4,3,0,1,4,4,0,0,3,3,0,0,4,4,0,0,0,4,1,4,4,4,0,3,3,2,4,0,4,4,4,0,3,3,2,4,0,4,4,4,4,0,0,0,4,4,0,4,4,4,4,3,4,4,4,4,0,0,0,4,0,1,0,3,0,0,0,0,0,2,3,1,1,1,1,3,4,0,4,0,4,0,0,0,0,0,4,4,4,0,1,0,0,4,2,0,0,1,0,3,4,3,2,4,0,0,4,4,0,3,3,0,1,3,4,3,0,4,0,0,3,1,4,0,4,3,3,0,4,3,4,1,4,4,4,3,2,4,0,4,4,2,1,0,2,4,4,4,0,0,3,1,1,0,0,4,2,1,1,1,1,0,1,4,1,4,3,4,4,3,2,0,4,4,2,2,4,1,4,4,0,4,4,4,3,4,2,2,2,4,3,2,0,0,3,1,4,4,1,3,2,4,4,0,2,0,0,4,4,4,0,0,0,0,4,0,4,4,4,1,1,3,4,2,2,4,2,4,1,3,4,1,2,4,1,1,4,4,1,4,3,0,4,2,0,2,2,1,4,2,0,0,0,4,0,0,4,4,0,4,2,4,4,4,4,0,0,4,0,4,2,1,1,4,3,3,1,2,3,1,2,1,0,0,0,1,4,1,4,4,4,4,4,0,4,4,1,0,3,0,2,4,4,4,3,4,4,4,4,0,4,4,4,4,0,3,1,2,4,0,0,0,1,4,0,3,4,0,0,0,3,4,4,4,4,4,0,0,4,0,1,4,3,4,4,4,4,2,4,2,0,1,4,3,2,0,0,0,3,4,3,2,3,4,2,0,0,4,3,3,0,0,4,0,4,4,4,4,4,0,0,4,0,4,0,4,1,3,4,4,4,3,1,3,4,0,4,4,4,2,4,4,0,2,4,4,4,2,0,1,4,3,4,1,0,4,3,2,2,2,4,0,1,3,2,1,0,3,3,0,4,4,0,4,4,3,3,3,4,0,0,4,1,1,0,2,4,0,2,4,2,4,0,2,1,0,2,2,1,4,1,0,3,4,4,3,2,1,0,4,4,0,0,2,0,0,4,0,4,4,4,0,0,2,4,3,3,0,1,2,3,3,2,3,2,1,2,1,3,2,4,4,4,0,4,1,0,4,4,4,2,4,0,0,4,4,1,4,3,4,0,4,2,3,3,4,4,0,4,0,3,2,0,2,0,1,3,3,3,0,4,4,3,0,0,4,1,3,3,2,1,3,4,2,4,4,2,2,3,0,4,4,1,3,3,0,2,3,0,0,4,0,4,4,0,4,4,0,3,3,4,1,1,3,4,0,3,4,4,4,2,4,4,4,4,4,2,0,3,4,3,0,0,4,0,4,4,2,3,0,4,3,0,0,1,4,3,4,4,2,0,4,2,0,4,4,3,2,2,3,4,2,2,4,4,4,0,4,4,1,4,2,1,3,3,1,2,2,1,2,2,1,1,2,1,4,0,3,4,4,4,3,3,2,0,4,1,0,4,3,4,0,4,4,0,4,0,0,2,0,2,0,0,4,0,0,4,0,0,1,0,4,4,1,4,2,0,0
15061721,4,2,0,4,0,4,4,4,4,0,0,4,3,0,3,3,2,3,0,3,1,0,4,0,1,4,4,0,1,0,0,4,1,0,3,0,4,4,0,4,3,1,3,4,2,4,4,2,3,0,0,4,0,3,4,4,3,4,4,0,4,1,1,2,4,0,0,4,3,1,1,4,0,3,4,4,0,0,4,4,3,1,0,4,0,0,1,4,2,4,0,4,0,0,0,3,0,4,0,1,0,4,0,4,4,4,4,4,4,0,3,1,3,0,4,1,4,3,4,0,4,4,3,1,1,0,0,3,0,3,4,3,2,0,1,4,0,3,3,4,0,4,3,2,0,4,4,4,0,0,0,4,0,4,0,0,4,0,4,4,4,0,0,3,0,0,2,0,0,0,3,4,4,4,3,0,0,0,4,4,4,1,3,2,4,0,4,1,0,2,4,0,4,1,0,3,0,0,0,0,4,0,4,1,3,3,4,2,4,0,0,4,4,4,0,0,1,2,4,2,1,0,4,3,1,4,1,2,0,4,1,4,4,4,1,0,4,3,3,4,0,4,4,4,2,0,2,2,4,4,0,3,0,0,4,4,3,3,3,1,3,4,1,3,1,0,1,4,3,4,4,0,4,4,4,0,4,2,4,0,4,3,0,1,3,3,3,0,2,3,4,0,0,3,1,0,0,2,2,1,4,1,4,2,0,0,3,4,0,0,0,4,0,0,4,4,1,0,0,4,1,4,4,4,0,2,2,0,2,0,4,4,4,1,2,3,0,4,0,4,3,2,4,1,0,0,4,4,0,4,4,4,4,4,4,4,3,4,0,1,0,4,0,1,0,2,0,2,0,0,0,0,4,0,3,0,0,4,4,0,3,2,3,0,0,0,1,0,3,4,NA,1,3,0,0,4,3,0,0,0,0,1,3,2,2,4,0,0,4,4,0,1,3,1,1,3,4,4,0,4,0,1,3,1,4,0,4,1,3,0,4,3,4,0,4,4,2,4,1,4,0,4,4,1,0,0,1,4,4,4,1,0,3,2,0,0,0,4,2,1,2,1,1,0,1,2,0,4,3,4,4,4,3,0,4,4,2,1,4,4,4,4,4,4,3,4,4,4,1,1,1,4,3,3,0,0,1,0,4,4,0,3,3,4,4,0,1,0,0,4,4,4,0,0,0,0,4,0,4,4,4,1,0,2,4,4,3,4,1,4,3,2,4,0,1,3,1,1,3,4,2,4,4,0,4,1,0,1,3,2,4,3,0,0,0,4,0,0,4,4,0,4,2,4,4,4,4,0,0,4,0,4,2,1,0,2,4,4,3,3,1,2,3,0,0,0,0,1,4,1,4,4,4,3,4,2,4,4,1,1,3,0,1,3,4,4,4,4,4,3,4,0,4,4,4,4,0,4,0,3,4,0,0,0,3,4,0,4,4,0,0,2,2,4,4,4,4,4,0,0,4,0,0,4,2,4,4,4,4,3,4,2,0,2,4,4,4,0,2,0,2,4,3,0,2,4,2,0,0,3,3,4,0,0,4,0,4,2,4,4,4,0,0,4,0,4,0,3,0,4,4,3,3,0,1,4,4,0,4,4,4,4,4,4,0,0,3,4,4,2,0,1,4,4,3,2,0,4,4,3,1,1,2,0,0,2,2,0,0,4,4,0,1,3,0,4,3,3,3,2,4,0,0,4,2,0,0,3,4,0,4,4,4,4,1,1,0,1,1,0,1,4,2,0,4,4,4,3,4,1,0,4,4,0,0,1,0,1,4,0,4,4,4,0,1,2,4,4,1,0,3,1,4,4,3,1,3,0,0,1,4,1,4,3,3,1,4,2,0,2,3,4,1,3,1,1,3,3,2,4,4,4,0,4,1,4,4,4,4,3,4,1,4,3,1,0,0,1,3,2,3,0,4,4,1,0,1,4,1,3,3,2,0,3,4,2,4,4,1,3,4,0,4,4,1,3,3,1,4,4,0,2,4,0,4,4,0,4,4,0,4,4,4,3,1,3,3,0,3,4,3,4,2,4,4,4,4,3,4,0,1,4,4,2,3,4,0,4,4,2,4,0,4,2,1,1,0,3,4,3,3,4,0,3,2,1,4,4,4,2,4,3,4,4,2,4,3,4,0,4,3,2,3,4,4,3,3,2,0,0,0,3,2,0,0,1,1,4,0,4,4,2,4,4,4,3,0,4,1,0,4,4,4,0,4,4,0,4,0,0,1,0,3,0,0,4,0,1,3,0,0,1,1,4,2,1,4,1,0,0
15061627,4,1,0,4,0,4,4,4,4,0,0,1,2,0,4,2,4,4,0,4,3,1,4,0,0,4,4,0,1,1,0,4,0,0,4,2,4,3,0,4,2,2,2,4,2,4,4,2,2,0,0,4,0,4,4,4,4,4,4,0,4,2,0,2,4,0,0,4,4,0,1,4,0,3,4,4,0,0,4,4,1,1,0,4,0,0,0,4,2,4,0,4,0,0,0,4,0,4,0,0,0,4,0,4,4,4,4,4,4,0,3,2,4,0,4,1,3,1,4,0,4,4,4,0,3,2,0,4,0,2,4,3,3,1,0,4,0,3,4,4,0,4,3,4,0,4,4,4,0,0,0,4,0,4,0,0,4,0,4,4,4,3,0,2,0,0,4,0,0,0,4,2,4,4,4,0,0,0,4,4,4,0,4,3,4,0,4,3,2,1,3,0,4,0,0,3,1,0,0,0,4,0,4,1,4,4,4,1,4,0,1,4,4,4,0,0,2,2,4,3,3,0,4,1,1,4,2,3,3,4,3,3,4,2,3,1,4,3,2,2,0,4,4,3,4,0,0,1,4,4,0,4,0,0,4,4,2,4,4,0,4,4,2,3,4,0,1,3,4,4,3,0,4,4,4,0,4,1,4,0,4,1,0,1,4,3,1,0,1,3,4,0,0,4,4,0,0,2,1,1,4,3,4,3,0,1,3,4,0,0,4,4,0,0,4,4,0,0,0,4,3,4,4,2,0,1,3,0,4,0,4,4,4,1,2,4,1,4,0,4,4,4,4,0,0,0,4,4,0,4,4,4,4,4,4,4,4,4,0,2,0,4,0,1,0,2,0,0,0,0,0,2,1,0,1,2,0,3,4,0,4,2,3,0,0,0,0,0,4,4,4,0,1,0,0,4,1,0,0,1,0,3,4,2,1,4,0,0,4,4,0,2,4,2,0,4,4,4,0,4,0,1,3,3,4,0,4,3,3,0,4,3,4,0,4,4,3,4,1,4,0,4,4,0,2,0,4,4,4,4,0,0,4,0,0,0,1,4,2,1,0,3,1,0,0,3,1,4,3,4,4,3,1,0,4,4,2,3,4,0,3,4,1,4,3,4,4,4,1,2,2,4,3,2,0,0,3,1,4,4,0,1,4,4,4,0,0,0,0,4,4,4,0,0,0,0,3,0,4,4,4,0,0,3,4,3,3,4,1,4,2,2,4,2,2,4,0,1,3,4,0,4,3,0,2,3,0,2,3,1,4,1,0,0,0,4,0,0,4,4,0,4,2,4,4,4,4,0,1,4,0,4,1,3,3,2,4,3,0,2,3,1,2,1,0,0,0,3,4,1,4,4,4,3,4,0,4,4,3,0,3,0,2,4,3,4,4,4,4,4,4,0,4,4,4,4,0,3,0,4,4,0,0,0,2,4,0,2,4,0,0,0,4,4,4,4,4,4,0,0,4,0,0,2,3,4,4,4,4,0,3,3,0,0,4,3,2,0,0,0,4,4,3,1,4,4,2,0,0,3,3,4,0,0,4,0,4,3,4,4,4,0,0,4,0,4,0,4,2,4,4,4,4,1,1,3,4,0,4,4,4,1,3,4,1,1,3,3,4,2,0,0,4,3,4,2,0,4,3,3,1,1,4,0,1,4,3,1,0,4,4,0,4,3,0,4,2,3,4,4,4,0,0,4,1,1,0,1,4,0,1,4,1,4,0,2,0,0,1,1,0,4,2,0,4,4,4,2,3,0,0,4,4,0,0,2,0,0,4,0,3,4,4,0,1,1,4,1,3,0,1,3,2,2,1,4,2,0,2,1,3,1,4,3,4,0,4,0,0,4,4,4,1,4,0,0,4,4,2,4,4,4,0,4,3,3,4,4,4,0,4,1,4,2,0,2,0,1,4,3,2,0,4,4,4,0,2,4,3,3,4,2,1,4,4,3,4,4,2,2,3,0,4,4,1,3,2,0,3,3,0,1,4,0,4,4,0,4,4,0,4,4,4,1,2,2,4,0,3,4,4,4,3,4,4,4,4,4,2,0,4,4,4,0,2,4,0,3,4,1,2,0,4,1,0,0,1,4,3,4,4,2,0,4,3,1,4,4,4,2,1,3,4,4,0,4,3,4,0,4,2,2,4,2,1,3,3,2,2,2,1,2,3,1,1,2,3,4,0,3,4,4,4,2,3,3,0,4,0,0,4,3,4,0,4,4,0,4,0,1,2,1,3,0,0,4,0,0,4,0,0,1,1,4,4,1,4,2,0,0
15062335,4,0,0,4,0,4,3,4,4,0,0,3,2,0,4,0,4,4,0,4,3,1,4,0,0,4,4,0,0,1,0,4,0,0,3,0,4,4,0,4,3,1,3,4,3,4,4,0,3,0,0,4,0,4,4,4,3,4,4,0,4,0,0,4,4,0,0,4,4,0,1,4,0,4,4,4,3,3,4,3,1,0,0,2,0,0,0,4,3,4,0,4,0,0,0,4,0,4,0,1,0,4,0,4,4,4,3,3,4,0,3,1,4,1,4,2,4,1,4,0,4,4,4,0,4,4,1,3,0,4,4,0,1,0,4,4,0,4,3,4,0,4,4,4,0,4,4,4,0,1,0,4,0,4,0,0,4,0,4,4,4,2,0,2,0,0,2,0,0,0,2,3,4,4,4,2,2,1,3,4,4,0,4,3,4,0,4,2,1,0,4,0,4,1,0,2,1,0,0,0,4,0,2,0,4,4,4,2,4,0,1,4,3,4,0,0,0,3,4,2,1,0,4,2,2,4,2,3,4,3,3,3,3,3,3,3,4,3,4,2,1,4,4,4,3,0,1,0,4,4,0,3,0,0,4,3,4,3,4,0,2,4,3,3,3,0,0,3,4,4,4,0,4,4,4,1,4,2,4,0,4,2,0,0,4,3,0,0,2,3,4,0,0,4,2,0,0,2,2,1,4,2,4,3,1,2,4,4,0,0,3,4,0,0,4,4,1,0,0,4,2,4,4,4,0,2,NA,0,4,0,4,4,4,1,3,1,2,4,0,4,4,3,4,0,0,0,4,4,0,4,4,4,4,3,4,4,4,4,0,1,0,4,0,2,0,2,2,1,2,0,0,1,4,0,3,1,0,4,4,0,4,3,4,0,0,0,0,0,4,4,4,1,4,0,0,4,1,0,0,1,0,3,4,3,2,4,0,0,4,4,1,3,3,0,1,3,4,2,0,4,0,1,2,1,4,0,4,4,3,0,4,4,4,0,4,2,4,4,1,4,0,4,4,3,0,0,1,4,4,4,0,0,4,0,0,0,1,4,1,1,1,1,1,0,2,3,0,4,2,4,4,4,3,0,4,4,2,2,4,0,4,4,3,4,4,4,3,4,2,1,1,4,2,1,0,0,4,2,4,4,0,1,4,4,4,0,0,0,0,4,4,4,0,0,1,0,3,0,4,4,4,1,0,4,4,3,3,4,2,4,3,2,4,1,3,4,1,2,4,4,1,4,4,0,3,2,0,1,3,0,4,1,0,1,0,4,0,0,4,4,0,4,1,4,4,4,4,0,0,4,1,4,2,0,0,4,2,4,1,2,4,0,3,0,0,0,0,2,4,0,4,4,4,3,4,1,4,3,3,1,2,0,3,3,4,4,4,4,4,4,4,0,4,4,4,4,0,3,1,3,4,0,0,0,3,4,0,3,4,0,0,2,3,4,4,4,4,4,0,0,4,0,0,3,1,4,4,4,4,0,4,4,0,3,4,3,2,0,0,0,4,4,3,0,3,4,4,0,0,4,2,3,0,0,3,0,4,4,4,4,4,0,0,4,0,4,0,4,1,4,4,4,3,4,1,4,4,0,4,4,4,3,4,4,0,0,1,2,3,0,1,3,3,4,4,2,0,4,4,2,2,1,4,1,0,4,3,1,0,3,3,0,3,2,0,4,3,4,3,2,3,1,0,4,0,0,0,1,4,0,1,4,1,4,0,1,1,0,1,1,0,4,3,0,3,4,3,3,4,2,0,4,4,1,0,1,0,1,4,0,4,3,4,0,0,0,3,2,1,0,3,0,4,4,1,4,1,1,2,0,4,1,4,3,4,0,4,2,0,3,4,4,1,4,0,1,3,4,1,4,4,4,0,4,2,3,4,4,4,1,4,0,4,2,0,2,0,1,3,3,3,0,4,4,3,0,2,4,3,2,1,1,1,4,4,2,4,4,4,0,1,0,4,4,1,2,4,0,1,2,0,0,3,0,4,4,0,4,4,0,4,4,4,1,2,3,4,0,4,4,4,4,2,4,4,4,4,2,4,0,3,4,4,0,1,4,0,2,4,1,2,0,4,2,0,0,0,4,4,4,4,2,0,3,3,1,4,4,3,2,0,2,4,3,1,4,3,4,0,4,4,1,4,2,2,4,4,1,2,2,1,1,3,0,0,3,3,4,0,3,4,4,4,3,3,2,0,4,0,0,4,4,4,0,4,4,0,4,0,0,0,0,3,0,0,4,0,0,4,0,0,1,0,4,3,1,4,2,0,0
15061565,2,2,2,3,1,4,2,4,2,0,0,3,3,0,2,2,3,4,0,3,2,1,4,1,1,3,4,0,1,1,1,3,2,2,1,1,4,4,0,4,3,4,0,4,3,3,3,0,3,0,0,4,0,4,3,3,4,4,3,0,4,0,1,4,3,1,0,3,4,0,0,4,0,4,4,4,3,2,4,3,3,2,2,3,0,0,0,2,4,4,2,2,2,2,2,4,0,4,0,1,0,4,1,4,4,4,4,4,4,0,3,1,3,0,4,2,4,1,4,0,4,4,3,2,4,2,0,2,1,3,4,3,1,0,1,4,0,2,3,3,0,4,3,4,0,3,3,4,0,1,1,4,0,4,0,1,4,1,3,4,4,0,0,2,0,0,1,1,0,0,3,3,4,3,4,1,1,1,3,2,4,1,4,4,4,0,4,1,2,2,3,0,3,0,0,3,2,0,0,0,4,0,2,2,3,2,4,1,4,0,1,4,3,4,0,0,3,3,4,2,3,0,3,1,1,3,2,2,4,4,2,3,4,4,2,2,4,3,2,2,1,3,4,3,2,0,1,2,4,4,0,3,1,1,4,3,3,4,4,0,4,3,4,1,4,0,1,3,2,4,3,0,4,4,4,0,3,2,4,0,4,1,0,1,3,3,1,0,3,3,4,0,1,4,2,0,0,2,0,1,4,0,4,3,1,0,2,4,0,0,0,3,1,0,1,3,3,1,1,4,1,4,3,2,0,1,3,0,3,0,4,4,4,1,3,4,1,4,0,4,3,4,4,0,0,0,4,4,0,4,4,3,4,3,3,4,4,4,0,2,0,4,1,0,0,2,0,0,0,0,0,2,3,0,1,0,0,3,4,0,2,3,3,0,0,0,0,1,4,4,4,1,1,0,0,3,2,0,0,0,0,3,4,0,0,3,0,0,4,4,0,2,3,0,1,3,3,3,0,4,0,1,3,2,4,0,4,3,3,0,4,3,3,0,4,4,2,3,2,4,3,4,4,1,1,0,2,3,3,4,0,0,3,2,1,0,0,4,1,0,1,1,2,0,2,3,1,4,4,4,4,3,2,0,NA,4,0,2,3,1,4,4,3,4,3,4,2,3,2,2,2,4,3,2,0,0,1,0,4,4,1,1,3,4,4,0,1,0,0,2,4,4,0,1,0,0,2,0,4,3,4,0,0,4,2,3,2,4,2,4,4,4,3,3,3,3,0,0,3,4,0,4,4,0,4,1,1,1,3,0,4,2,0,0,0,3,0,0,3,4,0,4,2,4,3,3,4,0,0,3,0,4,1,2,1,2,4,3,2,3,3,2,2,1,0,0,0,0,4,1,4,4,3,4,3,0,4,4,3,2,3,0,1,2,4,4,3,3,4,4,4,0,4,4,4,4,1,4,1,3,4,0,0,0,3,4,0,3,4,1,0,2,1,3,3,3,3,3,0,1,3,0,0,3,4,4,4,4,4,1,4,4,0,0,4,3,1,1,0,0,3,4,2,3,1,2,2,0,0,3,4,4,0,0,3,0,4,4,4,4,4,0,0,4,0,4,0,3,1,4,4,3,4,1,1,3,4,1,4,3,4,1,4,4,0,0,3,2,4,3,0,0,4,4,2,2,1,3,4,3,0,0,4,1,2,4,2,2,0,4,3,1,3,3,1,3,4,3,2,2,4,0,0,3,1,0,1,0,3,1,0,3,3,3,1,3,2,1,0,0,1,4,3,0,2,4,3,3,3,1,1,3,3,0,0,0,0,1,4,0,4,1,3,1,1,1,3,3,2,0,2,1,4,4,0,4,1,0,3,2,2,0,4,3,3,0,3,1,1,2,4,3,0,4,0,2,3,3,2,3,4,4,0,4,1,2,3,4,4,1,3,1,2,3,1,1,0,3,4,3,2,1,4,4,3,0,2,4,3,3,4,3,0,4,4,2,4,4,0,2,4,0,4,4,1,2,2,1,3,3,0,2,4,0,4,4,0,4,4,0,2,4,4,2,0,3,4,0,4,4,4,4,1,4,4,4,4,4,4,0,1,4,2,1,2,3,1,2,3,1,3,0,4,2,0,0,1,3,1,4,4,2,0,3,2,0,4,4,1,1,2,4,4,1,3,4,3,4,0,4,3,1,3,3,3,4,4,1,1,2,2,4,3,1,1,1,1,4,1,4,3,3,3,3,3,0,1,4,1,0,3,4,3,1,3,4,0,3,1,0,1,0,2,0,0,3,1,1,3,0,0,0,0,4,4,0,4,1,0,0
15060138,4,1,0,4,0,4,4,4,3,0,0,2,1,0,4,1,4,4,0,4,3,0,4,0,1,4,4,0,1,1,0,4,0,0,4,1,4,4,0,4,2,0,4,4,2,4,4,2,3,0,0,4,0,4,3,4,2,4,4,0,4,2,0,2,4,0,0,4,4,2,0,4,0,2,4,4,3,3,4,4,1,1,0,3,0,0,0,4,NA,4,0,4,0,0,0,4,0,4,0,0,0,4,0,4,4,4,4,4,4,0,1,0,3,1,4,1,3,3,4,0,4,4,4,0,2,2,0,2,0,4,4,2,3,0,2,4,0,3,4,4,0,4,3,4,0,4,4,4,0,0,0,4,0,4,0,0,4,0,4,4,3,4,0,2,0,0,4,0,0,0,4,3,4,4,4,0,0,0,4,4,4,0,2,3,4,0,4,1,1,2,3,0,4,2,0,1,1,0,0,0,4,0,4,2,4,4,4,0,4,1,0,4,4,4,0,0,1,2,4,3,3,0,4,1,3,4,1,3,1,3,0,3,3,3,2,0,4,3,3,4,0,4,4,3,4,0,0,1,4,4,0,4,0,0,4,3,3,4,4,0,4,4,2,3,2,1,0,4,4,4,2,0,4,4,4,0,4,2,4,0,4,0,0,0,4,3,1,0,3,4,4,0,0,3,3,0,0,3,2,1,4,2,4,3,0,2,4,4,0,0,3,4,0,0,4,4,0,0,0,4,2,4,4,4,0,1,3,0,4,0,4,4,4,0,3,2,1,4,0,3,4,3,4,0,0,0,4,4,0,3,4,4,4,3,4,4,4,4,0,1,0,4,0,0,0,3,0,0,0,0,0,3,4,0,1,1,0,3,4,0,4,1,4,0,0,0,0,0,3,4,4,1,2,0,0,4,1,0,0,1,0,4,4,2,2,4,0,0,4,4,0,1,2,0,2,2,4,4,0,4,0,0,3,3,4,0,4,3,1,0,4,3,4,0,4,4,2,3,3,4,0,4,4,3,0,0,1,4,4,4,0,0,4,2,0,0,NA,4,1,0,2,2,1,0,1,3,1,4,3,4,4,3,1,0,4,4,1,2,4,1,NA,4,1,4,4,4,3,4,1,1,1,4,2,3,0,0,2,0,4,4,0,2,3,4,4,0,3,0,0,4,4,4,0,0,1,0,2,0,4,4,4,0,0,2,4,2,2,4,0,4,3,3,4,1,2,4,2,1,4,4,2,4,4,0,4,1,0,2,3,1,4,3,0,3,0,4,0,0,4,4,0,4,2,4,4,4,4,0,1,4,0,4,1,2,0,3,3,3,2,2,2,0,4,0,0,0,0,2,4,3,3,4,4,4,4,0,4,4,2,0,3,0,2,4,4,4,4,4,4,4,4,0,4,4,4,4,0,3,0,4,4,0,0,0,1,4,0,4,4,0,0,0,3,4,4,4,4,4,1,0,4,0,0,3,3,4,4,4,4,2,3,1,0,1,4,3,0,0,0,0,2,4,3,2,3,4,1,0,0,3,2,4,0,0,4,0,4,2,4,4,4,0,0,4,0,4,0,4,2,4,4,4,4,4,1,3,4,0,4,4,4,3,4,4,0,0,2,2,4,1,0,2,4,4,4,2,0,3,4,3,1,1,3,0,2,3,3,0,0,4,4,0,4,3,0,4,4,3,2,2,3,1,0,4,2,1,0,1,4,0,1,2,3,4,0,2,0,0,1,0,1,4,3,0,3,4,4,3,3,0,0,4,4,1,0,1,0,0,4,0,3,4,4,0,0,2,4,1,2,0,2,2,2,2,2,3,1,0,0,1,4,2,4,3,4,1,4,3,0,3,4,4,0,4,0,2,3,4,4,4,4,4,0,4,2,3,4,4,4,1,4,1,4,2,1,2,0,1,4,3,2,0,4,4,4,0,0,4,2,3,3,2,0,4,4,0,4,4,2,2,3,0,4,4,2,3,2,1,3,3,0,0,3,0,4,4,0,4,4,0,4,4,4,1,3,2,4,0,3,4,4,4,4,4,4,4,4,4,4,0,2,4,4,1,2,4,0,3,4,1,3,0,4,3,0,0,1,4,1,4,4,3,0,3,4,1,4,4,3,2,2,3,4,3,1,4,2,4,0,4,3,1,4,2,2,4,4,1,2,2,2,2,2,0,0,2,2,4,0,4,4,3,4,4,4,4,0,4,0,0,4,4,3,0,4,4,0,4,0,1,2,1,4,0,0,4,0,0,4,0,0,1,0,4,4,1,4,2,0,0
15061766,3,2,0,4,0,4,3,4,4,0,1,2,0,0,2,3,4,4,0,4,2,2,4,0,1,4,4,0,0,0,0,4,0,0,3,1,4,3,0,4,3,3,1,4,2,4,4,2,2,0,0,4,0,3,2,4,3,4,4,0,4,1,0,3,4,0,0,4,4,0,NA,4,0,3,4,4,2,1,4,2,1,1,0,4,1,0,0,4,3,4,0,4,0,0,0,4,0,4,0,0,0,4,1,4,4,3,4,4,4,0,3,2,4,2,4,1,4,2,4,0,4,4,4,0,3,1,0,3,0,2,4,3,2,0,1,4,0,3,4,4,0,4,4,4,0,4,4,4,0,0,0,3,0,4,0,0,4,0,4,4,4,3,0,3,0,0,3,0,0,0,4,2,3,4,4,0,0,0,4,4,4,0,3,4,4,0,4,1,0,0,4,0,4,2,0,4,2,0,0,0,4,0,3,1,4,4,3,1,4,1,1,4,4,4,1,1,3,2,4,2,3,1,3,2,0,4,1,4,4,4,3,2,4,1,3,1,4,3,4,1,0,4,4,2,3,0,0,2,4,4,0,4,0,0,4,4,2,4,4,0,4,4,4,1,4,1,1,2,4,4,4,0,4,4,4,0,4,0,4,0,4,2,0,1,4,3,0,0,0,3,4,0,0,4,2,0,0,3,0,2,4,3,4,2,1,0,3,3,0,0,2,3,1,0,4,4,1,0,0,4,4,4,4,4,0,1,4,0,4,0,4,4,4,0,3,2,1,4,0,4,4,3,4,0,0,0,4,4,0,4,4,4,4,3,4,4,4,4,0,4,0,4,0,1,0,4,0,0,0,0,0,2,3,0,1,2,0,4,4,0,4,1,3,0,0,1,0,0,4,4,4,1,0,0,0,4,2,0,0,NA,0,3,4,1,1,4,0,0,4,4,0,1,4,1,0,4,3,4,0,3,0,2,2,2,4,0,3,3,3,0,4,3,4,0,4,1,4,3,1,4,0,4,4,1,0,0,2,4,4,4,0,0,3,0,0,0,0,4,0,1,1,3,0,0,1,4,1,4,4,4,2,4,2,0,4,4,2,3,4,0,3,4,4,4,4,4,4,4,3,1,1,4,2,3,0,0,1,0,3,3,2,0,4,4,3,0,0,0,0,4,4,4,0,0,2,0,3,0,4,4,4,0,0,3,4,3,2,4,2,4,3,2,4,1,2,4,2,2,4,4,1,4,1,2,3,2,0,2,1,0,4,1,0,1,1,4,0,0,4,3,0,4,0,4,4,4,4,1,1,4,2,4,1,2,2,3,3,4,1,0,3,0,2,0,0,1,0,1,4,1,4,3,3,2,4,0,4,4,3,0,2,0,3,2,4,4,4,4,4,4,4,1,3,3,4,3,1,4,1,3,4,0,0,0,1,2,0,3,4,0,0,0,4,4,4,4,4,4,0,0,4,0,0,3,1,3,4,4,4,2,4,2,0,1,4,1,1,0,0,0,4,4,2,1,1,4,3,0,0,4,3,4,0,0,4,0,4,3,4,4,4,0,0,4,0,4,0,4,0,4,4,4,4,4,0,4,4,0,4,4,4,1,3,4,1,0,3,3,3,1,1,2,3,4,4,3,0,4,4,4,0,0,3,0,0,2,4,3,0,3,3,0,4,4,0,3,3,4,3,3,2,2,0,4,2,0,0,1,4,0,1,4,2,4,0,2,1,0,1,0,0,4,2,0,4,4,2,2,4,0,0,4,4,2,0,2,0,0,4,0,3,4,4,0,0,1,1,2,3,0,1,3,3,3,2,2,2,0,2,2,3,2,4,3,4,1,4,0,0,4,4,4,0,4,0,0,4,4,3,4,4,4,0,4,2,2,4,4,4,0,4,0,4,1,0,2,0,2,1,2,3,1,4,3,4,0,2,4,3,2,4,1,0,3,4,2,4,4,2,1,2,0,4,4,0,3,2,0,2,4,0,0,NA,0,4,4,0,4,4,0,4,4,4,0,0,2,4,0,1,4,3,4,3,4,4,4,4,4,4,0,1,4,4,2,3,4,0,4,4,0,2,0,3,1,0,0,0,3,3,3,4,2,0,4,3,0,4,4,2,2,1,2,4,3,1,3,3,4,0,4,3,2,4,4,4,4,4,2,0,0,0,2,3,0,0,2,2,4,0,3,4,4,4,2,4,3,0,4,0,0,4,3,4,0,4,4,0,4,0,1,3,1,1,0,0,3,0,0,4,0,0,1,0,4,4,1,4,1,0,0
15060090,4,3,1,3,1,3,3,2,4,1,1,2,1,0,3,1,4,4,0,4,1,2,4,0,0,4,3,1,0,1,1,4,0,0,3,1,4,3,0,4,4,1,3,4,2,3,3,0,2,0,0,4,0,1,3,4,2,4,NA,0,4,1,1,3,4,0,0,4,4,3,0,4,0,4,4,3,4,3,4,4,3,0,1,2,1,0,0,3,4,4,1,3,1,1,1,4,0,4,0,0,0,4,3,3,4,3,4,4,4,0,3,0,4,0,4,2,3,3,4,1,3,4,3,2,3,2,2,2,1,2,3,2,0,0,2,3,0,3,3,3,0,4,4,4,0,4,4,4,0,0,0,3,0,4,0,0,4,1,3,4,3,3,0,2,0,0,3,1,0,0,2,4,0,4,2,1,0,0,4,4,4,1,3,4,4,1,3,1,1,1,4,0,3,0,0,1,3,0,0,0,4,0,4,2,3,2,3,1,4,1,1,4,3,4,2,1,3,2,3,3,3,2,4,2,1,3,1,2,2,3,4,3,3,3,3,2,4,2,2,2,1,3,4,3,2,0,0,3,4,4,0,4,0,0,4,3,2,3,4,0,4,4,2,4,3,0,0,3,3,4,4,0,4,4,3,0,3,1,4,0,3,3,2,1,2,2,2,0,2,3,4,0,1,4,4,0,0,3,0,1,4,1,4,4,0,0,3,4,0,0,2,3,1,2,4,4,1,0,0,4,1,4,3,3,1,1,3,0,4,1,3,3,3,1,2,3,1,4,0,3,4,4,4,0,0,1,3,4,0,4,4,3,4,4,4,4,3,4,0,2,0,4,0,1,0,4,0,0,0,0,0,4,4,0,2,2,1,3,4,0,4,3,4,0,0,1,1,0,4,4,4,2,2,0,0,4,2,0,1,2,0,3,4,3,3,4,1,1,3,4,2,3,4,2,0,4,3,4,0,3,0,1,2,0,3,1,3,2,2,0,4,3,4,0,3,3,2,2,2,4,1,4,4,3,1,1,1,4,4,4,0,0,3,1,0,0,0,4,1,0,1,1,2,0,1,2,1,4,2,3,1,4,2,0,3,4,0,2,3,1,4,4,3,4,4,4,4,4,2,1,1,4,3,1,0,1,2,0,4,4,1,1,4,4,4,0,0,1,0,2,4,4,0,1,0,0,3,0,4,4,4,2,0,4,4,2,4,3,3,4,1,4,4,0,2,4,0,2,4,3,1,4,1,0,2,2,1,1,4,0,4,1,0,1,1,4,0,0,4,3,1,4,2,4,4,3,3,1,1,4,0,4,0,3,3,3,3,4,0,2,3,1,3,1,0,0,0,1,4,2,2,3,3,2,3,0,4,4,3,0,2,1,1,0,4,4,4,4,4,4,4,1,3,3,4,3,1,2,0,4,4,0,0,0,1,4,0,2,4,1,0,1,3,3,3,3,3,4,0,1,3,1,0,4,3,4,4,4,4,2,3,1,0,1,4,3,1,0,0,0,4,4,2,1,2,3,1,1,2,3,3,3,1,0,4,0,4,3,3,4,3,0,0,4,0,4,0,4,2,4,4,4,4,1,0,4,4,1,4,4,4,3,4,4,0,0,2,2,4,4,0,1,4,4,3,2,0,3,4,3,1,0,3,0,0,2,3,0,0,4,4,0,4,4,0,4,2,2,1,3,4,0,1,3,1,0,0,3,4,0,4,4,4,4,1,1,0,1,3,2,1,4,4,0,4,3,4,3,4,1,1,4,4,0,0,1,0,1,4,1,3,3,3,1,0,2,4,3,2,0,2,2,3,3,1,3,1,0,3,0,3,3,3,2,3,0,4,0,0,4,4,4,2,4,0,0,4,3,3,4,2,4,0,4,2,3,3,4,4,1,4,2,3,4,1,2,0,2,3,4,4,1,4,3,4,0,1,4,3,2,4,3,1,2,4,3,4,4,1,2,4,0,4,4,1,2,4,0,4,4,0,3,4,0,4,4,0,4,4,0,4,4,4,0,2,1,3,1,3,3,3,3,1,3,4,3,4,3,3,0,1,4,4,1,2,4,0,4,4,1,2,0,4,1,0,0,0,2,3,4,3,3,0,4,3,0,4,4,2,2,2,3,4,4,2,3,2,4,0,4,4,3,4,3,3,4,4,4,0,1,0,4,2,0,0,2,2,4,0,3,4,2,1,4,4,2,0,3,0,0,3,4,4,1,3,4,0,3,1,2,2,2,1,1,1,3,3,1,3,0,0,1,0,4,3,2,4,4,0,0
15061631,4,2,1,3,1,3,3,4,4,0,0,3,1,0,2,4,3,3,0,4,2,0,4,0,0,3,4,0,1,2,0,4,0,0,2,0,4,4,0,4,2,2,2,4,2,3,3,0,1,0,0,4,0,3,4,4,3,4,4,0,4,1,1,3,4,0,0,4,3,0,0,4,0,4,3,1,3,3,4,4,1,1,0,2,0,0,0,4,3,4,0,4,0,0,0,4,0,4,0,1,0,4,1,4,4,4,3,3,4,0,2,0,3,1,4,2,3,0,4,0,4,4,4,1,4,2,1,4,1,2,4,2,2,1,1,4,0,1,3,4,0,3,2,4,0,4,4,4,0,0,0,4,0,4,0,0,4,0,3,4,4,1,0,1,0,0,1,0,0,0,4,3,3,4,4,0,0,0,4,3,4,0,3,4,4,0,4,1,1,1,3,0,4,1,0,1,1,0,0,0,4,0,4,1,4,3,4,0,4,0,1,4,4,4,0,0,2,3,3,4,3,0,4,1,2,4,2,1,4,4,2,4,4,4,4,2,4,2,2,2,0,4,4,4,4,0,0,3,4,4,0,4,0,0,4,4,3,4,4,0,4,4,2,3,2,0,0,3,3,4,3,0,4,4,4,0,4,2,4,1,4,1,0,1,4,4,1,0,1,3,4,0,0,3,3,0,0,3,3,1,4,2,4,4,0,2,3,4,0,0,1,2,1,0,4,4,1,0,0,4,2,4,4,3,0,3,3,0,3,0,4,4,4,0,3,2,0,4,0,4,2,3,4,0,0,0,4,4,0,4,4,4,4,3,4,3,4,4,0,0,0,4,2,0,0,3,0,0,0,0,0,1,4,1,0,0,0,4,4,0,3,2,4,0,0,0,0,0,4,4,4,0,1,0,0,3,4,0,0,0,0,4,4,1,1,4,0,0,4,4,0,2,2,2,2,2,4,4,0,4,0,0,4,1,4,0,4,4,2,0,4,3,4,0,4,4,3,4,2,4,0,4,4,2,0,0,2,4,4,4,0,0,4,1,1,1,0,4,0,1,0,3,1,0,1,4,0,4,4,4,4,3,1,0,4,4,3,1,4,1,4,4,2,4,3,4,2,4,2,3,3,4,3,1,0,0,3,1,4,4,0,2,3,4,4,0,0,0,0,4,3,4,0,0,0,0,3,0,4,4,4,1,0,4,4,1,4,4,3,4,2,2,4,1,2,4,0,1,2,4,2,4,3,0,3,0,1,1,2,0,4,3,0,1,0,3,0,0,4,4,0,4,4,4,4,4,4,0,0,4,1,3,0,2,2,3,3,3,2,3,4,1,4,0,0,0,0,0,4,1,3,4,4,4,3,0,4,4,4,1,4,0,3,4,2,4,3,4,4,4,4,0,4,4,4,4,0,3,1,3,4,0,0,0,3,4,0,3,4,0,0,1,4,4,4,4,4,4,0,0,4,0,0,3,1,4,4,4,4,1,3,2,0,3,4,1,1,0,0,0,4,4,3,3,1,4,4,0,0,3,4,3,0,0,4,0,4,4,4,4,4,0,0,4,0,4,0,4,1,4,4,4,4,2,1,3,4,0,4,4,4,2,3,4,0,0,3,4,4,3,0,2,4,4,4,2,0,3,4,4,0,0,4,0,2,4,2,1,0,3,3,0,4,4,0,4,2,2,3,3,3,1,0,4,0,0,0,0,4,0,0,4,2,4,0,4,2,0,0,0,2,4,4,0,3,4,4,3,3,1,0,4,4,0,0,0,0,1,4,0,4,3,4,0,3,2,4,2,2,0,2,1,4,4,3,1,1,0,2,1,4,0,4,4,3,2,4,1,0,1,2,4,2,2,2,1,4,4,1,4,2,4,0,4,2,3,3,4,4,1,4,1,3,3,0,1,0,2,3,3,3,0,4,4,1,0,2,4,4,4,3,1,1,3,4,2,4,4,2,2,2,0,4,4,1,3,4,1,2,4,0,1,4,0,4,4,0,4,4,0,4,4,4,0,0,2,4,0,2,4,4,4,2,4,4,4,4,4,4,0,0,4,3,0,1,4,0,2,4,0,1,0,4,3,0,0,1,4,0,3,4,3,0,4,2,0,4,4,2,2,2,3,4,2,3,4,3,4,0,4,3,2,4,2,2,4,4,2,2,2,2,2,2,1,1,1,2,4,0,3,4,3,4,3,3,1,1,4,1,0,4,4,3,0,4,4,0,4,0,1,2,1,2,0,0,4,1,1,3,0,0,1,0,4,4,1,4,2,0,0
15062080,3,1,0,4,0,4,2,NA,4,0,0,1,1,0,4,1,4,NA,0,4,3,3,4,0,1,4,NA,NA,0,0,1,4,1,0,3,2,4,3,1,NA,2,3,1,4,3,4,4,0,3,0,0,4,0,NA,NA,4,3,4,4,0,4,1,0,3,4,0,0,4,4,1,0,4,0,3,4,4,3,2,4,NA,1,1,1,3,0,0,1,3,3,3,0,4,0,0,0,4,0,4,0,0,0,4,1,4,4,4,4,4,NA,NA,3,NA,3,0,4,1,4,0,4,0,4,4,4,0,3,3,0,2,0,3,4,1,1,0,2,4,0,3,3,4,0,3,3,4,0,4,4,4,0,0,0,4,0,4,0,0,4,0,4,4,4,3,NA,2,0,0,3,0,0,0,3,3,3,4,4,1,0,0,4,3,4,0,4,3,4,0,4,2,1,3,2,0,4,0,0,2,0,1,0,0,3,0,NA,3,4,4,4,1,4,0,1,4,4,4,1,0,1,2,4,4,3,1,4,1,1,3,1,2,3,4,2,3,NA,3,1,1,4,2,3,2,NA,4,4,4,3,0,0,2,4,4,1,4,0,0,4,4,3,3,3,0,3,3,2,2,3,0,0,NA,4,4,4,0,4,4,4,0,4,2,4,0,4,2,0,2,4,4,2,0,3,3,4,0,0,4,2,0,0,2,2,0,4,3,4,2,0,NA,3,4,0,0,3,3,0,0,4,4,0,0,0,4,2,4,4,3,0,2,3,1,4,0,4,4,4,0,3,3,1,4,0,3,2,3,4,0,0,0,4,4,0,4,4,4,4,4,NA,4,4,4,0,0,0,NA,0,0,0,2,0,0,0,0,0,3,3,0,2,1,1,3,4,0,4,1,2,0,0,1,0,0,4,4,NA,1,1,0,0,4,2,0,0,1,0,3,4,1,1,4,0,0,4,4,0,3,2,0,2,2,4,4,NA,4,0,1,3,1,4,0,4,3,2,0,3,3,4,0,4,4,4,NA,1,4,0,4,4,2,2,NA,3,NA,3,4,0,0,4,2,1,0,0,4,1,0,1,1,1,0,1,4,0,4,3,4,4,3,2,0,4,4,1,1,4,2,4,3,0,4,4,4,3,4,2,3,3,3,2,2,0,0,2,2,4,4,0,1,3,4,4,0,1,0,0,4,4,4,0,0,0,0,3,0,4,4,4,1,NA,3,4,2,3,4,2,4,2,3,4,NA,1,4,1,1,3,4,NA,4,3,0,4,2,0,3,3,1,4,1,0,0,0,3,0,0,4,4,0,4,2,4,4,4,4,0,0,4,0,NA,1,1,1,4,3,3,2,1,4,0,3,1,0,1,0,1,4,1,4,4,4,3,4,0,4,4,3,0,3,0,2,3,4,4,2,4,4,4,4,0,4,4,4,4,0,3,1,3,4,0,0,0,2,4,0,2,4,0,0,1,3,4,3,4,4,4,0,1,4,0,1,4,4,4,4,4,4,2,4,2,0,0,4,2,1,0,0,0,4,4,3,1,3,4,2,0,0,3,3,4,0,0,4,0,4,4,4,4,4,0,0,NA,0,4,0,4,2,4,4,4,NA,3,0,3,4,0,4,4,4,3,4,4,0,1,3,4,3,1,0,2,3,NA,4,2,0,4,3,2,1,1,4,0,1,3,3,0,NA,3,3,0,4,4,0,4,4,3,2,2,4,0,0,4,1,NA,0,3,4,0,3,4,3,4,0,1,0,0,3,3,0,4,2,0,3,4,4,3,3,1,1,4,4,0,0,1,0,0,4,0,4,4,4,0,0,2,4,2,3,0,1,3,3,3,1,3,2,NA,1,0,4,3,4,4,3,1,NA,1,0,2,3,NA,2,3,0,1,3,4,2,4,3,4,0,4,2,3,NA,4,4,0,4,1,4,3,NA,1,0,1,3,2,3,0,4,4,4,0,1,4,3,3,4,2,0,3,4,2,4,4,1,2,3,0,4,4,1,2,3,NA,3,3,0,1,4,0,4,4,0,4,4,0,4,NA,4,2,2,4,4,0,3,4,4,4,2,4,4,4,4,4,3,0,3,4,3,1,1,4,0,4,4,1,2,0,3,1,0,0,1,4,3,4,3,3,0,3,2,0,4,4,2,2,2,3,4,3,3,4,4,4,0,4,4,1,4,2,2,3,3,1,1,1,1,3,3,0,0,3,1,4,0,4,4,3,4,3,4,1,0,4,2,0,4,4,NA,NA,NA,4,0,3,0,0,3,0,2,0,0,4,1,0,4,0,0,1,NA,4,4,1,4,2,0,0
15061811,4,2,0,4,0,4,4,4,4,0,0,2,1,0,4,1,4,4,0,4,2,0,4,0,0,4,4,0,2,1,0,4,0,0,3,2,4,2,0,4,3,1,3,4,3,4,4,2,3,0,0,4,0,4,4,4,4,4,4,0,4,1,1,3,4,0,0,4,4,0,NA,4,0,3,4,4,0,0,4,4,2,2,0,4,0,0,0,4,2,4,0,4,0,0,0,4,0,4,0,0,0,4,0,4,4,4,4,4,4,0,2,2,4,1,4,3,4,1,4,0,4,4,4,0,3,1,0,3,0,3,4,3,4,1,0,4,0,3,4,4,0,4,4,4,0,4,4,4,0,0,0,4,0,4,0,0,4,0,4,4,4,3,0,3,0,0,3,0,0,0,4,2,4,4,4,0,0,0,4,4,4,0,4,4,4,0,4,3,2,1,3,0,4,1,0,3,1,0,0,0,4,0,4,0,4,4,4,2,4,0,1,4,4,4,0,0,3,2,4,3,2,0,4,2,1,3,1,3,4,4,2,2,4,2,2,2,4,3,4,3,0,4,4,4,4,0,0,1,4,4,0,4,0,0,4,4,3,4,4,0,3,4,3,2,4,1,1,3,4,4,4,0,4,4,4,0,4,1,4,0,4,3,0,0,4,3,0,0,1,3,4,0,0,3,3,0,0,3,1,2,4,2,4,2,0,1,3,4,0,0,2,4,0,0,4,4,0,0,0,4,3,4,4,3,0,0,4,0,4,0,4,4,4,0,4,3,1,4,0,4,4,3,4,0,0,0,4,4,0,4,4,4,4,4,4,4,4,4,0,3,0,4,0,1,0,3,0,0,0,0,0,1,2,0,2,2,0,4,4,0,4,3,3,0,0,0,0,0,4,4,4,1,1,0,0,4,3,0,0,2,0,3,4,1,1,4,0,0,4,4,0,2,4,1,0,4,4,4,0,4,0,1,3,3,4,0,4,3,2,0,4,4,4,0,4,2,3,4,1,4,0,4,4,1,0,0,3,4,4,4,0,0,3,0,1,0,0,4,0,1,1,2,1,0,0,4,0,4,3,4,4,3,2,0,4,4,1,2,4,0,3,4,3,4,3,4,3,4,1,1,1,4,3,2,0,0,3,0,4,4,1,1,3,4,4,0,0,0,0,4,4,4,0,0,1,0,3,0,4,4,4,0,0,3,4,3,3,4,1,4,3,3,4,2,3,4,1,2,3,4,0,4,2,0,3,1,0,3,2,1,4,1,0,1,0,4,0,0,4,4,0,4,1,4,4,4,4,0,2,4,1,4,2,2,2,3,4,3,0,2,2,1,1,0,0,1,0,1,4,1,4,4,4,3,4,0,4,4,4,0,3,0,2,3,3,4,4,4,4,4,4,0,4,4,4,4,0,4,0,3,4,0,0,0,2,4,0,2,4,0,0,0,4,4,4,4,4,4,0,0,4,0,0,2,1,4,4,4,4,0,4,4,0,2,4,2,1,0,0,0,4,4,2,2,3,4,2,0,0,3,3,4,0,0,4,0,4,3,4,4,4,0,0,4,0,4,0,4,0,4,4,4,4,3,0,3,4,0,4,4,4,1,3,4,1,0,3,3,4,2,0,1,4,4,3,2,0,4,4,4,0,0,4,0,1,4,3,1,0,4,4,0,4,3,0,4,3,3,4,4,3,1,0,4,1,1,0,0,4,0,0,4,0,4,0,2,1,0,0,0,1,4,1,0,4,4,3,3,3,0,0,4,4,1,0,1,0,0,4,0,3,4,4,0,1,1,3,2,3,0,1,3,3,3,1,3,1,0,1,1,2,2,4,3,4,1,4,1,0,4,4,4,0,4,0,0,4,4,2,4,4,4,0,4,3,2,4,4,4,0,4,1,4,2,0,2,0,1,3,3,3,0,4,4,3,0,2,4,3,3,2,2,1,3,4,3,4,4,2,2,2,0,4,4,1,3,3,0,2,3,0,0,3,0,4,4,0,4,4,0,4,4,4,0,1,1,4,0,3,4,4,4,3,4,4,4,4,4,4,0,3,4,4,1,3,4,0,3,4,0,3,0,4,1,0,0,1,3,2,4,4,2,0,4,3,1,4,4,4,2,1,3,4,3,1,4,4,4,0,4,3,2,3,3,3,4,4,2,1,1,1,2,3,0,0,1,2,4,0,3,4,4,4,2,4,3,0,4,1,0,4,3,4,0,4,4,0,4,0,0,2,0,2,0,0,4,0,0,4,0,0,1,0,4,4,1,4,1,0,0
15061948,4,2,0,4,0,4,2,4,3,0,0,1,0,0,3,3,3,3,0,4,2,0,4,0,0,4,4,0,2,0,0,4,0,0,3,2,4,3,0,4,2,1,3,4,2,4,4,1,3,0,0,4,0,4,3,4,3,4,4,0,4,2,2,2,4,0,0,4,4,1,0,4,0,3,4,4,2,1,4,4,1,2,0,4,0,0,1,4,2,4,0,4,0,0,0,4,0,4,0,0,0,4,1,4,4,4,4,4,4,0,0,0,4,0,4,2,3,2,4,0,4,4,4,0,2,1,0,3,0,4,4,3,2,1,0,4,0,1,4,4,0,3,3,4,0,4,4,4,0,0,0,4,0,4,0,0,4,0,4,4,4,2,0,1,0,0,2,0,0,0,4,4,4,4,4,0,0,0,4,4,4,1,3,3,4,0,4,2,1,3,3,0,4,0,0,2,1,0,0,0,4,0,4,3,4,4,4,1,4,0,0,4,4,4,0,0,1,2,4,2,3,0,4,2,1,3,1,2,1,4,0,3,4,4,1,1,4,3,2,3,0,4,4,3,4,0,0,2,4,4,0,4,0,0,4,4,3,4,4,0,4,4,2,2,3,0,1,3,4,4,3,0,4,4,4,1,4,2,4,0,4,2,0,0,4,3,2,0,1,3,4,0,0,3,2,0,0,4,2,1,4,1,4,3,0,0,4,4,0,0,1,3,0,0,4,4,0,0,0,4,2,4,4,3,0,1,4,0,4,0,4,4,4,1,2,4,0,4,0,4,4,3,4,0,0,0,4,4,0,4,4,4,4,3,3,4,4,4,0,1,0,4,0,0,0,3,0,0,0,0,0,3,4,0,2,1,0,3,4,0,4,1,4,0,0,0,0,0,3,4,4,1,1,0,0,4,1,0,0,1,0,4,4,0,0,3,0,0,4,4,0,3,2,1,2,2,4,3,0,4,0,0,3,2,4,0,4,2,1,0,4,4,4,0,4,4,2,3,2,4,0,4,4,2,0,0,2,4,4,4,0,0,3,2,1,0,0,4,1,0,1,1,2,0,1,3,0,4,4,4,4,3,2,0,4,4,1,0,4,2,4,4,1,4,3,3,4,4,2,2,2,4,4,2,0,0,3,0,4,4,1,3,3,4,4,0,0,0,0,4,4,4,0,0,0,0,4,0,4,4,4,1,0,3,4,2,3,4,0,4,1,3,4,2,2,4,1,1,3,4,2,4,3,0,4,2,0,2,2,1,4,1,0,1,0,4,0,0,4,4,0,4,2,4,4,4,4,0,0,4,0,4,2,1,1,3,3,3,2,1,2,1,2,1,0,0,0,2,4,2,4,4,4,4,4,0,4,4,3,0,3,0,0,3,3,4,4,4,4,4,4,0,4,4,4,4,0,3,1,4,4,0,0,0,2,4,0,4,4,0,0,0,3,4,4,4,4,4,0,0,4,0,0,3,3,4,4,4,4,1,3,2,0,1,4,2,1,0,0,0,3,4,3,2,3,4,1,0,0,3,3,3,0,0,4,0,4,3,4,4,4,0,0,4,0,4,0,4,1,4,4,4,4,3,1,3,4,0,4,4,4,2,4,4,0,0,4,4,4,2,0,0,4,3,4,2,0,3,3,4,0,0,4,0,1,4,1,1,0,3,3,0,4,4,0,4,2,4,3,3,4,0,0,4,1,1,0,1,4,0,2,4,2,4,1,3,1,1,1,0,2,4,3,0,3,4,4,4,3,1,0,4,4,0,0,0,0,0,4,0,3,4,4,0,0,1,4,2,2,0,2,2,3,3,1,3,1,0,1,1,3,2,4,3,3,0,4,2,0,3,4,4,0,4,0,1,3,3,2,4,3,4,0,4,2,3,3,4,4,1,4,2,3,4,1,2,0,2,3,2,2,0,4,4,3,0,1,4,2,3,3,4,1,2,4,2,4,4,1,3,4,0,4,4,0,1,2,1,3,4,0,1,4,0,4,4,0,4,4,0,4,4,4,1,1,3,4,0,2,4,4,4,1,4,4,4,4,4,3,0,2,4,3,1,2,4,0,4,4,1,4,0,4,2,0,0,1,4,2,4,4,2,0,4,2,1,4,4,3,2,2,2,4,4,1,4,3,4,0,4,3,1,4,2,1,3,3,1,2,2,2,4,4,0,0,1,2,4,0,4,4,4,4,3,4,1,0,4,1,0,4,3,4,0,4,4,0,4,0,1,2,1,1,0,0,4,0,0,4,0,0,2,0,4,4,2,4,3,0,0
15061329,4,1,0,4,0,4,2,4,3,0,0,1,0,0,3,2,4,4,0,4,3,0,4,0,0,4,4,0,1,0,0,4,0,0,4,3,4,3,0,4,2,0,4,4,3,4,4,0,3,0,0,4,0,4,4,4,3,4,4,0,4,1,1,3,4,0,0,4,4,1,1,4,0,2,4,4,3,2,4,3,3,1,0,2,0,0,1,4,2,4,0,4,0,0,0,4,0,4,0,0,0,4,0,4,4,4,4,4,4,1,1,2,4,0,4,2,3,2,4,0,4,4,4,0,3,2,1,1,0,3,4,2,3,1,1,4,0,2,4,4,0,4,3,4,0,4,4,4,0,1,1,4,0,4,0,0,4,0,4,4,3,3,0,1,0,0,2,0,0,0,3,3,3,4,4,0,0,0,4,4,4,1,4,4,4,0,4,1,1,1,4,0,4,1,0,2,1,0,0,0,4,0,4,1,4,4,4,1,4,0,1,4,4,4,0,0,0,1,4,3,3,0,4,3,1,3,2,1,2,4,3,4,4,4,2,2,4,3,2,1,0,4,4,4,4,0,0,0,4,4,0,4,0,0,4,4,3,3,4,0,3,4,1,3,2,0,0,4,4,3,4,0,4,4,4,1,4,3,4,0,4,2,0,1,4,4,1,0,2,3,4,0,0,4,2,0,0,2,2,1,4,2,4,3,0,0,4,4,0,0,3,3,0,0,4,4,0,0,0,4,2,4,4,3,0,1,4,0,4,0,4,4,4,1,3,2,1,4,0,4,4,4,4,0,0,0,4,4,0,4,4,4,4,3,4,4,4,4,0,0,0,4,0,0,0,1,0,0,1,0,0,1,2,1,0,0,0,3,4,0,4,1,4,0,0,0,0,0,4,4,3,0,3,0,0,4,2,0,0,2,0,4,4,1,1,3,0,0,4,4,0,3,4,1,0,4,4,2,0,4,0,0,4,3,4,0,4,4,3,0,4,4,4,1,4,4,2,4,2,4,0,4,4,1,1,0,3,4,4,4,0,0,3,1,1,1,1,4,0,1,3,1,1,0,2,4,1,4,2,4,4,4,2,0,4,4,2,1,4,1,4,4,2,4,3,3,4,4,2,2,2,4,4,2,0,0,3,1,4,4,0,4,3,4,4,0,0,0,0,4,4,4,0,0,0,0,4,0,4,4,4,2,0,3,4,2,3,4,1,4,3,3,4,1,3,4,1,2,4,4,1,4,3,0,4,1,0,3,3,1,4,1,0,1,0,4,0,0,4,4,0,4,2,4,4,4,4,0,1,4,0,4,3,3,3,4,3,4,1,2,3,2,4,1,0,0,0,2,4,0,4,4,4,4,4,0,4,4,3,0,4,0,1,4,3,4,3,4,4,4,4,0,4,4,4,4,0,3,2,3,4,0,0,0,1,4,0,3,4,0,0,0,3,4,4,4,4,4,0,0,4,0,1,3,1,4,4,4,4,1,3,2,0,2,4,4,2,0,0,0,2,4,4,2,1,4,3,0,0,4,4,2,0,0,4,0,3,4,4,4,4,0,0,4,0,4,0,4,2,3,4,4,4,2,0,4,4,0,4,4,4,3,3,4,1,0,2,2,4,1,0,2,4,4,4,3,0,3,4,4,0,0,4,0,0,3,3,1,0,2,2,0,4,4,0,4,2,4,3,3,4,0,0,4,1,2,0,0,4,0,0,2,3,4,1,3,0,1,0,0,2,4,3,0,2,4,4,4,4,2,0,4,4,0,0,1,0,0,4,0,2,4,4,0,0,3,4,2,2,0,2,1,4,4,1,4,2,1,3,1,4,3,4,4,4,0,4,2,0,3,4,4,0,4,0,1,3,3,3,4,3,4,0,4,2,2,3,4,4,0,4,1,3,2,0,3,0,1,3,2,4,0,4,4,3,0,1,4,3,4,2,2,0,3,4,3,4,4,3,1,2,0,4,4,1,2,3,0,1,2,0,1,4,0,4,4,0,4,4,0,4,4,4,1,2,3,4,0,3,4,4,4,2,4,4,4,4,4,2,0,2,4,3,1,2,4,0,4,4,0,4,0,4,2,0,0,0,4,3,4,4,2,0,3,2,1,4,4,3,2,1,3,4,3,3,4,2,4,0,4,4,2,3,3,2,3,3,2,1,1,1,2,3,1,1,3,3,4,0,3,4,4,4,3,3,1,0,4,1,0,4,3,4,0,4,4,0,4,0,1,1,1,2,0,0,4,0,0,4,0,0,2,0,4,4,2,4,2,0,0
15062363,3,1,1,3,2,2,1,4,4,0,2,1,1,0,2,2,4,4,0,3,3,1,4,0,0,4,3,1,1,1,0,4,0,0,1,0,4,4,0,3,2,2,1,4,2,4,4,1,1,0,0,4,0,4,4,4,2,4,4,0,4,1,0,2,4,0,0,4,2,1,1,4,0,2,3,3,2,1,4,4,1,2,1,2,0,1,1,4,2,3,1,3,1,0,0,4,0,4,0,0,0,4,0,4,4,3,4,4,4,1,1,0,3,1,4,2,3,2,4,0,4,4,4,0,3,2,2,2,0,2,4,3,2,0,1,3,0,2,3,4,1,4,3,4,0,4,4,4,0,0,0,4,0,4,0,0,4,1,4,4,4,3,0,4,0,0,1,0,0,0,3,3,3,4,3,2,0,0,4,4,4,1,3,3,4,0,4,1,1,1,4,0,4,1,0,2,2,0,0,0,4,0,3,2,3,4,4,1,4,0,1,4,3,4,0,0,2,3,4,3,2,0,4,1,2,4,2,2,3,4,4,4,4,4,2,1,4,2,4,1,0,4,4,3,4,0,0,1,3,4,0,4,0,0,4,3,3,4,4,0,4,4,2,3,4,0,0,3,2,4,4,0,4,4,4,0,3,2,4,2,4,3,0,1,3,3,1,0,4,4,4,0,1,2,0,0,0,1,4,0,4,2,4,4,0,2,2,3,0,0,2,2,1,0,3,3,2,0,0,3,1,3,4,2,1,2,3,1,4,1,3,4,4,0,4,3,0,4,0,3,3,4,4,0,0,0,4,4,0,3,4,4,4,4,2,4,4,4,0,1,0,4,1,1,0,2,0,0,0,0,0,2,2,2,1,0,0,4,4,0,3,3,4,0,0,0,1,0,4,4,3,1,1,0,0,3,0,0,0,1,0,3,4,1,1,3,0,0,4,4,1,2,3,2,1,3,4,3,0,4,0,2,3,1,4,0,4,2,2,0,4,2,4,2,4,4,3,4,0,4,0,4,4,1,1,0,2,4,4,4,0,0,3,3,1,0,1,4,1,1,3,1,1,0,2,3,3,4,3,4,3,3,2,0,4,4,2,4,4,1,4,4,2,4,4,4,3,4,2,4,4,4,4,1,0,0,2,0,4,4,0,1,2,4,4,1,1,1,0,4,4,4,0,0,0,0,3,0,4,4,4,2,1,2,4,3,2,4,3,4,3,4,4,0,2,4,1,2,3,4,1,4,4,0,3,1,0,1,4,1,3,3,1,1,0,3,0,0,3,4,2,4,2,4,4,4,4,0,1,3,1,3,1,2,2,2,4,2,0,1,4,1,3,1,0,1,0,3,4,2,3,4,4,4,3,0,4,4,2,1,3,0,1,4,4,4,4,4,4,2,4,0,4,4,4,4,0,4,1,3,4,0,0,0,3,4,0,2,4,0,0,1,2,3,3,3,3,4,0,1,3,0,2,4,3,4,4,4,4,2,3,1,0,1,4,3,1,0,0,0,4,4,2,3,3,4,2,1,1,2,4,2,0,0,4,0,4,4,4,4,4,0,0,4,0,4,0,4,3,2,4,4,4,4,0,2,4,2,2,4,4,3,3,3,1,0,3,3,4,0,0,1,4,3,3,3,0,3,2,4,0,0,4,0,1,3,3,0,0,3,3,1,4,4,1,3,2,1,0,2,3,1,0,4,2,1,0,1,4,0,2,4,2,4,0,2,0,0,2,1,1,4,3,0,2,4,4,4,4,2,NA,4,4,0,0,2,1,2,4,0,3,4,4,0,0,1,4,3,2,0,2,2,4,4,2,2,1,0,2,1,4,2,4,3,3,0,4,1,0,3,4,4,1,4,0,1,4,3,2,4,3,4,0,4,1,3,2,4,4,0,4,2,2,4,0,2,0,2,3,3,2,0,4,4,1,0,2,4,4,3,3,3,0,1,4,3,4,4,1,3,4,0,4,4,0,4,4,1,4,4,0,3,4,0,4,4,0,4,4,0,3,3,4,2,3,2,4,1,1,4,4,3,1,4,4,4,4,4,3,0,0,4,4,2,4,4,0,3,4,2,2,0,4,3,1,1,2,4,0,3,3,4,0,4,1,1,3,3,1,1,2,3,4,2,2,4,3,4,0,4,4,2,4,3,1,3,3,2,1,2,1,4,4,2,2,2,2,4,0,3,4,2,2,4,4,3,0,4,0,0,4,4,4,1,3,4,0,3,1,1,3,1,4,2,2,4,1,0,3,0,0,2,0,3,4,2,4,2,0,0
15061647,4,2,0,4,0,4,4,4,4,0,0,2,1,0,4,1,4,4,0,4,2,0,4,0,0,4,4,0,2,1,0,4,0,0,3,2,4,2,0,4,3,1,2,4,3,4,4,2,3,0,0,4,0,4,4,4,4,4,4,0,4,1,1,3,4,0,0,4,4,0,1,4,0,3,4,4,0,0,4,4,2,2,0,4,0,0,0,4,2,4,0,4,0,0,0,4,0,4,0,0,0,4,0,4,4,4,4,4,4,0,2,2,4,1,4,3,4,1,4,0,4,4,4,0,3,1,0,3,0,3,4,3,4,1,0,4,0,3,4,4,0,4,4,4,0,4,4,4,0,0,0,4,0,4,0,0,4,0,4,4,4,3,0,3,0,0,3,0,0,0,4,2,4,4,4,0,0,0,4,4,4,0,4,4,4,0,4,3,2,1,3,0,4,2,0,3,1,0,0,0,4,0,4,0,4,4,4,2,4,0,1,4,4,4,0,0,3,2,4,3,2,0,4,2,1,3,1,3,4,4,2,2,4,2,2,2,4,3,4,3,0,4,4,4,4,0,0,1,4,4,0,4,0,0,4,4,3,4,4,0,3,4,3,2,4,1,1,3,4,4,4,0,4,4,4,0,4,1,4,0,4,3,0,0,4,3,0,0,2,3,4,0,0,3,3,0,0,3,1,2,4,2,4,2,0,1,3,4,0,0,2,4,0,0,4,4,0,0,0,4,3,4,4,3,0,0,4,0,4,0,4,4,4,0,4,3,1,4,0,4,4,3,4,0,0,0,4,4,0,4,4,4,4,4,4,4,4,4,0,3,0,4,0,1,0,3,0,0,0,0,0,1,2,0,2,2,0,4,4,0,4,3,3,0,0,0,0,0,4,4,4,1,1,0,0,4,3,0,0,2,0,3,4,1,1,4,0,0,4,4,0,2,4,1,0,4,4,4,0,4,0,1,3,3,4,0,4,3,2,0,4,4,4,0,4,2,3,4,1,4,0,4,4,1,0,0,3,4,4,4,0,0,3,0,1,0,0,4,0,1,1,2,1,0,0,4,0,4,3,4,4,3,2,0,4,4,1,2,4,0,3,4,3,4,3,4,3,4,1,1,1,4,3,2,0,0,3,0,4,4,1,1,3,4,4,0,0,0,0,4,4,4,0,0,1,0,3,0,4,4,4,0,0,3,4,3,3,4,1,4,3,3,4,2,3,4,1,2,3,4,0,4,2,0,3,1,0,3,2,1,4,1,0,1,0,4,0,0,4,4,0,4,1,4,4,4,4,0,2,4,1,4,2,2,2,3,4,3,0,2,2,1,1,0,0,1,0,1,4,1,4,4,4,3,4,0,4,4,4,0,3,0,2,3,3,4,4,4,4,4,4,0,4,4,4,4,0,4,0,3,4,0,0,0,2,4,0,2,4,0,0,0,4,4,4,4,4,4,0,0,4,0,0,2,1,4,4,4,4,0,4,4,0,2,4,2,1,0,0,0,4,4,2,2,3,4,2,0,0,3,3,4,0,0,4,0,4,3,4,4,4,0,0,4,0,4,0,4,0,4,4,4,4,3,0,3,4,0,4,4,4,1,3,4,1,0,3,3,4,2,0,1,4,4,3,2,0,4,4,4,0,0,4,0,1,4,3,1,0,4,4,0,4,3,0,4,3,3,4,4,3,1,0,4,1,1,0,0,4,0,0,4,0,4,0,2,1,0,0,0,1,4,1,0,4,4,3,3,3,0,0,4,4,1,0,1,0,0,4,0,3,4,4,0,1,1,3,2,3,0,1,3,3,3,1,3,1,0,1,1,2,2,4,3,4,1,4,1,0,4,4,4,0,4,0,0,4,4,2,4,4,4,0,4,3,2,4,4,4,0,4,1,4,2,0,2,0,1,3,3,3,0,4,4,3,0,2,4,3,3,2,2,1,3,4,3,4,4,2,2,2,0,4,4,1,3,3,0,2,3,0,0,3,0,4,4,0,4,4,0,4,4,4,0,1,1,4,0,3,4,4,4,3,4,4,4,4,4,4,0,3,4,4,1,3,4,0,3,4,0,3,0,4,1,0,0,1,3,2,4,4,2,0,4,3,1,4,4,4,2,1,3,4,3,1,4,4,4,0,4,3,2,3,3,3,4,4,2,1,1,1,2,3,0,0,1,2,4,0,3,4,4,4,2,4,3,0,4,1,0,4,3,4,0,4,4,0,4,0,0,2,0,2,0,0,4,0,0,4,0,0,1,0,4,4,1,4,1,0,0
15061352,4,0,0,4,0,4,2,4,3,0,0,0,0,0,4,2,3,3,0,4,4,2,4,0,0,4,3,1,0,0,0,4,0,0,4,2,4,3,0,4,2,2,2,4,2,4,4,1,3,0,0,4,0,4,3,4,2,4,4,0,4,1,1,3,4,0,0,4,4,0,1,4,0,2,4,4,4,3,4,3,1,1,0,4,0,0,0,4,2,4,0,4,0,0,0,4,0,4,0,0,0,4,1,4,4,4,4,4,4,1,2,0,4,0,4,0,4,1,4,0,4,4,4,0,3,2,1,3,0,4,4,3,2,0,1,4,0,2,4,4,0,4,3,4,0,4,4,4,0,1,1,4,0,4,0,0,4,0,4,4,4,3,0,1,0,0,3,0,0,0,3,3,4,4,4,0,0,0,4,4,4,0,3,2,4,0,4,2,1,2,3,0,4,0,0,2,0,0,0,0,4,0,4,4,4,4,4,2,4,0,0,4,4,4,0,0,0,1,4,3,2,0,4,1,2,3,2,2,3,4,1,3,4,4,2,2,4,3,4,1,0,4,4,4,4,0,0,1,4,4,0,4,0,0,4,4,3,3,4,0,3,4,4,1,4,0,0,4,4,4,4,0,4,4,4,0,4,2,4,0,4,1,0,1,4,4,3,0,2,2,4,0,0,4,1,0,0,2,2,0,4,2,4,3,0,1,4,4,0,0,3,3,0,0,4,4,0,0,0,4,1,4,4,4,0,3,3,2,4,0,4,4,4,0,3,3,2,4,0,4,4,4,4,0,0,0,4,4,0,4,4,4,4,3,4,4,4,4,0,0,0,4,0,1,0,3,0,0,0,0,0,2,3,1,1,1,1,3,4,0,4,0,4,0,0,0,0,0,4,4,4,0,1,0,0,4,2,0,0,1,0,3,4,3,2,4,0,0,4,4,0,3,3,0,1,3,4,3,0,4,0,0,3,1,4,0,4,3,3,0,4,3,4,1,4,4,4,3,2,4,0,4,4,2,1,0,2,4,4,4,0,0,3,1,1,0,0,4,2,1,1,1,1,0,1,4,1,4,3,4,4,3,2,0,4,4,2,2,4,1,4,4,0,4,4,4,3,4,2,2,2,4,3,2,0,0,3,1,4,4,1,3,2,4,4,0,2,0,0,4,4,4,0,0,0,0,4,0,4,4,4,1,1,3,4,2,2,4,2,4,1,3,4,1,2,4,1,1,4,4,1,4,3,0,4,2,0,2,2,1,4,2,0,0,0,4,0,0,4,4,0,4,2,4,4,4,4,0,0,4,0,4,2,1,1,4,3,3,1,2,3,1,2,1,0,0,0,1,4,1,4,4,4,4,4,0,4,4,1,0,3,0,2,4,4,4,3,4,4,4,4,0,4,4,4,4,0,3,1,2,4,0,0,0,1,4,0,3,4,0,0,0,3,4,4,4,4,4,0,0,4,0,1,4,3,4,4,4,4,2,4,2,0,1,4,3,2,0,0,0,3,4,3,2,3,4,2,0,0,4,3,3,0,0,4,0,4,4,4,4,4,0,0,4,0,4,0,4,1,3,4,4,4,3,1,3,4,0,4,4,4,2,4,4,0,2,4,4,4,2,0,1,4,3,4,1,0,4,3,2,2,2,4,0,1,3,2,1,0,3,3,0,4,4,0,4,4,3,3,3,4,0,0,4,1,1,0,2,4,0,2,4,2,4,0,2,1,0,2,2,1,4,1,0,3,4,4,3,2,1,0,4,4,0,0,3,0,0,4,0,4,4,4,0,0,2,4,3,3,0,1,2,3,3,2,3,2,1,2,NA,3,2,4,4,4,0,4,1,0,4,4,4,2,4,0,0,4,4,1,4,3,4,0,4,2,3,3,4,4,0,4,0,3,2,0,2,0,1,3,3,3,0,4,4,3,0,0,4,1,3,3,2,1,3,4,2,4,4,2,2,3,0,4,4,1,3,3,0,2,3,0,0,4,0,4,4,0,4,4,0,3,3,4,2,1,3,4,0,3,4,4,4,2,4,4,4,4,4,2,0,3,4,3,0,0,4,0,4,4,2,3,0,4,3,0,0,1,4,3,4,4,2,0,4,2,0,4,4,3,2,2,3,4,2,2,4,4,4,0,4,4,1,4,2,1,3,3,1,2,2,1,2,2,1,1,2,1,4,0,3,4,4,4,3,3,2,0,4,1,0,4,3,4,0,4,4,0,4,0,0,2,0,2,0,0,4,0,0,4,0,0,1,0,4,4,1,4,2,0,0
15062339,4,1,0,4,0,4,3,4,4,0,0,3,1,0,2,2,4,4,0,3,0,1,4,0,0,4,3,1,0,0,1,4,1,1,4,1,4,3,0,4,2,2,2,4,2,3,3,0,2,0,0,4,0,2,3,4,4,4,4,0,4,0,1,4,4,2,0,4,4,0,1,4,0,3,4,4,2,1,4,4,3,0,1,3,0,0,1,4,NA,4,0,4,0,0,0,4,0,4,0,1,2,4,0,4,4,4,3,3,4,0,3,2,4,0,4,4,3,3,4,0,4,4,4,1,2,3,0,1,0,1,4,1,1,0,2,4,0,3,4,4,0,3,4,4,0,4,4,4,0,0,0,4,1,4,0,0,4,0,3,4,4,2,0,1,0,0,2,0,0,0,4,4,4,4,4,0,0,0,4,4,4,0,3,2,4,0,4,0,0,2,4,0,4,0,0,1,1,0,0,0,4,0,4,2,4,3,3,0,4,0,3,4,4,4,0,0,4,4,4,4,2,0,4,2,1,4,2,4,1,4,1,3,4,4,2,2,4,2,3,1,0,4,4,2,2,0,0,2,4,4,0,4,0,0,4,3,2,3,4,0,4,4,2,4,3,0,0,4,4,2,4,0,4,4,3,0,4,1,4,0,4,2,1,1,3,4,3,0,4,1,4,0,0,4,4,0,0,2,2,1,4,3,4,2,0,1,2,4,0,2,1,3,2,0,4,4,0,0,0,4,1,4,4,4,0,3,3,1,4,0,4,4,4,0,3,2,0,4,0,3,3,4,3,1,0,0,4,4,0,4,2,3,4,2,3,4,4,4,0,0,0,4,0,1,0,4,0,1,0,0,0,2,3,0,2,0,0,3,3,0,4,2,4,0,0,1,1,0,4,4,4,0,3,0,0,4,2,0,0,1,0,3,4,1,1,3,0,0,4,4,0,3,4,0,0,4,4,2,0,4,0,1,3,1,4,0,4,2,2,0,4,3,4,0,4,4,2,4,0,4,3,4,4,1,0,0,3,4,4,4,0,0,3,1,0,1,0,4,3,2,2,0,1,0,0,2,0,4,3,4,4,4,2,0,2,4,2,4,4,0,4,4,2,4,4,4,2,2,1,2,2,4,3,0,0,0,3,1,4,4,0,2,4,4,4,0,0,0,0,4,4,4,0,0,0,0,4,0,4,4,4,1,0,4,4,3,4,4,1,4,1,3,4,1,1,4,0,1,3,4,2,4,3,0,2,0,0,2,2,1,4,0,0,0,0,4,0,0,4,4,0,4,3,4,4,4,4,0,0,4,0,3,2,2,2,4,4,4,1,3,2,NA,3,1,0,0,0,2,4,1,3,4,4,4,3,1,4,3,2,0,3,0,2,2,4,4,4,4,4,3,3,0,4,4,4,4,0,4,2,3,4,0,0,0,2,4,0,4,4,0,0,1,2,4,4,4,4,4,0,0,4,0,0,1,2,4,4,4,4,0,3,3,0,1,4,2,2,0,0,0,4,4,2,0,2,4,4,0,0,2,4,3,0,0,4,0,4,2,4,4,1,0,0,4,0,4,0,4,1,4,4,4,4,3,1,4,4,0,4,4,4,3,4,4,0,0,2,2,4,2,0,2,4,4,4,2,0,4,4,4,0,0,3,0,0,3,4,0,0,3,2,0,3,3,0,4,2,3,3,2,4,0,0,4,1,0,0,0,4,0,0,3,4,4,1,4,2,1,0,0,1,4,4,0,4,4,4,2,4,0,1,4,4,0,0,2,0,0,4,0,4,2,4,0,1,3,4,3,2,0,2,2,3,3,2,2,2,0,2,1,3,0,4,4,3,0,4,3,0,3,4,4,0,4,0,1,3,2,3,4,4,4,0,4,0,2,4,3,4,4,NA,2,3,4,1,1,0,2,3,0,2,1,4,4,0,0,0,4,1,2,3,2,0,4,4,2,4,4,3,0,1,0,4,4,1,2,4,0,1,3,0,1,4,0,4,4,0,4,4,0,2,4,4,1,3,2,4,0,4,4,3,4,2,4,4,4,4,3,1,0,0,4,4,3,3,4,0,3,4,3,4,0,4,1,0,0,0,3,4,4,3,2,0,3,2,0,4,4,3,2,4,4,4,3,3,4,3,4,0,4,2,1,2,3,3,3,3,1,1,1,0,2,1,0,0,2,3,4,0,4,4,3,3,3,3,3,1,4,0,0,4,4,3,0,4,4,0,4,0,1,2,1,4,0,0,4,1,2,2,0,0,0,0,4,3,0,4,4,0,0
15061516,4,2,0,4,0,4,4,4,4,0,0,4,3,0,3,3,2,3,0,3,1,0,4,0,1,4,4,0,1,0,0,4,1,0,3,0,4,4,0,4,3,1,3,4,2,4,4,2,3,0,0,4,0,3,4,4,3,4,4,0,4,1,1,2,4,0,0,4,3,1,1,4,0,3,4,4,0,0,4,4,3,1,0,4,0,0,1,4,2,4,0,4,0,0,0,3,0,4,0,1,0,4,0,4,4,4,4,4,4,0,3,1,3,0,4,1,4,3,4,0,4,4,3,1,1,0,0,3,0,3,4,3,2,0,1,4,0,3,3,4,0,4,3,3,0,4,4,4,0,0,0,4,0,4,0,0,4,0,4,4,4,0,0,3,0,0,2,0,0,0,3,4,4,4,3,0,0,0,4,4,4,1,3,2,4,0,4,1,0,2,4,0,4,1,0,3,0,0,0,0,4,0,4,2,3,3,4,2,4,0,0,4,4,4,0,0,1,2,4,2,1,0,4,3,1,4,1,2,0,4,1,4,4,4,1,0,4,3,4,4,0,4,4,4,2,0,2,2,4,4,0,3,0,0,4,4,3,3,3,1,3,4,1,3,1,0,1,4,3,4,4,0,4,4,4,0,4,2,4,0,4,3,0,1,3,3,3,0,2,3,4,0,0,3,2,0,0,2,2,1,4,1,4,2,0,0,3,4,0,0,0,4,0,0,4,4,1,0,0,4,2,4,4,4,0,2,2,0,3,0,4,4,4,1,2,3,0,4,0,4,3,2,4,1,0,0,4,4,0,4,4,4,4,4,4,4,3,4,0,1,0,4,0,1,0,2,0,2,0,0,0,0,4,0,3,0,0,4,4,0,3,2,3,0,0,0,1,0,3,4,NA,1,3,0,0,4,3,0,0,0,0,1,3,2,2,4,0,0,4,4,0,1,3,1,1,3,4,4,0,4,0,1,3,1,4,0,4,1,3,0,4,3,4,0,4,4,2,4,1,4,0,4,4,1,0,0,1,4,4,4,1,0,3,2,0,0,0,4,2,2,2,1,1,0,1,2,0,4,3,4,4,4,3,0,4,4,2,1,4,4,4,4,4,4,3,4,4,4,1,1,1,4,3,3,0,0,1,0,4,4,0,3,3,4,4,0,1,0,0,4,4,4,0,0,0,0,4,0,4,4,4,1,0,3,4,4,3,4,1,4,3,2,4,0,1,3,1,1,3,4,2,4,4,0,4,1,0,1,3,2,4,3,0,0,0,4,0,0,4,4,0,4,2,4,4,4,4,0,0,4,0,4,2,1,0,2,4,4,3,3,1,2,3,0,0,0,0,1,4,1,4,4,4,3,4,2,4,4,1,1,3,0,1,3,4,4,4,4,4,3,4,0,4,4,4,4,0,4,0,3,4,0,0,0,3,4,0,4,4,0,0,2,2,4,4,4,4,4,0,0,4,0,0,4,2,4,4,4,4,3,4,2,0,2,4,4,4,0,2,0,2,4,3,0,2,4,2,0,0,3,3,4,0,0,4,0,4,2,4,4,4,0,0,4,0,4,0,3,0,4,4,3,3,0,1,4,4,0,4,4,4,4,4,4,0,0,3,4,4,2,0,1,4,4,3,2,0,4,4,3,1,1,3,0,0,2,3,0,0,4,4,0,1,3,0,4,3,3,3,2,4,0,0,4,2,0,0,3,4,0,4,4,4,4,1,1,0,1,1,0,1,4,2,0,4,4,4,3,4,1,0,4,4,0,0,1,0,1,4,0,4,4,4,0,1,2,4,4,1,0,3,1,4,4,3,1,3,0,0,1,4,1,4,3,3,1,4,2,0,2,3,4,1,3,1,1,3,3,2,4,4,4,0,4,1,4,4,4,4,3,4,1,4,3,1,0,0,1,3,2,3,0,4,4,1,0,1,4,1,3,3,2,0,3,4,2,4,4,1,3,4,0,4,4,1,3,3,1,4,4,0,2,4,0,4,4,0,4,4,0,4,4,4,3,1,3,3,0,3,4,3,4,2,4,4,4,4,3,4,0,1,4,4,2,3,4,0,4,4,2,4,0,4,2,1,1,0,3,4,3,3,4,0,3,2,1,4,4,4,2,4,3,4,4,2,4,3,4,0,4,3,2,3,4,4,3,3,2,0,0,0,3,2,0,0,1,1,4,0,4,4,2,4,4,4,3,0,4,1,0,4,4,4,0,4,4,0,4,0,0,1,0,3,0,0,4,0,1,3,0,0,1,1,4,2,1,4,1,0,0
15061475,4,2,0,4,0,4,4,4,4,0,0,2,1,0,4,1,4,4,0,4,2,0,4,0,0,4,4,0,2,1,0,4,0,0,3,2,4,2,0,4,3,1,3,4,3,4,4,2,3,0,0,4,0,4,4,4,4,4,4,0,4,1,1,3,4,0,0,4,4,0,1,4,0,3,4,4,0,0,4,4,2,2,0,4,0,0,0,4,2,4,0,4,0,0,0,4,0,4,0,0,0,4,0,4,4,4,4,4,4,0,2,2,4,1,4,3,4,1,4,0,4,4,4,0,3,1,0,3,0,3,4,3,4,1,0,4,0,3,4,4,0,4,4,4,0,4,4,4,0,0,0,4,0,4,0,0,4,0,4,4,4,3,0,3,0,0,3,0,0,0,4,2,4,4,4,0,0,0,4,4,4,0,4,4,4,0,4,3,2,1,3,0,4,1,0,3,1,0,0,0,4,0,4,0,4,4,4,2,4,0,1,4,4,4,0,0,3,2,4,3,2,0,4,2,1,3,1,3,4,4,2,2,4,2,2,2,4,3,4,3,0,4,4,4,4,0,0,1,4,4,0,4,0,0,4,4,3,4,4,0,3,4,3,2,4,1,1,3,4,4,4,0,4,4,4,0,4,1,4,0,4,3,0,0,4,3,0,0,2,3,4,0,0,3,3,0,0,3,2,2,4,2,4,2,0,1,3,4,0,0,2,4,0,0,4,4,0,0,0,4,3,4,4,3,0,0,4,0,4,0,4,4,4,0,4,3,1,4,0,4,4,3,4,0,0,0,4,4,0,4,4,4,4,4,4,4,4,4,0,3,0,4,0,1,0,3,0,0,0,0,0,1,2,0,2,2,0,4,4,0,4,3,3,0,0,0,0,0,4,4,4,1,1,0,0,4,3,0,0,2,0,3,4,1,1,4,0,0,4,4,0,2,4,1,0,4,4,4,0,4,0,1,3,3,4,0,4,3,2,0,4,4,4,0,4,2,3,4,1,4,0,4,4,1,0,0,3,4,4,4,0,0,3,0,1,0,0,4,0,1,1,2,1,0,0,4,0,4,3,4,4,3,2,0,4,4,1,2,4,0,3,4,3,4,3,4,3,4,1,1,1,4,3,2,0,0,3,0,4,4,1,1,3,4,4,0,0,0,0,4,4,4,0,0,1,0,3,0,4,4,4,0,0,3,4,3,3,4,1,4,3,3,4,2,3,4,1,2,3,4,0,4,2,0,3,1,0,3,2,1,4,1,0,1,0,4,0,0,4,4,0,4,1,4,4,4,4,0,2,4,1,4,2,2,2,3,4,3,0,2,2,1,1,0,0,1,0,1,4,1,4,4,4,3,4,0,4,4,4,0,3,0,2,3,3,4,4,4,4,4,4,0,4,4,4,4,0,4,0,3,4,0,0,0,2,4,0,2,4,0,0,0,4,4,4,4,4,4,0,0,4,0,0,2,1,4,4,4,4,0,4,4,0,2,4,2,1,0,0,0,4,4,2,2,3,4,2,0,0,3,3,4,0,0,4,0,4,3,4,4,4,0,0,4,0,4,0,4,0,4,4,4,4,3,0,3,4,0,4,4,4,1,3,4,1,0,3,3,4,2,0,1,4,4,3,2,0,4,4,4,0,0,4,0,1,4,3,1,0,4,4,0,4,3,0,4,3,3,4,4,3,1,0,4,1,1,0,0,4,0,0,4,0,4,0,2,1,0,0,0,1,4,1,0,4,4,3,3,3,0,0,4,4,1,0,1,0,0,4,0,3,4,4,0,1,1,3,2,3,0,1,3,3,3,1,3,1,0,1,1,2,2,4,3,4,1,4,1,0,4,4,4,0,4,0,0,4,4,2,4,4,4,0,4,3,2,4,4,4,0,4,1,4,2,0,2,0,1,3,3,3,0,4,4,3,0,2,4,3,3,2,2,1,3,4,3,4,4,2,2,2,0,4,4,1,3,3,0,2,3,0,0,3,0,4,4,0,4,4,0,4,4,4,0,1,1,4,0,3,4,4,4,3,4,4,4,4,4,4,0,3,4,4,1,3,4,0,3,4,0,3,0,4,1,0,0,1,3,2,4,4,2,0,4,3,1,4,4,4,2,1,3,4,3,1,4,4,4,0,4,3,2,3,3,3,4,4,2,1,1,1,2,3,0,0,1,2,4,0,3,4,4,4,2,4,3,0,4,1,0,4,3,4,0,4,4,0,4,0,0,2,0,2,0,0,4,0,0,4,0,0,1,0,4,4,1,4,1,0,0
15061528,4,1,1,3,2,3,1,4,3,0,0,3,0,0,2,3,4,4,0,4,3,0,4,0,0,4,4,0,1,0,0,4,0,0,4,0,4,4,0,4,2,3,1,4,3,2,2,0,3,0,0,4,0,4,4,4,3,4,4,0,4,1,1,3,4,0,0,4,4,0,0,4,0,3,3,3,2,1,4,4,1,1,0,3,0,0,0,4,2,4,0,4,0,0,0,4,0,4,0,0,0,4,0,4,4,4,3,3,4,0,2,0,3,1,4,2,3,1,4,0,4,4,4,2,3,2,2,3,0,4,4,0,2,1,2,4,0,3,3,4,0,3,3,3,0,4,4,4,0,0,0,4,0,4,0,0,4,0,3,4,4,3,0,1,0,0,1,0,0,0,4,3,4,4,4,1,0,0,4,4,4,0,4,3,4,0,4,1,1,3,2,0,4,2,0,0,1,0,0,0,4,0,4,1,3,3,4,0,4,0,2,4,4,4,0,0,1,3,2,4,2,0,4,3,0,4,3,1,4,4,1,4,4,4,3,2,4,2,2,1,0,4,4,3,4,0,0,2,4,4,0,3,0,0,4,3,4,4,4,0,4,4,2,3,2,0,1,4,4,3,3,0,4,4,4,0,4,3,4,2,4,1,0,1,3,3,1,0,1,3,4,0,0,4,3,0,0,3,2,2,4,4,4,2,0,0,2,4,0,0,2,4,1,0,4,4,0,0,0,4,1,4,4,3,0,3,4,0,4,0,4,4,4,0,4,2,0,4,0,4,2,3,4,0,0,0,4,4,0,3,4,4,4,4,4,2,4,4,0,0,0,4,2,0,0,3,0,0,0,0,0,1,4,1,1,0,1,4,4,0,4,1,4,0,0,0,0,0,4,4,2,1,2,0,0,3,3,0,0,1,0,4,4,0,0,2,0,0,4,4,0,3,2,2,2,2,4,4,0,4,0,0,3,2,4,0,4,3,1,0,4,4,4,0,4,4,3,4,3,4,0,4,4,2,0,0,2,4,4,4,0,0,3,2,2,1,0,4,1,1,2,1,1,0,0,3,0,4,4,4,4,2,1,0,4,4,3,1,4,0,4,3,0,4,2,4,3,4,2,2,2,4,4,0,0,0,2,1,4,4,0,2,3,4,4,0,3,0,0,4,3,4,0,0,0,0,4,0,4,4,4,1,0,4,4,2,4,4,2,4,2,2,4,1,1,3,0,2,3,4,0,4,4,0,3,0,1,2,2,0,4,2,0,0,0,3,0,0,4,4,0,4,3,4,4,4,4,0,0,4,1,3,0,4,4,4,3,2,2,1,2,1,4,1,0,1,0,1,4,1,3,4,4,3,4,0,4,4,4,0,3,0,2,3,2,4,2,4,4,4,4,0,4,4,4,4,0,4,1,3,4,0,0,0,1,4,0,2,4,0,0,0,4,4,4,4,4,4,0,0,4,0,0,3,1,4,4,4,4,1,3,2,0,3,4,1,0,0,0,0,3,4,3,1,2,4,3,0,0,2,4,3,0,0,4,0,4,3,4,4,3,0,0,4,0,4,0,4,0,4,4,4,4,1,0,2,4,0,4,4,4,2,3,4,0,0,2,2,3,3,1,2,3,4,4,1,0,4,4,4,0,0,4,0,3,4,4,0,0,3,3,0,4,4,0,4,2,3,4,2,3,1,0,4,1,1,0,0,4,0,0,3,3,4,1,4,1,1,0,0,2,4,4,0,3,4,4,2,3,0,0,4,4,0,0,0,0,0,4,0,4,3,4,0,3,1,4,2,3,0,1,3,3,3,2,2,3,0,1,1,3,1,4,3,3,1,4,2,0,3,3,4,2,3,1,0,4,3,2,4,4,4,0,4,1,3,3,4,4,0,4,1,3,3,0,2,0,2,3,1,3,0,4,4,1,0,1,4,2,3,2,2,1,3,4,2,4,4,2,1,2,0,4,4,1,2,3,0,2,4,0,2,4,0,4,4,0,4,4,0,4,4,4,1,2,3,4,0,3,4,3,4,4,4,4,3,4,4,4,0,1,4,3,1,2,4,0,3,4,1,1,0,4,2,0,0,2,4,1,2,3,2,0,2,3,0,4,4,3,2,3,2,4,2,3,4,3,4,0,4,2,2,3,4,4,3,3,2,0,0,0,2,2,1,2,1,2,4,0,3,4,3,4,2,4,2,0,4,0,0,4,4,3,0,4,4,0,4,0,1,2,1,3,0,0,4,1,1,3,0,0,1,0,4,4,1,4,3,0,0
15061927,4,1,1,4,1,3,1,4,3,0,0,2,1,0,2,2,1,4,0,4,2,1,4,1,3,4,4,0,1,0,1,4,0,0,2,2,4,4,0,4,3,3,1,4,3,3,2,0,2,0,0,4,0,3,4,4,4,4,4,0,4,0,2,4,4,0,0,4,3,0,2,4,0,2,3,4,3,1,4,4,2,1,1,3,0,0,2,3,2,4,0,4,0,0,0,4,0,4,0,2,0,4,0,4,4,4,4,4,4,1,3,2,3,1,4,2,4,2,4,0,4,4,4,0,4,3,0,2,0,4,4,4,0,0,0,4,0,3,3,4,0,4,3,3,0,4,4,4,0,0,2,4,0,4,0,0,4,1,3,4,4,1,0,3,0,0,3,0,0,0,4,3,2,4,2,0,0,0,4,4,4,0,4,4,4,0,4,1,2,3,3,0,4,1,0,2,3,0,0,0,4,0,4,2,4,4,4,1,4,0,0,4,4,4,0,0,1,3,3,4,1,0,4,2,2,4,2,1,3,4,2,4,4,4,4,4,4,2,3,3,0,4,4,4,4,0,0,1,4,4,1,2,0,0,4,4,2,3,4,0,3,4,2,4,3,0,0,4,3,4,4,0,4,4,3,0,4,2,4,1,4,2,0,1,3,2,2,0,3,2,4,0,0,4,3,0,0,1,2,0,4,2,4,2,1,1,2,4,0,0,1,2,0,1,3,4,2,0,0,3,2,3,3,4,0,1,3,0,4,0,4,4,4,0,3,4,1,4,0,4,4,4,4,0,0,0,4,4,0,4,3,4,4,3,4,3,4,4,0,0,0,4,0,0,0,2,0,0,0,0,0,0,2,1,0,0,0,2,2,0,3,2,4,0,0,0,0,1,3,4,4,0,3,0,0,4,1,0,0,2,0,3,1,1,1,4,0,0,4,4,0,2,2,0,2,2,4,3,0,4,0,3,2,1,4,1,4,2,2,0,4,4,4,1,4,4,3,4,0,4,1,4,4,1,1,0,3,4,4,4,2,0,3,2,0,1,1,4,0,NA,2,1,1,0,0,3,1,4,3,4,4,2,1,0,3,4,2,3,4,0,4,3,1,4,4,4,3,3,0,2,2,4,3,2,0,0,3,3,4,4,1,3,3,4,4,2,3,0,0,4,1,4,0,0,0,0,4,1,3,4,4,2,0,3,4,3,2,4,1,4,3,1,4,1,3,3,2,2,4,4,2,4,4,0,3,1,0,2,3,1,4,2,1,0,0,3,0,0,4,4,1,4,1,4,4,4,4,0,0,4,1,3,3,3,1,3,2,3,4,2,4,NA,3,0,1,0,0,3,4,2,3,4,4,4,4,0,4,4,4,1,2,0,4,2,4,4,4,4,4,3,3,0,4,4,4,4,0,4,1,2,4,0,0,0,2,4,0,2,4,0,0,2,1,4,4,4,4,3,0,0,4,0,1,4,2,4,4,4,4,2,4,2,0,1,4,3,2,0,0,0,3,4,2,2,3,4,4,0,0,2,3,2,0,1,4,0,3,3,4,4,4,1,1,4,2,4,0,4,1,3,4,4,4,2,1,3,4,1,3,4,4,4,4,4,0,0,2,2,4,1,0,0,4,3,3,3,0,4,3,4,0,0,4,0,2,4,2,2,0,3,3,0,3,4,0,4,3,3,4,4,3,1,0,4,2,0,0,1,4,0,1,3,3,4,0,2,1,0,1,1,1,4,4,0,4,4,3,3,3,0,0,4,4,0,0,0,0,1,4,0,2,3,4,0,0,2,3,2,2,1,2,2,4,4,4,0,4,1,0,0,3,2,4,2,4,0,4,3,0,3,4,4,0,4,0,1,3,2,0,4,4,4,0,4,2,4,4,4,4,2,3,2,3,4,1,0,0,1,3,2,3,1,4,3,2,0,2,4,3,2,3,0,0,3,4,0,4,4,4,0,2,0,4,4,0,4,3,1,4,4,0,1,4,0,4,4,0,4,4,0,3,4,4,0,1,0,4,0,3,4,4,4,2,4,4,4,4,3,4,0,1,4,1,2,2,4,0,3,4,1,1,0,4,2,NA,NA,1,4,2,2,4,2,0,4,2,0,4,4,2,2,3,3,4,3,3,4,4,4,0,4,3,2,3,3,2,4,4,2,1,1,1,1,0,1,1,1,1,3,0,3,4,2,2,4,4,4,0,4,1,0,4,4,4,0,4,4,0,4,0,0,2,0,4,2,2,4,0,1,3,0,0,1,1,4,4,1,4,2,0,0
15062098,4,1,0,4,0,4,3,4,3,0,0,2,1,0,4,2,3,3,0,4,3,0,4,0,1,4,4,0,1,1,0,4,0,0,2,2,4,3,0,4,1,0,4,4,2,4,4,1,3,0,0,4,0,4,3,4,3,4,4,0,4,1,1,3,4,0,0,4,3,1,1,4,0,3,4,4,3,2,4,4,1,1,0,4,0,0,1,4,2,4,0,4,0,0,0,4,0,4,0,0,0,4,0,4,4,4,3,4,4,0,1,0,4,1,4,1,4,1,4,0,4,4,4,1,4,3,0,3,0,3,4,3,1,0,1,4,0,2,4,4,0,4,2,4,0,4,4,4,0,0,0,4,0,4,0,0,4,0,4,4,4,3,0,3,0,0,3,0,0,0,3,3,4,4,4,0,0,0,4,4,4,0,4,4,4,0,4,2,0,1,4,0,4,1,0,2,1,0,0,0,4,0,3,0,4,4,4,1,4,1,0,4,4,4,0,0,0,2,4,3,1,0,4,4,0,3,2,2,3,4,1,2,4,3,2,2,4,3,4,3,1,4,4,4,3,0,1,1,4,4,0,4,0,0,4,4,3,4,4,0,3,4,3,2,4,1,1,3,4,4,3,0,4,4,4,0,4,1,4,0,4,3,0,1,4,3,0,0,1,3,4,0,0,3,0,0,0,2,1,1,4,1,4,1,0,0,2,4,0,0,2,3,0,0,4,4,0,0,0,4,2,4,4,3,0,1,3,0,4,0,4,4,4,0,3,4,1,4,0,4,4,4,4,0,0,0,4,4,0,3,4,4,4,3,4,4,4,4,0,1,0,4,0,0,0,3,0,0,0,0,0,3,3,1,1,1,0,3,4,0,4,1,3,0,0,0,0,0,4,4,4,1,1,0,0,4,1,0,0,2,0,3,4,3,2,4,0,0,4,4,0,4,3,1,1,3,4,2,0,4,0,0,3,1,4,0,4,3,3,0,4,4,4,1,4,2,2,3,2,4,0,4,4,2,1,0,2,4,4,4,0,0,3,3,1,0,1,4,0,1,1,1,2,0,0,4,1,4,4,4,4,4,1,0,4,4,3,1,4,1,4,4,3,4,4,4,4,4,2,0,0,4,3,1,0,0,3,2,4,4,0,3,3,4,4,0,0,0,0,4,4,4,0,0,1,0,3,0,4,4,4,1,0,2,4,3,2,4,1,4,3,2,4,1,2,4,1,1,4,4,0,4,4,0,4,0,0,2,2,0,4,2,0,2,0,3,0,0,3,4,0,4,2,4,4,4,4,0,1,4,1,4,2,2,2,4,1,4,2,1,3,1,3,1,0,1,0,2,4,2,4,4,4,3,4,0,4,4,3,0,3,0,2,4,4,4,4,4,4,4,4,0,4,4,4,4,0,3,1,4,4,0,0,0,2,4,0,4,4,0,0,0,3,4,4,4,4,4,0,0,4,0,1,3,3,4,4,4,4,1,3,2,0,1,4,2,0,0,0,0,3,4,4,2,2,4,2,0,0,4,2,3,0,0,4,0,4,2,4,4,4,0,0,4,0,4,0,4,2,3,4,4,4,4,0,4,4,0,4,4,4,3,4,4,0,1,2,2,4,2,0,0,4,3,4,3,0,3,3,3,1,1,3,1,0,3,1,1,0,3,3,0,4,3,0,4,3,4,2,2,3,1,0,4,1,0,0,0,4,0,0,3,2,4,0,3,1,0,0,0,2,4,4,0,3,4,4,2,4,1,0,4,4,1,0,2,0,0,4,0,4,4,4,0,0,1,4,3,3,0,1,3,2,2,2,3,1,0,2,1,3,2,4,3,4,0,4,2,0,4,4,4,0,4,0,0,4,4,2,4,3,4,0,4,3,3,2,4,4,1,4,1,3,4,0,2,0,2,3,3,1,0,4,4,2,0,2,4,3,3,3,2,0,3,4,2,4,4,2,2,4,0,4,4,1,3,2,0,2,4,0,0,3,0,4,4,0,4,4,0,4,4,4,0,2,2,4,0,4,4,4,4,3,4,4,3,4,4,4,0,3,4,4,1,2,4,0,4,4,0,3,0,4,3,0,0,0,4,4,4,3,2,0,3,2,0,4,4,1,1,3,3,4,4,1,4,3,4,0,4,4,1,3,3,3,3,3,1,1,1,1,3,3,1,1,3,1,4,0,4,4,2,4,3,3,2,0,4,1,0,4,4,4,0,4,4,0,4,0,0,1,0,2,0,0,4,0,0,4,0,0,1,0,3,4,2,4,2,0,0
15061668,4,2,0,4,0,4,2,4,3,0,1,3,1,1,3,2,2,4,0,3,3,1,4,1,1,3,4,0,1,4,0,4,0,0,0,0,4,4,1,3,1,3,1,4,4,2,2,0,2,0,0,4,0,3,4,3,2,4,4,0,4,3,1,1,3,1,0,3,4,1,2,4,0,3,4,2,4,4,3,4,1,2,1,3,1,1,2,4,3,2,1,4,1,0,0,4,0,3,1,1,1,4,1,4,3,3,4,4,4,0,3,1,3,0,4,1,4,1,4,0,3,4,3,2,2,3,1,2,0,3,4,2,0,0,2,2,0,2,4,4,0,3,4,4,0,3,3,4,0,1,0,4,0,4,0,0,4,1,2,4,4,3,0,2,1,1,2,1,0,0,3,3,3,4,2,3,0,0,4,3,4,1,3,3,3,0,4,1,1,3,2,0,2,0,0,3,1,1,1,0,3,0,3,3,4,3,3,0,4,0,1,3,3,4,0,1,1,2,4,0,2,0,4,2,2,3,2,1,4,4,4,3,4,3,4,4,4,2,4,1,0,4,4,3,4,0,0,2,4,4,1,4,0,0,4,4,3,4,3,0,2,4,2,2,2,0,0,3,3,4,4,1,3,4,4,0,3,0,3,0,4,2,0,2,4,4,2,1,3,4,4,0,1,3,0,0,0,3,4,1,4,3,4,2,0,2,2,3,0,0,2,3,0,0,4,3,1,1,1,4,2,4,3,3,0,1,4,1,3,0,4,3,3,0,4,2,0,3,0,3,4,4,3,0,0,0,4,4,0,4,4,4,3,4,3,4,4,4,0,3,0,4,0,2,0,3,0,0,0,0,1,3,3,2,1,0,0,4,3,0,4,2,4,0,0,1,0,0,4,4,4,1,1,1,0,4,2,0,0,2,0,3,3,0,0,4,0,0,4,2,1,1,2,0,0,2,3,2,0,3,1,1,4,2,4,0,4,4,2,0,4,3,3,1,3,3,4,3,1,4,1,4,4,1,1,1,3,4,4,4,1,0,2,3,0,1,0,4,1,1,1,4,0,0,1,3,1,4,4,4,3,3,3,0,4,4,3,2,3,1,4,3,2,4,4,4,3,3,3,3,3,4,4,2,0,0,2,1,2,2,2,2,2,3,4,0,2,1,0,3,2,3,0,0,0,0,1,0,4,4,3,2,0,2,4,3,1,2,2,4,2,4,2,0,3,3,1,1,3,4,1,4,3,1,3,2,1,2,2,1,4,2,0,2,0,4,0,0,4,4,0,3,2,4,4,4,4,1,0,3,1,3,2,2,2,3,3,3,1,1,3,0,2,0,0,0,0,1,4,2,4,3,3,4,3,0,4,3,3,0,4,0,1,2,4,4,3,4,4,3,4,1,3,3,4,3,1,4,2,3,3,0,0,0,2,3,0,2,4,0,0,1,2,3,3,3,3,3,0,1,3,0,2,3,2,3,3,3,4,3,4,2,0,1,3,3,1,0,0,0,3,3,1,2,1,3,2,0,0,2,4,3,0,1,3,0,4,2,4,4,4,0,1,4,0,4,0,4,0,2,4,4,4,2,0,3,4,1,4,3,4,2,3,3,1,0,3,3,2,0,2,2,2,3,3,4,0,4,1,4,0,0,4,0,1,2,3,1,0,2,2,1,3,3,1,3,3,3,2,2,4,0,0,4,3,1,1,1,3,1,1,4,2,3,1,3,1,1,1,0,1,4,1,0,1,4,3,4,4,1,0,2,3,0,0,0,1,1,4,0,3,3,3,1,1,2,3,3,2,2,2,2,4,4,3,1,2,2,2,0,3,3,4,4,3,0,4,3,1,2,4,4,1,4,0,2,2,3,2,3,4,3,1,3,3,4,2,3,3,1,4,1,2,3,1,2,1,1,2,3,2,1,3,3,4,2,2,4,2,4,3,3,1,2,4,2,3,4,1,3,4,0,3,4,0,1,4,1,2,3,0,1,4,0,4,4,0,4,4,0,4,4,4,0,2,1,4,0,4,4,4,4,3,4,4,3,4,4,4,0,1,3,4,0,1,4,1,2,4,1,1,0,4,3,1,1,1,4,2,3,4,2,0,3,3,1,4,4,2,2,2,1,4,3,3,3,2,4,0,4,3,2,4,4,4,4,4,2,0,0,0,3,3,1,1,4,2,4,2,4,4,2,3,3,3,2,1,4,0,0,3,4,4,0,4,4,0,4,1,1,2,1,2,0,0,3,2,0,4,0,0,3,1,3,4,3,4,1,0,0
15060021,4,2,1,3,1,3,3,4,4,0,0,3,1,0,2,4,2,3,0,4,2,0,4,0,0,3,4,0,1,2,0,4,0,0,2,0,4,4,0,4,2,2,2,4,2,3,3,0,1,0,0,4,0,3,4,4,3,4,4,0,4,1,1,3,4,0,0,4,3,0,0,4,0,4,3,1,3,3,4,4,1,1,0,2,0,0,0,4,3,4,0,4,0,0,0,4,0,4,0,1,0,4,1,4,4,4,3,3,4,0,2,0,3,1,4,2,3,0,4,0,4,4,4,1,4,2,1,4,1,2,4,2,2,1,1,4,0,1,3,4,0,3,2,4,0,4,4,4,0,0,0,4,0,4,0,0,4,0,3,4,4,1,0,1,0,0,1,0,0,0,4,3,3,4,4,0,0,0,4,3,4,0,3,4,4,0,4,1,1,1,3,0,4,1,0,1,1,0,0,0,4,0,4,1,4,3,4,0,4,0,1,4,4,4,0,0,2,3,3,4,3,0,4,1,2,4,2,1,4,4,2,4,4,4,4,2,4,2,2,2,0,4,4,4,4,0,0,3,4,4,0,4,0,0,4,4,3,4,4,0,4,4,2,3,2,0,0,3,3,4,3,0,4,4,4,0,4,2,4,1,4,0,0,1,4,4,1,0,1,3,4,0,0,3,3,0,0,3,3,1,4,2,4,4,0,2,3,4,0,0,1,2,1,0,4,4,1,0,0,4,2,4,4,3,0,3,3,0,3,0,4,4,4,0,3,2,0,4,0,4,2,3,4,0,0,0,4,4,0,4,4,4,4,3,4,3,4,4,0,0,0,4,2,0,0,3,0,0,0,0,0,1,4,1,0,0,0,4,4,0,3,2,4,0,0,0,0,0,4,4,4,0,1,0,0,3,4,0,0,0,0,4,4,1,1,4,0,0,4,4,0,2,2,2,2,2,4,4,0,4,0,0,4,1,4,0,4,4,2,0,4,3,4,0,4,4,3,4,2,4,0,4,4,2,0,0,2,4,4,4,0,0,4,1,1,1,0,4,0,1,0,3,1,0,1,4,0,4,4,4,4,3,1,0,4,4,3,1,4,1,4,4,2,4,3,4,2,4,2,3,3,4,3,1,0,0,3,1,4,4,0,2,3,4,4,0,0,0,0,4,3,4,0,0,0,0,3,0,4,4,4,1,0,4,4,1,4,4,3,4,2,2,4,1,2,4,0,1,2,4,2,4,3,0,3,0,1,1,2,0,4,3,0,1,0,3,0,0,4,4,0,4,4,4,4,4,4,0,0,4,1,3,0,3,2,3,3,3,2,3,4,1,4,0,0,0,0,0,4,1,3,4,4,4,3,0,4,4,4,1,4,0,3,4,2,4,3,4,4,4,4,0,4,4,4,4,0,3,1,3,4,0,0,0,3,4,0,3,4,0,0,1,4,4,4,4,4,4,0,0,4,0,0,3,1,4,4,4,4,1,3,2,0,3,4,1,1,0,0,0,4,4,3,3,1,4,4,0,0,3,4,3,0,0,4,0,4,4,4,4,4,0,0,4,0,4,0,4,1,4,4,4,4,2,1,3,4,0,4,4,4,2,3,4,0,0,4,4,4,3,0,2,4,4,4,2,0,3,4,4,0,0,4,0,2,4,2,1,0,3,2,0,4,4,0,4,2,2,3,3,3,1,0,4,0,0,0,0,4,0,0,4,2,4,0,4,2,0,0,0,2,4,4,0,3,4,4,3,3,1,0,4,4,0,0,0,0,1,4,0,4,3,4,0,3,2,4,2,2,0,2,1,4,4,3,1,1,0,2,1,4,0,4,4,3,2,4,2,0,1,2,4,2,2,2,1,4,4,1,4,2,4,0,4,2,3,3,4,4,1,4,1,3,3,0,1,0,3,3,3,3,0,4,4,1,0,2,4,4,4,3,1,1,3,4,2,4,4,2,2,2,0,4,4,1,3,4,1,2,4,0,1,4,0,4,4,0,4,4,0,4,4,4,0,0,2,4,0,2,4,4,4,2,4,4,4,4,4,4,0,0,4,3,0,1,4,0,2,4,0,1,0,4,3,0,0,1,4,0,3,4,2,0,4,2,0,4,4,2,2,2,3,4,2,3,4,3,4,0,4,3,2,4,2,2,4,4,2,2,2,2,2,2,1,1,1,2,4,0,3,4,3,4,3,3,1,1,4,1,0,4,4,3,0,4,4,0,4,0,1,2,1,2,0,0,4,1,1,3,0,0,1,0,4,4,1,4,2,0,0
15061367,3,1,1,3,2,2,1,4,4,0,2,1,1,0,2,2,4,4,0,3,3,1,4,0,0,4,3,1,1,1,0,4,0,0,1,0,4,4,0,3,2,2,1,4,2,4,4,1,1,0,0,4,0,4,4,4,2,4,4,0,4,1,0,2,4,0,0,4,2,1,1,4,0,2,3,3,2,1,4,4,1,2,1,2,0,1,1,4,2,3,1,3,1,0,0,4,0,4,0,0,0,4,0,4,4,3,4,4,4,1,1,0,3,1,4,2,3,2,4,0,4,4,4,0,3,2,2,2,0,2,4,3,2,0,1,3,0,2,3,4,1,4,3,4,0,4,4,4,0,0,0,4,0,4,0,0,4,1,4,4,4,3,0,4,0,0,1,0,0,0,3,3,3,4,3,2,0,0,4,4,4,1,3,3,4,0,4,1,1,1,4,0,4,1,0,2,2,0,0,0,4,0,3,2,3,4,4,1,4,0,1,4,3,4,0,0,2,3,4,3,2,0,4,1,2,4,2,2,3,4,4,4,4,4,2,1,4,2,4,1,0,4,4,3,4,0,0,1,3,4,0,4,0,0,4,3,3,4,4,0,4,4,2,3,4,0,0,3,2,4,4,0,4,4,4,0,3,2,4,2,4,3,0,1,3,3,1,0,4,4,4,0,1,2,0,0,0,1,4,0,4,2,4,4,0,2,2,3,0,0,2,2,1,0,3,3,2,0,0,3,1,3,4,2,1,2,3,1,4,1,3,4,4,0,4,3,0,4,0,3,3,4,4,0,0,0,4,4,0,3,4,4,4,4,2,4,4,4,0,1,0,4,1,1,0,2,0,0,0,0,0,2,2,2,1,0,0,4,4,0,3,3,4,0,0,0,1,0,4,4,3,1,1,0,0,3,0,0,0,1,0,3,4,1,1,3,0,0,4,4,1,2,3,2,1,3,4,3,0,4,0,2,3,1,4,0,4,2,2,0,4,2,4,2,4,4,3,4,0,4,0,4,4,1,1,0,2,4,4,4,0,0,3,3,1,0,1,4,1,1,3,1,1,0,2,3,3,4,3,4,3,3,2,0,4,4,2,4,4,1,4,4,2,4,4,4,3,4,1,4,4,4,4,1,0,0,2,0,4,4,0,1,2,4,4,1,1,1,0,4,4,4,0,0,0,0,3,0,4,4,4,2,1,2,4,3,2,4,3,4,3,4,4,0,2,4,1,2,3,4,1,4,4,0,3,1,0,1,4,1,3,3,1,1,0,3,0,0,3,4,2,4,2,4,4,4,4,0,1,3,1,3,1,2,2,2,4,2,0,1,4,1,3,1,0,1,0,3,4,2,3,4,4,4,3,0,4,4,2,1,3,0,1,4,4,4,4,4,4,2,4,0,4,4,4,4,0,4,1,3,4,0,0,0,3,4,0,2,4,0,0,1,2,3,3,3,3,4,0,1,3,0,2,4,3,4,4,4,4,2,3,1,0,1,4,3,1,0,0,0,4,4,2,3,3,4,2,1,1,2,4,2,0,0,4,0,4,4,4,4,4,0,0,4,0,4,0,4,3,2,4,4,4,4,0,2,4,2,2,4,4,3,3,3,1,0,3,3,4,0,0,1,4,3,3,3,0,3,2,4,0,0,4,0,1,3,3,0,0,3,3,1,4,4,1,3,2,1,0,2,3,1,0,4,2,1,0,1,4,0,2,4,2,4,0,2,0,0,2,1,1,4,3,0,2,4,4,4,4,2,NA,4,4,0,0,1,1,2,4,0,3,4,4,0,0,1,4,3,2,0,2,2,4,4,2,2,1,0,1,1,4,2,4,3,3,0,4,1,0,3,4,4,1,4,0,1,4,3,2,4,3,4,0,4,1,3,2,4,4,0,4,2,2,4,0,2,0,2,3,3,2,0,4,4,1,0,2,4,4,3,3,3,0,1,4,3,4,4,1,3,4,0,4,4,0,4,4,1,4,4,0,3,4,0,4,4,0,4,4,0,3,3,4,2,3,2,4,1,1,4,4,3,1,4,4,4,4,4,3,0,0,4,4,2,4,4,0,3,4,2,2,0,4,3,1,1,2,4,0,3,3,4,0,4,1,1,3,3,1,1,2,3,4,2,2,4,3,4,0,4,4,2,4,3,1,3,3,2,1,2,1,4,4,2,2,2,2,4,0,3,4,2,2,4,4,3,0,4,0,0,4,4,4,1,3,4,0,3,1,1,3,1,4,2,2,4,1,0,3,0,0,2,0,3,4,2,4,2,0,0
15061731,4,0,0,4,0,4,2,4,3,0,0,0,0,0,4,2,3,3,0,4,4,2,4,0,0,4,3,1,0,0,0,4,0,0,4,2,4,3,0,4,2,2,2,4,2,4,4,1,3,0,0,4,0,4,3,4,2,4,4,0,4,1,1,3,4,0,0,4,4,0,1,4,0,2,4,4,4,3,4,3,1,1,0,4,0,0,0,4,2,4,0,4,0,0,0,4,0,4,0,0,0,4,1,4,4,4,4,4,4,1,2,0,4,0,4,0,4,1,4,0,4,4,4,0,3,2,1,3,0,4,4,3,2,0,1,4,0,2,4,4,0,4,3,4,0,4,4,4,0,1,1,4,0,4,0,0,4,0,4,4,4,3,0,1,0,0,3,0,0,0,3,3,4,4,4,0,0,0,4,4,4,0,3,2,4,0,4,2,1,2,3,0,4,0,0,2,0,0,0,0,4,0,4,4,4,4,4,2,4,0,0,4,4,4,0,0,0,1,4,3,2,0,4,1,2,3,2,2,3,4,1,3,4,4,2,2,4,3,4,1,0,4,4,4,4,0,0,1,4,4,0,4,0,0,4,4,3,3,4,0,3,4,4,1,4,0,0,4,4,4,4,0,4,4,4,0,4,2,4,0,4,1,0,1,4,4,3,0,2,2,4,0,0,4,1,0,0,2,2,0,4,2,4,3,0,1,4,4,0,0,3,3,0,0,4,4,0,0,0,4,1,4,4,4,0,3,3,1,4,0,4,4,4,0,3,3,2,4,0,4,4,4,4,0,0,0,4,4,0,4,4,4,4,3,4,4,4,4,0,0,0,4,0,1,0,3,0,0,0,0,0,2,3,1,1,1,1,3,4,0,4,0,4,0,0,0,0,0,4,4,4,0,1,0,0,4,2,0,0,1,0,3,4,3,2,4,0,0,4,4,0,3,3,0,1,3,4,3,0,4,0,0,3,1,4,0,4,3,3,0,4,3,4,1,4,4,4,3,2,4,0,4,4,2,1,0,2,4,4,4,0,0,3,1,1,0,0,4,2,1,1,1,1,0,1,4,1,4,3,4,4,3,2,0,4,4,2,2,4,1,4,4,0,4,4,4,3,4,2,2,2,4,3,2,0,0,3,1,4,4,1,3,2,4,4,0,2,0,0,4,4,4,0,0,0,0,4,0,4,4,4,1,1,3,4,2,2,4,2,4,1,3,4,1,3,4,1,1,4,4,1,4,3,0,4,2,0,2,2,1,4,2,0,0,0,4,0,0,4,4,0,4,2,4,4,4,4,0,0,4,0,4,2,1,1,4,3,3,1,2,3,1,2,1,0,0,0,1,4,1,4,4,4,4,4,0,4,4,1,0,3,0,2,4,4,4,3,4,4,4,4,0,4,4,4,4,0,3,1,2,4,0,0,0,1,4,0,3,4,0,0,0,3,4,4,4,4,4,0,0,4,0,1,4,3,4,4,4,4,2,4,2,0,1,4,3,2,0,0,0,3,4,3,2,3,4,2,0,0,4,3,3,0,0,4,0,4,4,4,4,4,0,0,4,0,4,0,4,1,3,4,4,4,3,1,3,4,0,4,4,4,2,4,4,0,2,4,4,4,2,0,1,4,3,4,1,0,4,3,2,2,2,4,0,1,3,2,1,0,3,3,0,4,4,0,4,4,3,3,3,4,0,0,4,1,1,0,2,4,0,2,4,2,4,0,2,1,0,2,2,1,4,1,0,3,4,4,3,2,1,0,4,4,0,0,2,0,0,4,0,4,4,4,0,0,2,4,3,3,0,1,2,3,3,2,3,2,1,2,1,3,2,4,4,4,0,4,1,0,4,4,4,2,4,0,0,4,4,1,4,3,4,0,4,2,3,3,4,4,0,4,0,3,2,0,2,0,1,3,3,3,0,4,4,3,0,0,4,1,3,3,2,1,3,4,2,4,4,2,2,3,0,4,4,1,3,3,0,2,3,0,0,4,0,4,4,0,4,4,0,3,3,4,1,1,3,4,0,3,4,4,4,2,4,4,4,4,4,2,0,3,4,3,0,0,4,0,4,4,2,3,0,4,3,0,0,1,4,3,4,4,2,0,4,2,0,4,4,3,2,2,3,4,2,2,4,4,4,0,4,4,1,4,2,1,3,3,1,2,2,1,2,2,1,1,2,1,4,0,3,4,4,4,3,3,2,0,4,1,0,4,3,4,0,4,4,0,4,0,0,2,0,2,0,0,4,0,0,4,0,0,1,0,4,4,1,4,2,0,0
15061514,4,2,0,4,0,4,4,4,4,0,0,2,1,0,4,1,4,4,0,4,2,0,4,0,0,4,4,0,2,1,0,4,0,0,3,2,4,2,0,4,3,1,3,4,3,4,4,2,3,0,0,4,0,4,4,4,4,4,4,0,4,1,1,3,4,0,0,4,4,0,1,4,0,3,4,4,0,0,4,4,2,2,0,4,0,0,0,4,2,4,0,4,0,0,0,4,0,4,0,0,0,4,0,4,4,4,4,4,4,0,2,2,4,1,4,3,4,1,4,0,4,4,4,0,3,1,0,3,0,3,4,3,4,1,0,4,0,3,4,4,0,4,4,4,0,4,4,4,0,0,0,4,0,4,0,0,4,0,4,4,4,3,0,3,0,0,3,0,0,0,4,2,4,4,4,0,0,0,4,4,4,0,4,4,4,0,4,3,2,1,3,0,4,1,0,3,1,0,0,0,4,0,4,0,4,4,4,2,4,0,1,4,4,4,0,0,3,2,4,3,2,0,4,2,1,3,1,3,4,4,2,2,4,2,2,2,4,3,4,3,0,4,4,4,4,0,0,1,4,4,0,4,0,0,4,4,3,4,4,0,3,4,3,2,4,1,1,3,4,4,4,0,4,4,4,0,4,1,4,0,4,3,0,0,4,3,0,0,2,3,4,0,0,3,3,0,0,3,1,2,4,2,4,2,0,1,3,4,0,0,2,4,0,0,4,4,0,0,0,4,3,4,4,3,0,0,4,0,4,0,4,4,4,0,4,3,1,4,0,4,4,3,4,0,0,0,4,4,0,4,4,4,4,4,4,4,4,4,0,3,0,4,0,1,0,3,0,0,0,0,0,1,2,0,2,2,0,4,4,0,4,3,3,0,0,0,0,0,4,4,4,1,1,0,0,4,3,0,0,2,0,3,4,1,1,4,0,0,4,4,0,2,4,1,0,4,4,4,0,4,0,1,3,3,4,0,4,3,2,0,4,4,4,0,4,2,3,4,1,4,0,4,4,1,0,0,3,4,4,4,0,0,3,0,1,0,0,4,0,1,1,2,1,0,0,4,0,4,3,4,4,3,2,0,4,4,1,2,4,0,3,4,3,4,3,4,3,4,1,1,1,4,3,2,0,0,3,0,4,4,1,1,3,4,4,0,0,0,0,4,4,4,0,0,1,0,3,0,4,4,4,0,0,3,4,3,3,4,1,4,3,3,4,2,3,4,1,2,3,4,0,4,2,0,3,1,0,3,2,1,4,1,0,1,0,4,0,0,4,4,0,4,1,4,4,4,4,0,2,4,1,4,2,2,2,3,4,3,0,2,2,1,1,0,0,1,0,1,4,1,4,4,4,3,4,0,4,4,4,0,3,0,2,3,3,4,4,4,4,4,4,0,4,4,4,4,0,4,0,3,4,0,0,0,2,4,0,2,4,0,0,0,4,4,4,4,4,4,0,0,4,0,0,2,1,4,4,4,4,0,4,4,0,2,4,2,1,0,0,0,4,4,2,2,3,4,2,0,0,3,3,4,0,0,4,0,4,3,4,4,4,0,0,4,0,4,0,4,0,4,4,4,4,3,0,3,4,0,4,4,4,1,3,4,1,0,3,3,4,2,0,1,4,4,2,2,0,4,4,4,0,0,4,0,1,4,3,1,0,4,4,0,4,3,0,4,3,3,4,4,3,1,0,4,1,1,0,0,4,0,0,4,0,4,0,2,1,0,0,0,1,4,1,0,4,4,3,3,3,0,0,4,4,1,0,2,0,0,4,0,3,4,4,0,1,1,3,2,3,0,1,3,3,3,1,3,1,0,1,1,2,2,4,3,4,1,4,1,0,4,4,4,0,4,0,0,4,4,2,4,4,4,0,4,3,2,4,4,4,0,4,1,4,2,0,2,0,1,3,3,3,0,4,4,3,0,2,4,3,3,2,2,1,3,4,3,4,4,2,2,2,0,4,4,1,3,3,0,2,3,0,0,3,0,4,4,0,4,4,0,4,4,4,0,1,1,4,0,3,4,4,4,3,4,4,4,4,4,4,0,3,4,4,1,3,4,0,3,4,0,3,0,4,1,0,0,1,3,2,4,4,2,0,4,3,1,4,4,4,2,1,3,4,3,1,4,4,4,0,4,3,2,3,3,3,4,4,2,1,1,1,2,3,0,0,1,2,4,0,3,4,4,4,2,4,3,0,4,1,0,4,3,4,0,4,4,0,4,0,0,2,0,2,0,0,4,0,0,4,0,0,1,0,4,4,1,4,1,0,0
15061364,4,2,0,4,0,4,2,4,3,0,0,1,0,0,3,3,3,3,0,4,2,0,4,0,0,4,4,0,2,0,0,4,0,0,3,2,4,3,0,4,2,1,3,4,2,4,4,1,3,0,0,4,0,4,3,4,3,4,4,0,4,2,2,2,4,0,0,4,4,1,0,4,0,3,4,4,2,1,4,4,1,2,0,4,0,0,1,4,2,4,0,4,0,0,0,4,0,4,0,0,0,4,1,4,4,4,4,4,4,0,0,0,4,0,4,2,3,2,4,0,4,4,4,0,2,1,0,3,0,4,4,3,2,1,0,4,0,1,4,4,0,3,3,4,0,4,4,4,0,0,0,4,0,4,0,0,4,0,4,4,4,2,0,1,0,0,2,0,0,0,4,4,4,4,4,0,0,0,4,4,4,1,3,3,4,0,4,2,1,3,3,0,4,0,0,2,1,0,0,0,4,0,4,3,4,4,4,1,4,0,0,4,4,4,0,0,1,2,4,2,3,0,4,2,1,3,1,2,1,4,0,3,4,4,1,1,4,3,2,3,0,4,4,3,4,0,0,2,4,4,0,4,0,0,4,4,3,4,4,0,4,4,2,2,3,0,1,3,4,4,3,0,4,4,4,1,4,2,4,0,4,2,0,0,4,3,2,0,1,3,4,0,0,3,2,0,0,4,2,1,4,1,4,3,0,0,4,4,0,0,1,3,0,0,4,4,0,0,0,4,2,4,4,3,0,1,4,0,4,0,4,4,4,1,2,4,0,4,0,4,4,3,4,0,0,0,4,4,0,4,4,4,4,3,3,4,4,4,0,1,0,4,0,0,0,3,0,0,0,0,0,3,4,0,2,1,0,3,4,0,4,1,4,0,0,0,0,0,3,4,4,1,1,0,0,4,1,0,0,1,0,4,4,0,0,3,0,0,4,4,0,3,2,1,2,2,4,3,0,4,0,0,3,2,4,0,4,2,1,0,4,4,4,0,4,4,2,3,2,4,0,4,4,2,0,0,2,4,4,4,0,0,3,2,1,0,0,4,1,0,1,1,2,0,1,3,0,4,4,4,4,3,2,0,4,4,1,0,4,2,4,4,1,4,3,3,4,4,2,2,2,4,4,2,0,0,3,0,4,4,1,3,3,4,4,0,0,0,0,4,4,4,0,0,0,0,4,0,4,4,4,1,0,3,4,2,3,4,0,4,1,3,4,2,3,4,1,1,3,4,2,4,3,0,4,2,0,2,2,1,4,1,0,1,0,4,0,0,4,4,0,4,2,4,4,4,4,0,0,4,0,4,2,1,1,3,3,3,2,1,2,1,2,1,0,0,0,2,4,2,4,4,4,4,4,0,4,4,3,0,3,0,0,3,3,4,4,4,4,4,4,0,4,4,4,4,0,3,1,4,4,0,0,0,2,4,0,4,4,0,0,0,3,4,4,4,4,4,0,0,4,0,0,3,3,4,4,4,4,1,3,2,0,1,4,2,1,0,0,0,3,4,3,2,3,4,1,0,0,3,3,3,0,0,4,0,4,3,4,4,4,0,0,4,0,4,0,4,1,4,4,4,4,3,1,3,4,0,4,4,4,2,4,4,0,0,4,4,4,2,0,0,4,3,4,2,0,3,3,4,0,0,4,0,1,4,1,1,0,3,3,0,4,4,0,4,2,4,3,3,4,0,0,4,1,1,0,1,4,0,2,4,2,4,1,3,1,1,1,0,2,4,3,0,3,4,4,4,3,1,0,4,4,0,0,0,0,0,4,0,3,4,4,0,0,1,4,2,2,0,2,2,3,3,1,3,1,0,1,1,3,2,4,3,3,0,4,2,0,3,4,4,0,4,0,1,3,3,2,4,3,4,0,4,2,3,3,4,4,1,4,2,3,4,1,2,0,2,3,2,2,0,4,4,3,0,1,4,2,3,3,4,1,2,4,2,4,4,1,3,4,0,4,4,0,1,2,1,3,4,0,1,4,0,4,4,0,4,4,0,4,4,4,1,1,3,4,0,2,4,4,4,1,4,4,4,4,4,3,0,2,4,3,1,2,4,0,4,4,1,4,0,4,2,0,0,1,4,1,4,4,2,0,4,2,1,4,4,3,2,2,2,4,4,1,4,3,4,0,4,3,1,4,2,1,3,3,1,2,2,2,4,4,0,0,1,2,4,0,4,4,4,4,3,4,1,0,4,1,0,4,3,4,0,4,4,0,4,0,1,2,1,1,0,0,4,0,0,4,0,0,2,0,4,4,2,4,3,0,0
15062347,4,0,0,4,0,4,2,4,4,0,0,2,2,0,3,2,3,3,0,4,4,1,4,0,0,4,3,1,0,1,0,4,0,0,4,2,4,3,0,4,3,2,2,4,3,4,4,2,3,0,0,4,0,4,4,4,2,4,4,0,4,0,2,4,4,0,0,4,4,0,1,4,0,3,4,4,2,2,4,4,2,2,0,4,0,0,1,4,3,4,0,4,0,0,0,4,0,4,0,0,0,4,1,4,4,4,4,4,4,1,2,0,4,1,4,2,3,1,4,0,4,4,4,0,3,1,0,3,0,3,4,2,2,0,2,4,0,2,4,3,0,3,3,4,0,4,4,4,0,0,0,4,0,4,0,0,4,0,4,4,3,2,0,1,0,0,3,0,0,0,3,3,4,4,4,0,2,1,3,4,4,0,3,4,4,0,4,2,2,1,4,0,4,1,0,2,2,0,0,0,4,0,4,1,4,4,4,1,4,0,1,4,4,4,0,0,1,2,4,2,3,0,4,3,0,3,1,3,3,4,1,4,4,4,2,2,4,3,3,3,0,4,4,4,4,0,0,1,4,4,0,4,0,0,4,4,4,3,4,0,3,4,3,1,3,1,0,3,4,4,4,0,4,4,4,1,4,1,4,0,4,1,0,1,4,3,1,0,1,3,4,0,0,4,1,0,0,2,4,1,4,2,4,2,1,0,4,4,0,0,2,3,0,0,4,4,0,0,0,4,3,4,4,3,0,1,4,0,4,0,4,4,4,0,3,3,0,4,0,4,4,3,4,0,0,0,4,4,0,3,4,4,4,4,4,4,4,4,0,1,0,4,0,1,0,3,1,1,0,0,0,4,2,1,3,2,0,3,4,0,4,1,4,0,0,0,0,0,4,4,3,1,1,0,0,4,2,0,0,2,0,3,4,3,2,3,0,0,4,4,0,3,3,0,1,3,4,2,0,4,0,1,3,1,4,0,4,4,3,0,4,4,4,1,4,2,2,3,2,4,0,4,4,1,1,0,3,4,4,4,0,0,3,1,1,0,1,4,0,1,1,1,2,0,2,4,1,4,3,4,4,4,2,0,4,4,1,2,4,1,3,4,2,4,4,3,3,4,2,1,1,4,3,2,0,0,4,2,4,4,1,4,3,4,4,0,0,0,0,4,4,4,0,0,1,0,4,0,4,4,4,2,0,4,4,1,4,4,2,4,2,2,4,1,1,4,0,1,4,4,1,4,4,0,4,1,0,3,1,1,4,0,0,1,0,3,0,0,3,4,0,4,2,4,4,4,4,0,1,4,1,4,2,2,2,4,2,4,1,1,3,1,2,1,0,0,0,1,4,1,4,4,4,2,4,1,4,4,3,0,3,0,2,3,4,4,4,4,4,4,4,0,4,4,4,4,0,3,1,3,4,0,0,0,2,4,0,2,4,0,0,1,3,4,4,4,4,4,0,0,4,0,1,2,1,4,4,4,4,0,3,3,0,2,4,3,0,0,0,0,2,4,3,1,3,4,4,0,0,4,4,2,0,0,4,0,4,3,4,4,4,0,0,4,0,4,0,4,1,3,4,4,3,4,0,4,4,0,4,4,4,3,4,4,0,0,4,4,4,2,0,1,4,3,4,2,0,3,3,2,2,2,4,1,0,4,1,2,0,3,3,0,4,4,0,4,1,4,3,3,3,1,0,4,0,1,0,1,4,0,2,4,2,4,1,2,1,1,1,1,2,4,4,0,2,4,3,3,3,2,0,4,4,1,0,0,0,0,4,0,4,4,4,0,0,1,3,3,1,0,3,0,4,4,1,3,1,0,3,0,4,3,4,3,3,0,4,2,0,4,4,4,0,4,0,0,4,3,0,4,3,4,0,4,3,3,3,4,4,0,4,0,3,2,0,4,0,1,2,3,3,0,4,4,2,0,2,4,4,2,2,2,1,4,4,3,4,4,2,2,4,0,4,4,1,2,2,0,2,3,0,2,3,0,4,4,0,4,4,0,4,4,4,1,1,2,4,0,2,4,4,4,3,4,4,3,4,4,4,0,1,4,2,0,2,4,0,3,4,0,3,0,4,2,0,0,0,2,4,4,3,2,0,4,0,1,4,4,0,0,0,2,4,3,2,4,3,4,0,4,4,2,4,2,1,3,3,2,2,2,2,3,3,1,1,1,1,4,0,4,4,3,4,2,4,3,0,4,1,0,4,4,4,0,4,4,0,4,0,1,1,1,2,0,0,4,0,0,4,0,0,2,0,4,3,2,4,2,0,0
15061314,4,3,0,4,0,4,2,4,3,0,0,1,0,0,3,3,3,3,0,3,1,0,4,0,0,4,4,0,3,1,0,4,0,0,4,2,4,3,0,4,1,1,3,4,2,4,4,2,4,0,0,4,0,4,4,4,3,4,4,0,4,1,1,3,4,1,0,4,4,0,1,4,0,3,4,4,2,2,4,3,1,1,0,3,0,0,1,4,2,4,0,4,0,0,0,4,0,4,0,0,0,4,0,4,4,4,4,4,4,0,1,1,4,0,4,2,3,0,4,0,4,4,4,0,3,3,0,3,0,3,4,1,1,1,2,4,0,3,4,4,0,4,3,4,0,4,4,4,0,1,0,4,0,4,0,0,4,0,4,4,3,1,0,2,0,0,2,0,0,0,3,2,4,4,4,0,1,1,3,4,4,1,3,3,4,0,4,2,0,1,4,0,4,0,0,2,1,0,0,0,4,0,3,1,4,4,4,1,4,2,0,4,4,4,0,0,0,1,4,2,3,0,4,0,3,3,0,3,4,3,1,1,3,2,1,2,4,4,4,3,1,4,4,4,3,0,1,1,4,4,0,3,0,0,4,4,3,4,4,0,2,4,4,2,4,0,0,3,4,4,4,0,4,4,4,1,4,2,4,0,4,2,0,0,4,4,1,0,1,1,4,0,0,4,1,0,0,3,2,2,4,1,4,4,0,2,4,4,0,0,1,3,0,0,4,4,0,0,0,4,2,4,4,4,0,3,3,0,4,0,4,4,4,0,3,3,0,4,0,4,4,3,4,0,0,0,4,4,0,3,4,4,4,3,4,4,4,4,0,2,0,4,0,1,0,4,1,1,0,0,0,2,4,0,1,1,0,4,4,0,4,1,4,0,0,0,0,0,3,4,4,0,2,0,0,4,2,0,0,1,0,3,4,1,1,3,0,0,4,4,0,4,2,0,2,2,4,1,0,4,0,1,3,0,4,0,4,4,2,0,4,4,4,0,4,4,4,3,2,4,0,4,4,3,0,0,1,4,4,4,0,0,4,2,1,0,0,4,1,1,1,2,1,0,1,4,0,4,3,4,4,4,3,0,4,4,2,1,4,1,4,4,2,4,3,3,2,4,1,1,1,4,4,1,0,0,3,2,4,4,0,2,4,4,4,0,0,0,0,4,4,4,0,0,0,0,4,0,4,4,4,0,0,3,4,2,2,4,1,4,2,2,4,1,2,4,1,0,3,4,2,4,3,0,4,1,0,1,3,0,4,0,0,2,0,4,0,0,4,4,0,4,1,4,4,4,4,0,0,4,0,4,3,0,0,4,2,4,1,1,3,1,4,1,0,0,0,0,4,1,4,4,4,3,4,1,4,4,4,0,3,0,1,3,3,4,4,4,4,4,4,0,4,4,4,4,0,4,0,3,4,0,0,0,2,4,0,2,4,0,0,0,4,4,4,4,4,4,0,0,4,0,0,3,2,4,4,4,4,2,3,1,0,1,4,3,1,0,0,0,3,4,4,1,2,4,1,0,0,3,2,4,0,0,4,0,4,3,4,4,4,0,0,4,0,4,0,4,0,4,4,4,3,4,0,4,4,0,4,4,4,3,4,4,0,0,3,3,4,2,0,1,4,4,4,2,0,3,4,3,1,1,4,0,0,4,2,1,0,4,4,0,4,3,0,4,3,3,3,2,4,0,0,4,2,0,0,0,4,0,0,4,1,4,0,3,1,0,0,0,1,4,3,0,3,4,4,4,3,0,0,4,4,0,0,1,0,0,4,0,4,4,4,0,1,0,4,1,1,0,3,1,3,3,3,3,2,0,2,1,4,2,4,4,4,1,4,1,0,4,4,4,1,4,0,0,4,3,2,4,3,4,0,4,3,2,4,4,4,2,4,1,4,3,1,1,0,1,4,3,2,0,4,4,3,0,2,4,2,3,3,3,1,3,4,3,4,4,2,2,3,0,4,4,2,2,1,1,3,4,0,0,4,0,4,4,0,4,4,0,4,4,4,1,2,4,4,0,3,4,4,4,3,4,4,3,4,4,4,0,3,4,3,0,2,4,0,3,4,1,2,0,4,2,0,0,0,3,4,4,4,1,0,4,2,0,4,4,2,2,1,2,4,3,2,4,2,4,0,4,4,0,3,2,1,4,4,0,NA,3,2,2,2,0,0,1,2,4,0,4,4,2,4,3,3,2,0,4,1,0,4,4,4,0,4,4,0,4,0,1,1,1,2,0,0,4,0,0,4,0,0,1,0,4,3,2,4,2,0,0
15061763,4,0,0,4,0,4,3,4,3,0,0,1,1,0,4,1,3,3,0,4,4,1,4,0,0,4,4,0,0,1,0,4,0,0,4,1,4,4,0,4,4,0,4,4,3,4,4,0,3,0,0,4,0,4,3,4,2,4,4,0,4,1,1,3,4,0,0,4,4,1,2,4,0,3,4,4,1,1,4,4,1,0,0,3,0,0,0,4,3,4,0,4,0,0,0,4,0,4,0,0,0,4,1,4,4,4,4,4,4,0,2,1,4,0,4,3,3,1,4,0,4,4,4,0,4,3,1,3,0,3,4,1,3,1,2,4,0,2,4,3,0,4,3,4,0,4,4,4,0,1,1,4,0,4,0,0,4,0,4,4,3,3,0,1,0,0,2,0,0,0,3,2,4,4,4,0,1,1,3,4,4,0,3,2,4,0,4,1,1,2,4,0,4,0,0,1,2,0,0,0,4,0,4,2,4,4,4,2,4,0,0,4,4,4,0,0,2,1,4,3,2,0,4,2,1,4,1,3,2,3,3,3,3,2,2,1,4,3,2,2,0,4,4,4,4,0,0,1,4,4,0,4,0,0,4,4,2,4,4,0,3,4,3,3,4,0,1,4,3,4,4,0,4,4,4,1,4,3,4,0,4,1,0,1,4,4,2,0,3,4,4,0,0,3,2,0,0,3,3,1,4,2,4,3,1,0,4,4,0,0,1,3,0,0,4,4,1,0,0,4,1,4,4,3,0,2,4,0,4,0,4,4,4,1,2,2,1,4,0,4,4,4,4,0,0,0,4,4,0,4,4,4,4,2,3,4,4,4,0,1,0,4,0,0,0,3,1,1,0,0,0,2,2,1,1,1,1,3,4,0,4,2,3,0,0,0,0,0,4,4,3,0,2,0,0,4,3,0,0,0,0,4,4,1,1,2,0,0,4,4,0,3,2,1,2,2,4,4,0,4,0,0,2,3,4,0,4,3,3,0,4,4,4,1,4,4,3,4,2,4,0,4,4,1,1,0,3,4,4,4,0,0,4,3,0,0,0,4,2,2,1,0,3,0,2,3,1,4,2,4,4,4,1,0,4,4,2,1,4,0,4,4,1,4,3,NA,2,4,1,2,2,4,4,1,0,0,4,2,4,4,0,3,2,4,4,0,0,0,0,4,4,4,0,0,0,0,4,0,4,4,4,1,0,4,4,1,4,4,0,4,1,4,4,2,3,4,1,0,3,4,1,4,2,0,3,2,0,1,3,1,4,2,0,0,0,4,0,0,4,4,0,4,2,4,4,4,4,0,1,4,0,4,0,2,2,4,2,4,2,0,3,1,2,0,0,0,0,1,4,1,4,4,4,4,4,1,4,4,3,0,3,0,2,4,3,4,4,4,4,4,4,0,4,4,4,4,0,3,1,3,4,0,0,0,0,4,0,3,4,0,0,0,3,4,4,4,4,4,0,0,4,0,1,3,3,4,4,4,4,2,4,2,0,1,4,4,2,0,0,0,3,4,4,1,2,4,2,0,0,4,3,3,0,0,4,0,3,4,4,4,4,0,0,4,0,4,0,4,1,3,4,4,4,2,1,4,4,0,4,4,4,4,4,4,0,1,4,4,4,1,0,2,4,4,3,2,0,3,4,3,1,1,4,0,0,3,3,0,0,3,3,0,4,4,0,4,3,1,4,4,4,0,0,4,1,0,0,2,4,0,2,4,2,4,0,1,1,0,2,1,1,4,3,0,2,4,4,3,3,2,0,4,4,0,0,0,0,0,4,0,4,4,4,0,0,2,4,1,3,0,1,3,3,3,2,3,3,0,1,2,3,1,4,4,4,0,4,1,0,4,4,4,1,4,0,0,4,4,1,4,3,4,0,4,2,3,3,4,4,0,4,1,4,2,0,2,0,1,2,3,2,0,4,4,2,0,1,4,3,2,3,2,0,3,4,1,4,4,3,1,3,0,4,4,0,1,3,0,1,4,0,1,4,0,4,4,0,4,4,0,4,4,4,1,1,3,4,0,2,4,4,4,2,4,4,3,4,4,2,0,1,4,4,2,3,4,0,3,4,2,3,0,4,4,0,0,0,3,3,4,3,2,0,4,2,1,4,4,3,2,2,3,4,2,2,4,3,4,0,4,4,1,4,3,2,3,3,1,1,1,1,2,2,1,1,2,2,4,0,4,4,3,4,4,3,2,0,4,0,0,4,3,3,0,4,4,0,4,0,1,2,1,3,0,0,4,0,0,4,0,0,1,0,4,3,1,4,1,0,0
15062358,4,0,0,4,0,4,2,4,3,0,0,0,0,0,4,3,3,3,0,4,4,2,4,0,0,4,3,1,0,0,0,4,0,0,4,2,4,3,0,4,2,2,2,4,2,4,4,1,3,0,0,4,0,4,3,4,2,4,4,0,4,1,1,3,4,0,0,4,4,0,1,4,0,2,4,4,4,3,4,3,1,1,0,4,0,0,0,4,2,4,0,4,0,0,0,4,0,4,0,0,0,4,1,4,4,4,4,4,4,1,2,0,4,0,4,0,4,1,4,0,4,4,4,0,3,2,1,3,0,4,4,3,2,0,1,3,0,2,4,4,0,4,3,4,0,4,4,4,0,1,1,4,0,4,0,0,4,0,4,4,4,3,0,1,0,0,3,0,0,0,3,3,4,4,4,0,0,0,4,4,4,0,3,2,4,0,4,2,1,2,3,0,4,0,0,2,0,0,0,0,4,0,4,4,4,4,4,2,4,0,0,4,4,4,0,0,0,1,4,3,2,0,4,1,2,3,2,2,3,4,1,3,4,4,2,2,4,3,4,1,0,4,4,4,4,0,0,1,4,4,0,4,0,0,4,4,3,3,4,0,3,4,4,1,4,0,0,4,4,4,4,0,4,4,4,0,4,2,4,0,4,1,0,1,4,4,3,0,2,2,4,0,0,4,1,0,0,2,1,0,4,2,4,3,0,1,4,4,0,0,3,3,0,0,4,4,0,0,0,4,1,4,4,4,0,3,3,1,4,0,4,4,4,0,3,3,2,4,0,4,4,4,4,0,0,0,4,4,0,4,4,4,4,3,4,4,4,4,0,0,0,4,0,1,0,3,0,0,0,0,0,2,3,1,1,1,1,3,4,0,4,0,4,0,0,0,0,0,4,4,4,0,1,0,0,4,2,0,0,1,0,3,4,3,2,4,0,0,4,4,0,3,3,0,1,3,4,3,0,4,0,0,3,1,4,0,4,3,3,0,4,3,4,1,4,4,4,3,2,4,0,4,4,2,1,0,2,4,4,4,0,0,3,1,1,0,0,4,2,1,1,1,1,0,1,4,1,4,3,4,4,3,2,0,4,4,2,2,4,1,4,4,0,4,4,4,3,4,2,2,2,4,3,2,0,0,3,1,4,4,1,3,2,4,4,0,2,0,0,4,4,4,0,0,0,0,4,0,4,4,4,1,1,3,4,2,2,4,2,4,1,3,4,1,3,4,1,1,4,4,1,4,3,0,4,2,0,2,2,1,4,2,0,0,0,4,0,0,4,4,0,4,2,4,4,4,4,0,0,4,0,4,2,1,1,4,3,3,1,2,3,1,2,1,0,0,0,1,4,1,4,4,4,4,4,0,4,4,1,0,3,0,2,4,4,4,3,4,4,4,4,0,4,4,4,4,0,3,1,2,4,0,0,0,1,4,0,3,4,0,0,0,3,4,4,4,4,4,0,0,4,0,1,4,3,4,4,4,4,2,4,2,0,1,4,3,2,0,0,0,3,4,3,2,3,4,2,0,0,4,3,3,0,0,4,0,4,4,4,4,4,0,0,4,0,4,0,4,1,3,4,4,4,3,1,3,4,0,4,4,4,2,4,4,0,2,4,4,4,2,0,1,4,3,4,1,0,4,3,2,2,2,4,0,1,3,2,1,0,3,3,0,4,4,0,4,4,3,3,3,4,0,0,4,1,1,0,2,4,0,2,4,2,4,0,2,1,0,2,2,1,4,1,0,3,4,4,3,2,1,0,4,4,0,0,3,0,0,4,0,4,4,4,0,0,2,4,3,3,0,1,3,3,3,2,3,2,1,2,1,3,2,4,4,4,0,4,1,0,4,4,4,2,4,0,0,4,4,1,4,3,4,0,4,2,3,3,4,4,0,4,0,3,2,0,2,0,1,3,3,3,0,4,4,3,0,0,4,1,3,3,2,1,3,4,2,4,4,2,2,3,0,4,4,1,3,3,0,2,3,0,0,4,0,4,4,0,4,4,0,3,3,4,2,1,3,4,0,3,4,4,4,2,4,4,4,4,4,2,0,3,4,3,0,0,4,0,4,4,2,3,0,4,3,0,0,1,4,3,4,4,2,0,4,2,0,4,4,3,2,2,3,4,2,2,4,4,4,0,4,4,1,4,2,1,3,3,1,2,2,1,2,2,1,1,2,1,4,0,3,4,4,4,3,3,2,0,4,1,0,4,3,4,0,4,4,0,4,0,0,2,0,2,0,0,4,0,0,4,0,0,1,0,4,4,1,4,2,0,0
15061469,4,2,2,3,2,3,2,4,3,0,0,1,1,0,3,2,3,3,0,4,2,2,4,0,0,4,3,1,1,0,1,4,1,2,3,1,4,3,1,4,3,2,2,4,4,4,4,1,2,0,0,4,0,3,4,4,4,4,3,0,4,0,2,4,4,0,0,4,4,2,0,4,0,3,4,4,2,1,4,4,1,1,0,4,0,0,0,3,2,4,0,4,0,0,0,4,0,4,0,0,0,4,0,4,4,4,4,3,4,0,1,0,3,0,4,1,3,0,4,0,4,4,4,1,4,1,0,3,0,3,4,2,2,0,2,4,0,2,3,3,0,3,4,4,0,4,4,4,0,1,1,3,0,4,0,0,4,1,4,4,4,0,0,1,1,0,2,0,0,0,4,4,3,4,4,1,0,0,4,4,4,1,4,4,4,0,4,3,0,3,3,0,4,0,0,2,2,0,0,0,4,0,3,1,3,3,4,1,4,0,1,4,3,4,0,0,2,2,4,3,3,0,3,2,0,4,1,3,0,4,2,4,4,4,0,1,4,2,3,2,0,3,4,3,3,0,0,2,4,4,0,3,0,0,4,4,3,4,3,2,4,3,3,1,4,0,1,1,3,4,4,0,4,4,4,1,3,3,4,1,4,1,0,0,4,3,1,1,1,3,4,0,0,3,3,0,0,3,3,2,4,3,4,3,1,0,3,3,0,0,2,3,1,0,4,4,1,0,0,4,1,4,4,1,1,2,4,0,3,0,4,4,4,0,3,3,0,3,0,4,4,3,4,0,0,0,4,4,0,4,4,4,4,4,3,4,3,4,0,0,0,4,0,0,0,3,1,1,0,0,0,2,3,0,2,2,0,2,4,0,3,2,3,0,0,0,2,0,4,4,4,2,1,0,0,4,1,0,1,1,0,3,4,0,0,3,0,0,4,4,0,4,4,1,0,4,4,4,0,4,0,1,3,2,4,0,4,3,3,0,4,3,4,0,4,4,2,4,1,4,1,4,4,2,0,0,1,4,4,4,0,0,2,3,0,0,0,4,0,1,1,2,3,0,2,4,2,4,4,4,4,3,1,0,3,4,0,1,4,1,4,4,1,4,3,3,2,4,1,1,1,3,4,0,0,0,2,0,4,4,1,1,4,4,3,0,2,0,0,4,4,4,0,0,0,0,3,0,4,3,4,2,0,3,3,3,2,4,2,4,1,4,4,2,2,4,0,0,3,4,0,4,2,0,4,2,0,2,1,2,4,1,0,0,0,4,0,0,4,4,1,4,1,4,3,3,4,0,1,4,0,4,1,2,2,4,3,3,1,2,3,1,3,0,0,0,0,3,4,3,4,4,4,3,3,1,3,4,2,1,3,0,0,1,4,4,4,3,4,4,4,0,4,4,4,4,0,3,3,3,4,0,0,0,3,4,0,2,4,0,0,0,3,4,4,4,4,4,0,0,4,0,0,3,3,4,4,4,4,2,4,2,0,1,4,3,1,1,0,0,3,4,3,2,3,4,4,0,0,4,3,2,0,0,4,0,4,3,4,4,4,0,0,4,0,4,0,4,2,4,4,4,4,3,2,3,4,0,4,4,4,2,4,4,0,0,4,4,4,4,0,1,4,4,3,2,0,2,4,4,0,0,4,0,1,4,2,3,1,1,1,0,4,4,0,3,3,2,3,3,4,0,0,3,2,1,0,2,4,0,3,4,3,4,1,2,1,1,2,2,2,4,4,0,3,3,4,4,3,2,0,4,4,0,0,0,0,0,4,0,3,3,3,1,0,2,4,4,2,0,2,1,3,3,0,4,0,0,1,1,4,2,4,3,4,0,3,1,1,3,4,3,0,4,0,1,3,3,1,4,2,4,0,4,2,4,3,4,4,2,3,2,3,4,2,2,0,1,3,3,3,0,4,4,3,0,2,4,4,3,3,4,1,1,4,2,4,4,1,3,4,0,3,4,1,1,2,1,2,4,0,1,4,0,4,4,0,4,4,0,4,4,4,1,0,2,2,0,1,4,4,4,2,4,4,4,4,4,4,0,1,4,3,0,2,3,0,3,3,0,2,0,3,2,0,0,1,3,3,3,3,2,0,3,2,1,4,4,3,2,2,2,4,2,3,4,3,4,0,4,4,2,4,0,0,4,4,2,NA,4,3,4,4,0,0,0,2,4,0,4,3,3,4,4,4,2,0,4,0,0,4,4,4,0,4,4,0,4,0,1,1,1,2,1,1,4,0,0,4,0,0,2,0,4,3,2,4,3,0,0
15061370,4,1,0,4,0,4,3,4,3,0,0,2,1,0,4,2,3,3,0,4,3,0,4,0,1,4,4,0,1,1,0,4,0,0,3,2,4,3,0,4,1,0,4,4,2,4,4,1,3,0,0,4,0,4,3,4,3,4,4,0,4,1,1,3,4,0,0,4,3,1,1,4,0,3,4,4,3,2,4,4,1,1,0,4,0,0,1,4,2,4,0,4,0,0,0,4,0,4,0,0,0,4,0,4,4,4,3,4,4,0,1,0,4,1,4,1,4,1,4,0,4,4,4,1,4,3,0,3,0,3,4,3,1,0,1,4,0,2,4,4,0,4,2,4,0,4,4,4,0,0,0,4,0,4,0,0,4,0,4,4,4,3,0,3,0,0,3,0,0,0,3,3,4,4,4,0,0,0,4,4,4,0,4,4,4,0,4,2,0,1,4,0,4,1,0,2,1,0,0,0,4,0,3,0,4,4,4,1,4,1,0,4,4,4,0,0,0,2,4,3,1,0,4,4,0,3,2,2,3,4,1,2,4,3,2,2,4,3,4,3,1,4,4,4,3,0,1,1,4,4,0,4,0,0,4,4,3,4,4,0,3,4,3,2,4,1,1,3,4,4,3,0,4,4,4,0,4,1,4,0,4,3,0,1,4,3,0,0,1,3,4,0,0,3,0,0,0,2,1,1,4,1,4,1,0,0,2,4,0,0,2,3,0,0,4,4,0,0,0,4,2,4,4,3,0,1,3,0,4,0,4,4,4,0,3,4,1,4,0,4,4,4,4,0,0,0,4,4,0,3,4,4,4,3,4,4,4,4,0,1,0,4,0,0,0,3,0,0,0,0,0,3,3,1,1,1,0,3,4,0,4,1,3,0,0,0,0,0,4,4,4,1,1,0,0,4,1,0,0,2,0,3,4,3,2,4,0,0,4,4,0,4,3,1,1,3,4,2,0,4,0,0,3,1,4,0,4,3,3,0,4,4,4,1,4,2,2,3,2,4,0,4,4,2,1,0,2,4,4,4,0,0,3,3,1,0,1,4,0,1,1,1,2,0,0,4,1,4,4,4,4,4,1,0,4,4,3,1,4,1,4,4,3,4,4,4,4,4,2,0,0,4,3,1,0,0,3,2,4,4,0,3,3,4,4,0,0,0,0,4,4,4,0,0,1,0,3,0,4,4,4,1,0,2,4,3,2,4,1,4,3,2,4,1,2,4,1,1,4,4,0,4,4,0,4,0,0,2,2,0,4,2,0,2,0,3,0,0,3,4,0,4,2,4,4,4,4,0,1,4,1,4,2,2,2,4,1,4,2,1,3,1,3,1,0,1,0,2,4,2,4,4,4,3,4,0,4,4,3,0,3,0,2,4,4,4,4,4,4,4,4,0,4,4,4,4,0,3,1,4,4,0,0,0,2,4,0,4,4,0,0,0,3,4,4,4,4,4,0,0,4,0,1,3,3,4,4,4,4,1,3,2,0,1,4,2,0,0,0,0,3,4,4,2,2,4,2,0,0,4,2,3,0,0,4,0,4,2,4,4,4,0,0,4,0,4,0,4,2,3,4,4,4,4,0,4,4,0,4,4,4,3,4,4,0,1,2,2,4,2,0,0,4,3,4,3,0,3,3,3,1,1,3,1,0,3,1,1,0,3,3,0,4,3,0,4,3,4,2,2,3,1,0,4,1,0,0,0,4,0,0,3,2,4,0,3,1,0,0,0,2,4,4,0,3,4,4,2,4,1,0,4,4,1,0,2,0,0,4,0,4,4,4,0,0,1,4,3,3,0,1,3,2,2,2,3,1,0,2,1,3,2,4,3,4,0,4,2,0,4,4,4,0,4,0,0,4,4,2,4,3,4,0,4,3,3,2,4,4,1,4,1,3,4,0,2,0,2,3,3,1,0,4,4,2,0,2,4,3,3,3,2,0,3,4,2,4,4,2,2,4,0,4,4,1,3,2,0,2,4,0,0,3,0,4,4,0,4,4,0,4,4,4,0,2,2,4,0,4,4,4,4,3,4,4,3,4,4,4,0,3,4,4,1,2,4,0,4,4,0,3,0,4,3,0,0,0,4,4,4,3,2,0,3,2,0,4,4,1,1,3,3,4,4,1,4,3,4,0,4,4,1,3,3,3,3,3,1,1,1,1,3,3,1,1,3,1,4,0,4,4,2,4,3,3,2,0,4,1,0,4,4,4,0,4,4,0,4,0,0,1,0,2,0,0,4,0,0,4,0,0,1,0,3,4,2,4,2,0,0
15061494,4,0,1,3,1,3,3,4,2,0,0,2,1,0,2,2,4,4,0,4,3,2,4,0,0,4,3,1,0,0,1,4,0,0,4,0,4,4,0,4,4,3,1,4,3,4,4,0,2,0,0,4,0,4,4,4,3,4,4,0,4,0,1,4,4,0,0,4,2,0,0,4,0,4,3,3,2,2,4,3,2,1,0,2,0,0,0,4,2,4,0,4,0,0,0,3,0,4,0,0,1,4,1,4,4,4,3,3,4,0,3,1,3,1,4,3,4,3,4,0,4,4,4,1,4,3,1,3,0,3,4,1,3,1,2,4,0,2,3,4,0,3,3,4,0,4,4,4,0,1,0,4,0,4,0,0,4,0,4,4,4,2,0,1,0,0,1,0,0,0,4,2,4,3,3,0,2,0,4,4,4,0,3,4,4,0,4,1,2,3,1,0,4,1,0,0,1,0,0,0,4,0,4,2,3,3,4,2,4,0,1,4,4,4,0,0,2,3,4,3,3,0,4,2,1,4,3,2,4,4,0,4,4,4,2,0,4,2,3,3,0,4,4,4,4,0,0,4,4,4,0,3,0,0,4,3,2,3,4,0,4,4,3,2,3,0,1,4,4,3,2,0,4,4,4,0,4,2,4,1,4,2,0,0,3,3,1,0,2,4,4,0,0,4,0,0,0,3,2,1,4,4,4,3,0,1,3,4,0,0,2,4,1,0,4,4,0,0,0,4,2,4,4,3,0,1,3,0,4,0,4,4,4,1,3,2,1,4,0,4,4,NA,4,0,0,0,4,4,0,3,4,4,4,3,3,4,4,4,0,0,0,4,2,0,0,2,0,1,0,0,0,0,3,1,1,1,0,4,4,0,4,1,3,0,0,0,0,0,4,3,3,1,2,0,0,4,4,0,0,1,0,2,3,1,1,3,0,0,4,4,0,4,2,1,2,2,4,2,0,4,0,0,2,1,4,0,4,2,3,0,4,3,4,0,4,3,3,4,2,4,0,4,4,2,0,0,2,4,4,4,0,0,3,1,0,0,0,4,0,1,2,1,1,0,0,4,0,4,4,4,4,3,0,0,4,4,2,1,4,1,4,3,1,4,1,4,3,4,1,2,2,4,3,0,0,0,4,2,4,4,0,1,3,4,4,0,1,0,0,4,4,4,0,0,0,0,4,0,4,4,4,1,0,4,4,2,3,4,2,4,3,1,4,1,2,4,1,1,3,4,1,4,4,0,4,0,0,3,1,0,4,2,0,0,0,3,0,0,4,4,1,4,2,4,4,4,4,0,0,4,0,4,2,3,2,4,2,3,2,2,3,0,3,0,1,1,0,0,4,0,4,4,4,3,4,1,4,4,4,0,2,0,2,4,3,4,4,4,4,4,4,0,4,4,4,4,0,4,1,2,4,0,0,0,2,4,0,4,4,0,0,2,2,4,4,4,4,3,0,0,4,0,0,2,2,4,4,4,4,0,3,3,0,2,4,2,1,0,0,0,3,4,2,1,3,4,3,0,0,3,3,3,0,0,3,0,3,3,4,4,3,0,0,4,0,4,0,4,0,4,4,4,4,2,1,3,4,0,4,4,4,3,3,4,0,0,3,3,3,1,1,2,3,4,4,3,0,4,4,4,0,0,3,0,2,3,4,0,0,3,3,0,3,2,0,4,2,4,4,1,3,1,0,4,0,0,0,0,4,0,0,2,4,4,1,2,1,1,0,0,3,4,4,0,3,4,3,2,3,1,1,4,4,0,0,1,0,0,4,0,4,3,4,0,1,1,3,3,2,0,2,2,4,4,2,2,1,0,1,1,2,1,4,3,3,1,4,2,0,3,3,4,1,3,1,0,4,3,0,4,3,4,0,4,2,4,4,4,4,0,4,1,4,1,0,0,0,3,2,2,3,0,4,4,2,0,1,4,3,2,3,2,0,3,4,0,4,4,2,2,2,0,4,4,2,2,3,1,2,3,0,1,4,0,4,4,0,4,4,0,4,4,4,1,3,3,4,0,4,4,3,4,4,4,4,2,4,4,4,0,2,4,4,2,3,4,0,2,4,0,1,0,4,2,0,0,1,3,2,3,4,3,0,3,0,1,4,4,2,2,4,2,4,3,2,4,4,4,0,4,4,2,4,3,3,4,4,1,0,1,0,1,1,2,2,2,1,4,0,3,4,1,4,4,4,2,0,4,0,0,4,4,4,0,4,4,0,4,0,0,1,0,3,1,1,4,1,1,3,0,0,1,0,4,4,1,4,3,0,0
15061785,4,1,0,4,0,4,4,4,4,0,0,0,0,0,4,2,4,4,0,4,3,1,4,0,0,4,4,0,1,1,0,4,0,0,4,2,4,2,0,4,1,2,2,4,3,4,4,1,2,0,0,4,0,4,4,4,4,4,4,0,4,2,0,2,4,0,0,4,4,0,1,4,0,3,4,4,0,0,4,4,3,0,0,4,0,0,0,4,3,4,0,4,0,0,0,4,0,4,0,0,0,4,0,4,4,4,4,4,4,0,4,2,4,0,4,2,3,1,4,0,4,4,4,0,1,1,0,4,0,3,4,2,3,2,0,4,0,3,4,4,0,4,3,4,0,4,4,4,0,0,0,4,0,4,0,0,4,0,4,4,4,3,0,1,0,0,4,0,0,0,4,2,4,4,4,0,0,0,4,4,4,0,4,3,4,0,4,2,2,0,4,0,4,0,0,2,2,0,0,0,4,0,4,1,4,4,4,1,4,0,1,4,4,4,0,0,3,2,4,2,2,0,4,2,1,4,3,3,3,4,4,3,4,1,4,2,4,2,2,3,0,4,4,3,4,0,0,0,4,4,0,4,0,0,4,4,2,4,4,0,4,4,1,3,4,0,0,2,4,4,3,0,4,4,4,0,4,1,4,0,4,1,0,0,4,2,1,0,1,3,4,0,0,4,4,0,0,2,2,1,4,3,4,2,0,1,4,4,0,0,4,4,0,0,4,4,0,0,0,4,2,4,4,2,0,2,3,0,4,0,4,4,4,NA,1,4,1,4,0,4,4,4,4,0,0,0,4,4,0,4,4,4,4,4,4,4,4,4,0,3,0,4,0,0,0,2,0,0,0,0,0,2,1,0,1,NA,0,2,4,0,4,3,2,0,0,0,0,0,4,4,4,0,1,0,0,4,1,0,0,2,0,3,4,2,2,4,0,0,4,4,0,2,4,NA,0,4,4,4,0,4,0,2,2,2,4,0,4,4,3,0,4,4,4,0,4,4,2,4,2,4,0,4,4,0,0,0,4,4,4,4,0,0,4,0,0,0,1,4,1,0,0,2,2,0,0,3,1,4,4,4,4,2,2,0,4,4,2,3,4,0,3,4,1,4,4,4,4,4,2,3,3,4,3,2,0,0,3,1,4,4,0,0,4,4,4,0,0,0,0,4,4,4,0,0,0,0,3,0,4,4,4,0,0,4,4,4,4,4,0,4,1,1,4,3,3,4,0,1,2,4,0,4,4,0,2,3,0,3,3,0,4,1,0,0,0,4,0,0,4,4,0,4,3,4,4,4,4,0,1,4,0,4,2,4,4,2,4,4,0,0,3,0,3,2,0,0,0,3,4,0,4,4,4,3,4,0,4,4,4,0,2,0,1,4,2,4,4,4,4,4,4,0,4,4,4,4,0,3,0,4,4,0,0,0,1,4,0,2,4,0,0,0,4,4,4,4,4,4,0,0,4,0,0,1,3,4,4,4,4,0,3,3,0,0,4,3,2,0,0,0,4,4,4,0,4,4,2,0,0,4,3,4,0,0,4,0,4,4,4,4,4,0,0,4,0,4,0,4,3,4,4,4,4,1,2,4,4,0,4,4,4,2,2,4,2,1,2,2,4,1,0,0,4,4,4,0,0,4,4,2,2,2,4,0,2,4,2,1,0,4,4,0,4,4,0,4,3,3,4,4,4,0,0,4,0,1,0,1,4,0,1,4,1,4,0,2,0,0,1,1,0,4,2,0,4,4,4,3,2,0,0,4,4,0,0,1,0,0,4,0,3,4,4,0,1,0,4,0,3,0,1,3,2,2,1,4,3,0,3,1,3,2,4,2,4,0,4,0,0,4,4,4,0,4,0,0,4,4,2,4,4,4,0,4,3,2,4,4,4,0,4,1,4,3,0,3,0,0,4,4,3,0,4,4,4,0,2,4,3,2,4,3,1,4,4,4,4,4,3,1,3,0,4,4,1,3,2,0,3,3,0,1,4,0,4,4,0,4,4,0,4,4,4,3,4,3,4,0,3,4,4,4,3,4,4,4,4,4,3,0,4,4,4,0,2,4,0,3,4,1,3,0,4,2,0,0,0,4,4,4,4,2,0,4,3,0,4,4,4,2,1,4,4,4,0,4,3,4,0,4,3,3,4,1,0,3,3,3,NA,3,2,1,2,1,1,2,3,4,0,NA,4,4,4,1,3,2,0,4,0,0,4,3,4,0,4,4,0,4,0,1,2,1,2,0,0,4,0,0,4,0,0,0,1,4,4,0,4,3,0,0
15061604,3,2,1,3,1,3,1,4,3,1,1,2,0,0,3,1,3,4,0,3,0,2,4,1,1,4,4,0,3,0,0,4,0,0,4,1,4,4,0,3,3,1,2,4,4,1,1,1,3,0,0,4,0,4,4,4,4,4,3,1,4,0,2,4,3,1,0,3,4,0,0,3,0,4,3,2,3,3,4,3,2,2,0,3,1,NA,1,3,3,2,1,3,2,1,1,4,0,3,1,1,2,4,1,4,4,3,3,3,4,1,2,0,4,1,3,2,4,1,3,0,4,4,4,1,3,2,2,3,0,3,4,2,0,0,2,2,1,1,3,4,0,3,4,4,0,3,3,4,0,1,0,4,1,4,0,1,4,1,2,4,3,1,0,2,1,1,3,0,0,0,1,3,4,4,3,0,1,1,3,2,3,0,3,4,4,0,4,1,3,2,3,0,2,1,1,2,2,0,0,0,4,0,4,2,3,4,3,1,4,1,1,3,3,4,1,1,2,4,3,3,4,1,3,1,3,3,2,1,3,3,1,2,3,3,3,3,4,4,3,1,0,4,4,4,3,0,0,2,4,4,0,4,0,0,4,4,3,3,3,1,4,3,2,3,2,0,1,2,2,4,2,1,4,4,4,0,2,2,4,1,3,3,0,3,4,3,1,2,4,4,4,0,0,3,1,0,0,1,2,1,3,4,4,3,0,1,1,2,0,0,1,2,1,1,4,3,1,NA,1,4,3,4,4,3,1,2,4,0,4,0,4,3,3,0,1,3,2,4,0,2,4,3,4,0,0,0,4,4,NA,4,4,4,4,3,4,3,3,4,1,2,1,4,0,0,0,4,0,1,0,1,0,4,1,1,2,1,1,3,4,0,4,3,2,0,2,0,0,1,4,4,2,2,2,0,0,4,2,0,0,0,0,3,4,1,2,4,0,0,4,4,1,0,1,0,2,1,3,3,0,3,0,3,3,3,4,0,4,2,4,0,4,4,4,0,3,3,4,4,0,4,1,4,3,1,3,0,3,3,2,4,2,0,4,4,0,1,NA,4,0,1,2,1,1,0,1,4,3,4,4,2,4,1,0,0,4,4,0,3,2,3,3,3,0,3,4,4,3,4,4,3,3,4,3,1,0,0,2,1,4,4,0,0,3,4,4,2,1,0,0,4,3,3,0,1,1,0,4,0,4,3,4,0,0,3,4,1,3,2,2,4,3,1,4,0,1,3,1,0,3,4,1,4,2,2,4,1,3,0,4,1,4,3,2,0,1,3,0,0,3,3,0,4,2,4,4,4,3,0,2,3,0,3,1,3,1,3,3,3,3,2,2,2,4,0,0,0,0,1,4,1,4,3,3,4,3,1,4,4,0,0,3,NA,2,4,4,4,4,4,3,1,4,1,3,3,4,3,1,4,1,4,4,0,0,0,2,2,0,3,3,0,0,0,2,3,4,4,4,3,0,0,4,0,0,3,0,3,4,4,3,3,2,1,1,3,3,2,1,1,1,0,3,3,2,1,3,4,3,0,0,2,2,4,0,0,2,0,4,2,4,4,4,0,0,2,0,4,0,4,1,3,3,4,4,2,1,3,3,1,2,4,4,3,4,4,0,1,3,3,4,3,0,1,4,4,2,2,1,4,4,3,0,0,4,1,3,4,3,2,1,3,3,1,4,4,1,2,3,1,3,3,3,1,1,4,2,2,1,1,3,1,1,4,4,3,2,3,2,2,0,0,2,4,2,0,3,4,2,2,3,1,0,4,4,1,0,1,NA,2,4,0,4,3,3,1,0,3,2,4,1,0,3,1,3,3,1,3,2,0,1,3,4,2,4,3,4,1,4,2,1,2,3,3,1,3,1,1,4,2,0,4,4,3,0,4,0,2,3,4,4,0,4,1,3,4,0,2,0,2,4,3,1,0,4,4,3,2,2,4,3,3,1,2,1,3,3,0,3,4,2,0,2,0,4,4,1,3,4,0,4,4,0,3,4,0,4,4,0,4,4,0,4,4,4,2,3,2,4,0,3,4,3,4,2,4,4,3,4,4,2,0,1,3,1,0,1,3,0,2,4,0,3,1,4,2,NA,NA,1,4,2,2,NA,3,1,3,2,1,4,4,1,1,1,2,4,3,3,3,2,4,0,4,4,2,4,2,2,4,4,3,2,2,1,4,3,1,1,2,2,4,0,3,4,3,2,4,3,2,1,4,0,0,2,4,4,0,4,4,0,4,0,1,2,0,2,0,0,3,2,0,4,0,0,0,1,NA,3,0,4,2,0,0
15061912,4,2,0,4,0,4,2,4,4,0,0,1,2,0,4,1,3,4,0,3,1,1,4,0,0,2,3,1,0,0,0,4,0,0,4,2,4,3,0,4,3,3,1,4,2,4,4,1,2,0,0,4,0,3,3,4,4,4,4,0,4,2,0,2,4,0,0,4,4,0,1,4,0,2,4,2,3,2,4,4,3,0,0,4,0,0,0,4,2,4,0,4,1,0,0,3,0,4,0,0,1,4,0,4,4,4,4,4,4,0,2,0,2,0,4,4,3,1,4,0,4,4,4,0,3,3,1,2,0,4,4,1,1,0,1,4,0,3,4,4,0,3,4,3,0,4,4,4,0,0,0,4,2,4,0,0,4,0,4,4,3,1,0,4,0,0,2,0,0,0,4,2,4,4,4,2,0,0,4,3,4,0,4,3,4,0,4,1,0,2,4,0,4,0,0,3,1,0,0,0,4,0,3,1,2,4,4,1,3,0,1,4,4,4,0,0,1,2,4,1,2,0,4,3,1,3,0,2,1,4,2,2,4,3,2,0,4,4,3,4,0,4,4,3,4,0,0,0,4,4,0,3,0,0,4,3,2,2,4,0,4,4,2,4,2,0,0,2,4,3,3,0,4,4,4,0,4,2,4,0,4,0,2,1,1,4,1,0,1,2,4,0,0,4,3,0,0,1,3,1,4,1,4,2,1,0,3,4,0,0,1,3,0,1,4,4,0,0,0,4,3,4,4,3,0,4,4,0,4,0,4,4,4,0,2,2,0,4,0,4,4,4,4,0,0,0,4,4,0,4,3,4,4,3,3,4,4,4,0,1,0,4,0,2,0,4,0,0,1,0,0,4,4,1,1,2,0,3,4,0,4,3,4,0,0,0,0,0,4,4,2,0,2,0,0,4,2,0,1,2,0,3,4,3,3,4,0,0,4,4,0,3,3,0,1,3,4,3,0,4,0,1,3,2,4,0,4,3,3,0,4,1,4,1,4,4,3,4,0,4,0,4,4,2,0,0,1,4,4,4,1,0,1,3,1,0,0,4,1,0,3,1,0,0,0,4,0,4,4,4,4,3,0,0,4,2,3,2,4,2,4,4,1,4,4,4,2,4,1,2,2,4,3,2,0,0,3,0,4,4,1,2,3,4,4,1,0,0,0,4,4,4,0,0,0,0,3,0,4,4,4,0,0,4,4,4,3,4,0,4,2,2,4,0,0,3,1,3,4,4,2,4,4,0,4,1,1,1,3,0,4,1,0,0,0,4,0,0,4,4,0,4,2,4,4,4,4,0,1,4,1,3,2,3,3,4,2,4,1,2,1,2,4,0,0,0,0,2,4,0,4,4,4,4,4,0,4,4,2,0,3,0,2,3,4,4,4,4,4,3,3,0,4,4,4,4,0,4,0,3,4,0,0,0,3,4,0,3,4,0,0,1,2,4,4,4,4,4,0,0,4,0,1,4,1,4,4,4,NA,1,3,2,0,3,4,4,2,0,0,0,4,4,4,2,1,4,4,0,0,2,3,4,0,0,4,0,4,4,4,4,4,0,0,4,0,4,0,3,0,3,4,4,4,2,1,4,4,0,4,4,4,2,3,4,0,0,3,3,3,2,1,3,3,4,3,1,0,4,4,2,2,1,4,1,2,4,2,1,0,4,4,0,2,3,0,4,2,3,4,2,4,0,0,4,1,1,0,2,4,0,2,4,2,4,0,2,2,0,1,1,0,4,4,0,3,4,4,2,4,1,0,4,4,0,0,1,0,0,4,0,3,4,4,0,1,2,4,4,1,0,3,1,4,4,1,3,0,0,1,1,3,0,4,4,4,0,4,4,0,2,4,4,0,4,0,2,3,3,2,4,4,4,0,4,0,3,4,4,4,2,3,3,4,3,1,1,0,1,2,1,1,0,4,4,0,0,1,4,3,2,2,2,0,4,4,3,4,4,3,2,3,0,4,4,1,2,4,1,2,4,0,1,4,0,4,4,0,4,4,0,4,4,4,1,3,2,4,0,3,4,3,4,2,4,4,3,4,4,4,0,1,4,3,1,2,4,0,4,4,1,3,0,4,1,0,0,0,4,2,4,2,3,0,3,1,0,4,4,3,2,4,1,4,4,2,4,4,4,0,4,4,1,4,4,3,3,3,2,0,0,0,2,2,1,1,3,2,4,0,4,4,2,4,4,2,3,1,4,1,0,4,4,4,0,4,4,0,4,0,0,1,0,4,0,0,4,0,1,3,0,0,0,1,4,4,0,4,2,0,0
15061776,3,1,1,3,2,2,2,3,4,0,0,2,1,1,4,0,4,4,0,4,3,3,4,0,0,4,4,0,2,0,1,3,1,1,4,1,4,3,1,3,4,1,2,4,3,4,4,1,3,0,0,4,0,3,4,3,1,4,4,0,4,2,0,2,4,0,0,4,4,2,NA,4,0,3,4,4,1,1,4,4,0,2,1,4,0,1,1,4,3,3,1,4,1,0,0,4,0,3,0,1,1,4,1,4,4,4,4,4,4,2,0,1,3,1,4,2,4,1,4,0,4,4,4,1,3,1,1,1,0,3,4,2,1,0,2,3,1,4,3,4,1,4,4,4,0,4,4,4,0,0,0,3,0,4,0,0,4,1,4,4,4,2,0,0,1,0,2,0,0,0,3,4,2,4,3,2,3,2,2,4,4,1,3,3,4,0,4,1,1,2,3,0,4,1,0,2,2,1,1,0,3,0,4,2,4,4,4,1,4,0,2,4,3,4,1,0,1,2,4,3,4,1,4,3,1,4,1,3,3,4,3,2,4,3,2,2,4,3,2,1,2,4,4,4,2,0,0,1,4,4,0,4,1,1,4,3,2,4,4,0,4,4,3,3,3,1,0,3,3,4,4,0,4,4,3,0,3,2,4,1,4,2,0,1,4,4,2,0,4,3,4,0,1,2,0,0,0,3,2,1,4,4,4,2,0,1,2,3,0,0,3,3,0,1,4,3,1,0,0,4,1,4,4,2,1,1,4,0,3,0,4,4,4,0,1,3,0,4,0,2,3,4,4,0,0,0,4,4,0,4,3,4,4,3,3,4,4,4,0,3,0,3,0,1,0,3,2,2,1,0,0,3,3,1,2,2,0,2,4,0,4,3,3,0,0,0,1,1,4,4,4,1,2,0,0,4,2,0,1,1,0,2,4,1,1,4,0,0,4,4,1,3,3,0,2,2,4,3,1,4,0,1,3,1,4,0,4,3,4,0,4,2,3,0,4,2,2,4,0,4,0,4,4,1,1,1,2,4,4,4,0,0,3,2,0,0,1,4,1,0,2,0,2,0,1,4,2,4,3,4,3,4,1,0,4,4,2,3,4,1,4,3,1,3,4,3,2,4,0,2,2,4,3,0,0,0,2,2,4,4,0,1,3,3,4,0,0,0,0,4,4,4,0,0,1,0,4,0,4,4,4,1,1,3,3,2,3,4,2,4,1,2,4,1,2,4,0,1,3,4,1,4,3,1,4,1,0,1,3,2,3,3,0,1,0,3,0,0,3,4,0,4,4,4,4,3,4,0,2,3,1,4,1,2,2,3,3,3,1,0,2,0,2,1,0,1,0,2,4,0,4,4,4,3,3,2,4,3,2,0,3,0,1,4,4,4,3,4,4,3,4,0,4,4,4,4,0,3,0,3,4,0,0,0,2,3,0,1,4,0,0,1,3,3,3,3,3,4,0,1,3,0,0,3,2,4,4,4,4,1,4,3,0,0,4,3,1,2,0,0,4,4,3,2,3,4,1,1,1,4,4,3,0,0,4,0,4,4,4,4,4,0,0,4,0,4,0,3,3,3,3,4,4,4,0,3,3,1,3,4,4,3,3,3,1,0,1,2,4,1,0,1,4,4,4,2,0,4,3,3,1,1,3,0,1,2,3,0,0,4,4,1,3,3,1,3,3,1,2,4,3,1,1,3,2,0,0,3,4,0,3,4,3,4,0,0,0,0,3,2,0,4,2,1,4,4,4,2,3,0,1,4,4,1,0,0,1,1,4,0,4,4,4,0,0,4,4,4,2,0,2,1,4,4,2,3,2,1,1,2,2,1,4,4,4,1,4,1,1,3,4,4,0,4,0,NA,3,4,1,4,4,4,0,4,2,2,4,4,4,2,3,1,4,4,1,1,0,1,3,3,0,0,3,4,3,0,1,4,3,2,4,3,2,3,4,2,4,4,2,1,3,0,4,4,1,4,3,0,3,3,0,2,3,0,4,4,0,4,4,0,3,3,4,1,1,2,4,1,4,4,4,3,3,3,4,4,4,3,4,0,3,4,4,1,1,4,0,3,4,1,3,0,4,3,0,0,1,4,2,4,3,3,1,4,2,1,3,3,1,1,1,3,4,2,2,4,4,4,0,4,4,2,4,3,2,3,3,2,0,2,0,3,3,1,1,2,0,4,0,3,4,1,3,4,3,4,0,4,0,0,4,4,3,1,3,4,0,3,1,0,2,0,4,0,0,4,1,0,4,0,0,1,0,4,2,1,4,1,0,0
15060112,4,2,0,4,0,4,2,4,3,0,0,1,0,0,3,3,3,3,0,4,2,0,4,0,0,4,4,0,2,0,0,4,0,0,3,2,4,3,0,4,2,1,3,4,2,4,4,1,3,0,0,4,0,4,3,4,3,4,4,0,4,2,2,2,4,0,0,4,4,1,0,4,0,3,4,4,2,1,4,4,1,2,0,4,0,0,1,4,2,4,0,4,0,0,0,4,0,4,0,0,0,4,1,4,4,4,4,4,4,0,0,0,4,0,4,2,3,2,4,0,4,4,4,0,2,1,0,3,0,4,4,3,2,1,0,4,0,1,4,4,0,3,3,4,0,4,4,4,0,0,0,4,0,4,0,0,4,0,4,4,4,2,0,1,0,0,2,0,0,0,4,4,4,4,4,0,0,0,4,4,4,1,3,3,4,0,4,2,1,3,3,0,4,0,0,2,1,0,0,0,4,0,4,3,4,4,4,1,4,0,0,4,4,4,0,0,1,2,4,2,3,0,4,2,1,3,1,2,1,4,0,3,4,4,1,1,4,3,2,3,0,4,4,3,4,0,0,2,4,4,0,4,0,0,4,4,3,4,4,0,4,4,2,2,3,0,1,3,4,4,3,0,4,4,4,1,4,2,4,0,4,2,0,0,4,3,2,0,1,3,4,0,0,3,2,0,0,4,2,1,4,1,4,3,0,0,4,4,0,0,1,3,0,0,4,4,0,0,0,4,2,4,4,3,0,1,4,0,4,0,4,4,4,1,2,4,0,4,0,4,4,3,4,0,0,0,4,4,0,4,4,4,4,3,3,4,4,4,0,1,0,4,0,0,0,3,0,0,0,0,0,3,4,0,2,1,0,3,4,0,4,1,4,0,0,0,0,0,3,4,4,1,1,0,0,4,1,0,0,1,0,4,4,0,0,3,0,0,4,4,0,3,2,1,2,2,4,3,0,4,0,0,3,2,4,0,4,3,1,0,4,4,4,0,4,4,2,3,2,4,0,4,4,2,0,0,2,4,4,4,0,0,3,2,1,0,0,4,1,0,1,1,2,0,1,3,0,4,4,4,4,3,2,0,4,4,1,0,4,2,4,4,1,4,3,3,4,4,2,2,2,4,4,2,0,0,3,0,4,4,1,3,3,4,4,0,0,0,0,4,4,4,0,0,0,0,4,0,4,4,4,1,0,3,4,2,3,4,0,4,1,3,4,2,2,4,1,1,3,4,2,4,3,0,4,2,0,2,2,1,4,1,0,1,0,4,0,0,4,4,0,4,2,4,4,4,4,0,0,4,0,4,2,1,1,3,3,3,2,1,2,1,2,1,0,0,0,2,4,2,4,4,4,4,4,0,4,4,3,0,3,0,0,3,3,4,4,4,4,4,4,0,4,4,4,4,0,3,1,4,4,0,0,0,2,4,0,4,4,0,0,0,3,4,4,4,4,4,0,0,4,0,0,3,3,4,4,4,4,1,3,2,0,1,4,2,1,0,0,0,3,4,3,2,3,4,1,0,0,3,3,3,0,0,4,0,4,3,4,4,4,0,0,4,0,4,0,4,1,4,4,4,4,3,1,3,4,0,4,4,4,2,4,4,0,0,4,4,4,2,0,0,4,3,4,2,0,3,3,4,0,0,4,0,1,4,1,1,0,3,3,0,4,4,0,4,2,4,3,3,4,0,0,4,1,1,0,1,4,0,2,4,2,4,1,3,1,1,1,0,2,4,3,0,3,4,4,4,3,1,0,4,4,0,0,0,0,0,4,0,3,4,4,0,0,1,4,2,2,0,2,2,3,3,1,3,1,0,1,1,3,2,4,3,3,0,4,2,0,3,4,4,0,4,0,1,3,3,2,4,3,4,0,4,2,3,3,4,4,1,4,2,3,4,1,2,0,2,3,2,2,0,4,4,3,0,1,4,2,3,3,4,1,2,4,2,4,4,1,3,4,0,4,4,0,1,2,1,3,4,0,1,4,0,4,4,0,4,4,0,4,4,4,1,1,3,4,0,2,4,4,4,1,4,4,4,4,4,3,0,2,4,3,1,2,4,0,4,4,1,4,0,4,2,0,0,1,4,2,4,4,2,0,4,2,1,4,4,3,2,2,2,4,4,1,4,3,4,0,4,3,1,4,2,1,3,3,1,2,2,2,4,4,0,0,1,2,4,0,4,4,4,4,3,4,1,0,4,1,0,4,3,4,0,4,4,0,4,0,1,2,1,1,0,0,4,0,0,4,0,0,2,0,4,4,2,4,3,0,0
15061299,3,3,0,4,0,4,0,3,4,0,2,2,1,0,1,3,3,4,0,3,1,1,4,1,1,4,4,0,1,0,1,3,1,2,4,2,4,3,0,4,4,3,1,4,2,4,4,1,2,0,0,4,0,3,3,2,4,4,4,0,4,1,2,3,3,1,0,3,4,1,0,4,0,3,4,4,1,2,4,3,3,3,1,4,0,0,1,2,3,4,1,4,1,0,0,4,0,4,0,0,0,3,2,4,4,3,4,4,4,0,2,1,4,0,4,1,3,2,4,0,4,4,4,1,4,1,0,3,0,4,4,2,2,0,2,4,0,2,3,4,0,2,3,4,0,3,3,4,0,1,1,3,0,4,0,1,4,0,4,4,3,1,1,1,1,0,3,0,0,0,4,4,3,4,3,0,1,1,3,3,4,3,4,2,4,0,4,3,0,3,3,0,4,0,0,1,1,1,1,0,3,0,3,3,3,3,4,1,4,0,1,4,4,4,1,0,2,1,4,2,3,1,3,2,0,4,3,3,3,4,1,4,4,4,1,2,4,4,2,4,1,4,4,3,3,0,0,2,4,4,1,4,1,1,4,3,2,3,4,1,3,3,4,0,4,0,2,3,3,4,4,0,4,4,3,0,3,2,4,0,4,2,0,0,3,3,2,0,2,2,4,0,1,2,1,0,0,3,2,2,4,1,4,3,1,0,3,4,0,0,0,NA,0,0,1,4,1,1,1,4,3,4,4,3,1,2,4,1,4,0,4,4,4,0,3,4,0,4,0,4,4,3,4,1,0,0,4,4,0,4,3,4,4,4,4,4,4,4,0,3,0,4,0,0,0,3,1,1,0,0,0,3,4,0,2,1,0,3,3,0,3,0,3,0,0,0,2,0,3,4,4,2,0,0,0,4,1,0,1,1,0,3,3,0,0,4,0,0,4,4,0,3,3,0,1,3,3,4,1,4,0,0,3,1,4,0,4,1,3,0,4,3,2,0,4,4,2,3,2,4,2,4,4,1,0,0,1,4,4,4,0,0,2,4,0,0,0,4,2,0,1,2,3,0,1,2,2,4,3,4,4,4,2,0,2,4,1,1,4,1,4,3,2,3,3,4,2,4,2,1,1,3,4,1,0,0,2,0,4,4,0,2,4,4,4,0,0,0,0,3,4,4,0,0,0,0,3,0,4,3,4,1,0,4,3,2,2,4,2,4,1,3,3,2,2,3,0,1,3,4,1,4,4,1,4,2,0,0,1,2,4,0,0,1,0,2,0,0,2,4,0,4,2,4,4,3,4,0,1,4,0,4,0,1,1,3,3,4,3,3,2,1,2,1,0,0,0,2,4,2,3,4,4,4,3,1,3,3,2,1,3,0,0,3,4,4,4,3,4,4,4,1,4,4,4,4,1,2,3,2,4,0,0,0,2,3,0,2,4,0,0,1,2,3,3,3,3,4,0,1,3,0,0,4,3,4,4,4,4,1,2,1,1,1,4,1,0,1,0,0,4,4,3,1,2,2,3,0,0,3,2,3,0,0,4,0,4,3,4,4,4,0,0,4,0,4,0,4,2,4,4,4,4,3,1,4,3,1,4,3,4,3,4,3,0,0,2,2,4,1,0,0,4,4,3,3,0,NA,4,4,0,0,4,1,0,4,1,2,2,1,1,0,4,4,0,2,3,3,2,2,4,0,0,3,0,1,1,1,3,1,1,4,4,3,2,3,2,2,1,0,2,4,3,0,3,3,4,4,3,0,0,4,4,0,0,0,0,0,4,0,3,2,4,0,0,1,4,4,3,2,1,3,3,3,2,2,2,2,2,NA,3,2,4,3,3,0,3,3,1,3,4,3,0,4,0,1,3,2,2,2,4,4,0,4,0,3,3,4,4,3,2,3,4,4,3,1,0,4,4,1,1,0,3,4,2,0,1,4,3,3,3,4,1,3,4,2,4,4,1,3,4,0,3,4,1,3,2,1,2,4,0,0,4,0,4,4,0,4,4,0,2,4,4,2,0,3,2,0,3,4,4,4,2,3,4,4,4,3,3,0,0,4,1,1,2,3,1,3,3,2,4,0,4,2,0,0,0,4,3,4,3,3,0,3,2,0,4,4,2,2,3,2,4,2,2,4,2,4,0,4,2,1,3,3,3,4,4,1,1,2,2,4,4,1,1,2,2,3,1,3,4,2,3,3,4,2,0,4,0,0,4,3,4,0,4,4,0,4,0,1,2,1,2,0,0,3,0,0,4,0,0,1,0,4,3,1,4,2,0,0
